condition,moderator,moderator_level,outcome,mean
control,gender,Male,trust_multidimensional,55.94199999999999
control,gender,Female,trust_multidimensional,59.94199999999999
control,gender,Other,trust_multidimensional,59.94199999999999
control,age_band,18-29,trust_multidimensional,59.87427777789999
control,age_band,30-44,trust_multidimensional,58.87427777789999
control,age_band,45-59,trust_multidimensional,56.87427777789999
control,age_band,60+,trust_multidimensional,56.87427777789999
control,race,White / Caucasian,trust_multidimensional,57.30605555560001
control,race,Black / African American,trust_multidimensional,59.30605555560001
control,race,Hispanic / Latino,trust_multidimensional,58.30605555560001
control,race,Asian / Asian American,trust_multidimensional,61.30605555560001
control,race,Other,trust_multidimensional,57.30605555560001
control,education,Less than high school,trust_multidimensional,52.90899999999999
control,education,High school diploma / GED,trust_multidimensional,55.90899999999999
control,education,Some college or Associate's degree,trust_multidimensional,56.90899999999999
control,education,Bachelor's degree,trust_multidimensional,60.90899999999999
control,education,Master's degree / Professional degree,trust_multidimensional,62.90899999999999
control,education,Doctorate degree / Ph.D.,trust_multidimensional,65.90899999999999
control,income,"Less than $30,000",trust_multidimensional,53.879999999999995
control,income,"$30,000 to $55,999",trust_multidimensional,55.879999999999995
control,income,"$56,000 to $99,999",trust_multidimensional,57.879999999999995
control,income,"$100,000 to $167,999",trust_multidimensional,59.879999999999995
control,income,"$168,000 or more",trust_multidimensional,61.879999999999995
control,party,Republican,trust_multidimensional,44.224999999999994
control,party,Democrat,trust_multidimensional,72.225
control,party,Independent,trust_multidimensional,57.724999999999994
control,party,Other,trust_multidimensional,58.224999999999994
control,gender,Male,trust_post,60.047399999999996
control,gender,Female,trust_post,62.84739999999999
control,gender,Other,trust_post,64.0474
control,age_band,18-29,trust_post,63.42007777789999
control,age_band,30-44,trust_post,62.42007777789999
control,age_band,45-59,trust_post,60.22007777789999
control,age_band,60+,trust_post,60.42007777789999
control,race,White / Caucasian,trust_post,60.62092222224
control,race,Black / African American,trust_post,63.420922222239994
control,race,Hispanic / Latino,trust_post,62.420922222239994
control,race,Asian / Asian American,trust_post,63.420922222239994
control,race,Other,trust_post,61.420922222239994
control,education,Less than high school,trust_post,56.754999999999995
control,education,High school diploma / GED,trust_post,59.254999999999995
control,education,Some college or Associate's degree,trust_post,60.754999999999995
control,education,Bachelor's degree,trust_post,63.754999999999995
control,education,Master's degree / Professional degree,trust_post,66.755
control,education,Doctorate degree / Ph.D.,trust_post,69.755
control,income,"Less than $30,000",trust_post,56.64999999999999
control,income,"$30,000 to $55,999",trust_post,59.14999999999999
control,income,"$56,000 to $99,999",trust_post,61.64999999999999
control,income,"$100,000 to $167,999",trust_post,63.64999999999999
control,income,"$168,000 or more",trust_post,65.64999999999999
control,party,Republican,trust_post,48.41
control,party,Democrat,trust_post,76.41
control,party,Independent,trust_post,60.41
control,party,Other,trust_post,61.41
control,gender,Male,distrust_post,40.543499999999995
control,gender,Female,distrust_post,37.543499999999995
control,gender,Other,distrust_post,37.543499999999995
control,age_band,18-29,distrust_post,36.66230555534999
control,age_band,30-44,distrust_post,37.66230555534999
control,age_band,45-59,distrust_post,39.66230555534999
control,age_band,60+,distrust_post,41.16230555534999
control,race,White / Caucasian,distrust_post,39.670833333350004
control,race,Black / African American,distrust_post,37.670833333350004
control,race,Hispanic / Latino,distrust_post,38.170833333350004
control,race,Asian / Asian American,distrust_post,37.170833333350004
control,race,Other,distrust_post,40.170833333350004
control,education,Less than high school,distrust_post,43.59599999999999
control,education,High school diploma / GED,distrust_post,41.59599999999999
control,education,Some college or Associate's degree,distrust_post,39.59599999999999
control,education,Bachelor's degree,distrust_post,36.59599999999999
control,education,Master's degree / Professional degree,distrust_post,33.59599999999999
control,education,Doctorate degree / Ph.D.,distrust_post,31.595999999999993
control,income,"Less than $30,000",distrust_post,43.11999999999999
control,income,"$30,000 to $55,999",distrust_post,41.11999999999999
control,income,"$56,000 to $99,999",distrust_post,39.11999999999999
control,income,"$100,000 to $167,999",distrust_post,37.11999999999999
control,income,"$168,000 or more",distrust_post,35.11999999999999
control,party,Republican,distrust_post,52.00999999999999
control,party,Democrat,distrust_post,26.009999999999994
control,party,Independent,distrust_post,39.00999999999999
control,party,Other,distrust_post,38.00999999999999
control,gender,Male,funding_perceptions,54.66475000000001
control,gender,Female,funding_perceptions,59.16475000000001
control,gender,Other,funding_perceptions,61.16475000000001
control,age_band,18-29,funding_perceptions,60.674027778050004
control,age_band,30-44,funding_perceptions,58.674027778050004
control,age_band,45-59,funding_perceptions,55.674027778050004
control,age_band,60+,funding_perceptions,54.174027778050004
control,race,White / Caucasian,funding_perceptions,54.3443888889
control,race,Black / African American,funding_perceptions,62.3443888889
control,race,Hispanic / Latino,funding_perceptions,61.3443888889
control,race,Asian / Asian American,funding_perceptions,58.3443888889
control,race,Other,funding_perceptions,59.3443888889
control,education,Less than high school,funding_perceptions,51.132000000000005
control,education,High school diploma / GED,funding_perceptions,54.132000000000005
control,education,Some college or Associate's degree,funding_perceptions,56.132000000000005
control,education,Bachelor's degree,funding_perceptions,60.132000000000005
control,education,Master's degree / Professional degree,funding_perceptions,63.132000000000005
control,education,Doctorate degree / Ph.D.,funding_perceptions,66.132
control,income,"Less than $30,000",funding_perceptions,53.08
control,income,"$30,000 to $55,999",funding_perceptions,55.08
control,income,"$56,000 to $99,999",funding_perceptions,57.08
control,income,"$100,000 to $167,999",funding_perceptions,59.08
control,income,"$168,000 or more",funding_perceptions,60.08
control,party,Republican,funding_perceptions,42.53999999999999
control,party,Democrat,funding_perceptions,75.53999999999999
control,party,Independent,funding_perceptions,54.53999999999999
control,party,Other,funding_perceptions,57.53999999999999
control,gender,Male,policy_role_mean,57.17425
control,gender,Female,policy_role_mean,60.67425
control,gender,Other,policy_role_mean,63.17425
control,age_band,18-29,policy_role_mean,62.16033333359999
control,age_band,30-44,policy_role_mean,60.66033333359999
control,age_band,45-59,policy_role_mean,58.16033333359999
control,age_band,60+,policy_role_mean,56.16033333359999
control,race,White / Caucasian,policy_role_mean,57.21600000000001
control,race,Black / African American,policy_role_mean,63.21600000000001
control,race,Hispanic / Latino,policy_role_mean,61.21600000000001
control,race,Asian / Asian American,policy_role_mean,61.21600000000001
control,race,Other,policy_role_mean,59.21600000000001
control,education,Less than high school,policy_role_mean,53.48899999999999
control,education,High school diploma / GED,policy_role_mean,56.48899999999999
control,education,Some college or Associate's degree,policy_role_mean,58.48899999999999
control,education,Bachelor's degree,policy_role_mean,61.48899999999999
control,education,Master's degree / Professional degree,policy_role_mean,64.48899999999999
control,education,Doctorate degree / Ph.D.,policy_role_mean,67.48899999999999
control,income,"Less than $30,000",policy_role_mean,55.08
control,income,"$30,000 to $55,999",policy_role_mean,57.08
control,income,"$56,000 to $99,999",policy_role_mean,59.08
control,income,"$100,000 to $167,999",policy_role_mean,61.08
control,income,"$168,000 or more",policy_role_mean,62.08
control,party,Republican,policy_role_mean,43.94499999999999
control,party,Democrat,policy_role_mean,74.945
control,party,Independent,policy_role_mean,58.44499999999999
control,party,Other,policy_role_mean,59.94499999999999
control,gender,Male,inst_trust_mean,51.971000000000004
control,gender,Female,inst_trust_mean,53.971000000000004
control,gender,Other,inst_trust_mean,53.971000000000004
control,age_band,18-29,inst_trust_mean,52.73955555559999
control,age_band,30-44,inst_trust_mean,53.73955555559999
control,age_band,45-59,inst_trust_mean,52.73955555559999
control,age_band,60+,inst_trust_mean,52.73955555559999
control,race,White / Caucasian,inst_trust_mean,53.24438888889999
control,race,Black / African American,inst_trust_mean,53.24438888889999
control,race,Hispanic / Latino,inst_trust_mean,51.24438888889999
control,race,Asian / Asian American,inst_trust_mean,56.24438888889999
control,race,Other,inst_trust_mean,50.24438888889999
control,education,Less than high school,inst_trust_mean,47.272999999999996
control,education,High school diploma / GED,inst_trust_mean,50.272999999999996
control,education,Some college or Associate's degree,inst_trust_mean,52.272999999999996
control,education,Bachelor's degree,inst_trust_mean,56.272999999999996
control,education,Master's degree / Professional degree,inst_trust_mean,58.272999999999996
control,education,Doctorate degree / Ph.D.,inst_trust_mean,61.272999999999996
control,income,"Less than $30,000",inst_trust_mean,49.69999999999999
control,income,"$30,000 to $55,999",inst_trust_mean,50.69999999999999
control,income,"$56,000 to $99,999",inst_trust_mean,52.69999999999999
control,income,"$100,000 to $167,999",inst_trust_mean,54.69999999999999
control,income,"$168,000 or more",inst_trust_mean,56.69999999999999
control,party,Republican,inst_trust_mean,42.18
control,party,Democrat,inst_trust_mean,65.18
control,party,Independent,inst_trust_mean,52.18
control,party,Other,inst_trust_mean,53.18
control,gender,Male,belief_post,65.4075
control,gender,Female,belief_post,70.4075
control,gender,Other,belief_post,72.4075
control,age_band,18-29,belief_post,72.54694444469999
control,age_band,30-44,belief_post,69.54694444469999
control,age_band,45-59,belief_post,65.54694444469999
control,age_band,60+,belief_post,65.54694444469999
control,race,White / Caucasian,belief_post,65.49099999999999
control,race,Black / African American,belief_post,72.49099999999999
control,race,Hispanic / Latino,belief_post,71.49099999999999
control,race,Asian / Asian American,belief_post,73.49099999999999
control,race,Other,belief_post,66.49099999999999
control,education,Less than high school,belief_post,59.98599999999998
control,education,High school diploma / GED,belief_post,62.98599999999998
control,education,Some college or Associate's degree,belief_post,66.98599999999999
control,education,Bachelor's degree,belief_post,72.98599999999999
control,education,Master's degree / Professional degree,belief_post,76.98599999999999
control,education,Doctorate degree / Ph.D.,belief_post,80.98599999999999
control,income,"Less than $30,000",belief_post,62.419999999999995
control,income,"$30,000 to $55,999",belief_post,65.41999999999999
control,income,"$56,000 to $99,999",belief_post,68.41999999999999
control,income,"$100,000 to $167,999",belief_post,70.41999999999999
control,income,"$168,000 or more",belief_post,72.41999999999999
control,party,Republican,belief_post,48.989999999999995
control,party,Democrat,belief_post,86.99
control,party,Independent,belief_post,67.99
control,party,Other,belief_post,68.99
control,gender,Male,concern_mean,57.893
control,gender,Female,concern_mean,63.893
control,gender,Other,concern_mean,65.893
control,age_band,18-29,concern_mean,64.8285000003
control,age_band,30-44,concern_mean,62.8285000003
control,age_band,45-59,concern_mean,59.8285000003
control,age_band,60+,concern_mean,57.8285000003
control,race,White / Caucasian,concern_mean,58.4825555555
control,race,Black / African American,concern_mean,65.4825555555
control,race,Hispanic / Latino,concern_mean,65.4825555555
control,race,Asian / Asian American,concern_mean,63.4825555555
control,race,Other,concern_mean,60.4825555555
control,education,Less than high school,concern_mean,55.262
control,education,High school diploma / GED,concern_mean,57.762
control,education,Some college or Associate's degree,concern_mean,60.262
control,education,Bachelor's degree,concern_mean,64.262
control,education,Master's degree / Professional degree,concern_mean,67.262
control,education,Doctorate degree / Ph.D.,concern_mean,70.262
control,income,"Less than $30,000",concern_mean,57.0
control,income,"$30,000 to $55,999",concern_mean,59.0
control,income,"$56,000 to $99,999",concern_mean,60.5
control,income,"$100,000 to $167,999",concern_mean,63.0
control,income,"$168,000 or more",concern_mean,65.0
control,party,Republican,concern_mean,43.709999999999994
control,party,Democrat,concern_mean,78.71
control,party,Independent,concern_mean,60.709999999999994
control,party,Other,concern_mean,62.709999999999994
control,gender,Male,policy_general,60.912000000000006
control,gender,Female,policy_general,64.912
control,gender,Other,policy_general,67.912
control,age_band,18-29,policy_general,67.52091666704999
control,age_band,30-44,policy_general,65.52091666704999
control,age_band,45-59,policy_general,61.520916667049995
control,age_band,60+,policy_general,59.020916667049995
control,race,White / Caucasian,policy_general,60.0103333333
control,race,Black / African American,policy_general,69.5103333333
control,race,Hispanic / Latino,policy_general,67.5103333333
control,race,Asian / Asian American,policy_general,65.5103333333
control,race,Other,policy_general,63.5103333333
control,education,Less than high school,policy_general,55.458999999999996
control,education,High school diploma / GED,policy_general,59.458999999999996
control,education,Some college or Associate's degree,policy_general,62.458999999999996
control,education,Bachelor's degree,policy_general,66.459
control,education,Master's degree / Professional degree,policy_general,70.459
control,education,Doctorate degree / Ph.D.,policy_general,73.459
control,income,"Less than $30,000",policy_general,57.019999999999996
control,income,"$30,000 to $55,999",policy_general,60.019999999999996
control,income,"$56,000 to $99,999",policy_general,63.019999999999996
control,income,"$100,000 to $167,999",policy_general,66.02
control,income,"$168,000 or more",policy_general,68.02
control,party,Republican,policy_general,43.89
control,party,Democrat,policy_general,83.89
control,party,Independent,policy_general,61.89
control,party,Other,policy_general,64.89
control,gender,Male,policy_specific_mean,55.91199999999999
control,gender,Female,policy_specific_mean,59.91199999999999
control,gender,Other,policy_specific_mean,62.91199999999999
control,age_band,18-29,policy_specific_mean,62.366444444799995
control,age_band,30-44,policy_specific_mean,60.366444444799995
control,age_band,45-59,policy_specific_mean,56.366444444799995
control,age_band,60+,policy_specific_mean,54.366444444799995
control,race,White / Caucasian,policy_specific_mean,55.7578888888
control,race,Black / African American,policy_specific_mean,62.7578888888
control,race,Hispanic / Latino,policy_specific_mean,61.7578888888
control,race,Asian / Asian American,policy_specific_mean,59.7578888888
control,race,Other,policy_specific_mean,56.7578888888
control,education,Less than high school,policy_specific_mean,51.77499999999999
control,education,High school diploma / GED,policy_specific_mean,54.77499999999999
control,education,Some college or Associate's degree,policy_specific_mean,56.77499999999999
control,education,Bachelor's degree,policy_specific_mean,61.77499999999999
control,education,Master's degree / Professional degree,policy_specific_mean,64.77499999999999
control,education,Doctorate degree / Ph.D.,policy_specific_mean,67.77499999999999
control,income,"Less than $30,000",policy_specific_mean,54.11999999999999
control,income,"$30,000 to $55,999",policy_specific_mean,56.11999999999999
control,income,"$56,000 to $99,999",policy_specific_mean,57.11999999999999
control,income,"$100,000 to $167,999",policy_specific_mean,60.11999999999999
control,income,"$168,000 or more",policy_specific_mean,62.11999999999999
control,party,Republican,policy_specific_mean,39.449999999999996
control,party,Democrat,policy_specific_mean,77.44999999999999
control,party,Independent,policy_specific_mean,57.449999999999996
control,party,Other,policy_specific_mean,58.449999999999996
control,gender,Male,behavior_mean,53.882999999999996
control,gender,Female,behavior_mean,59.882999999999996
control,gender,Other,behavior_mean,62.882999999999996
control,age_band,18-29,behavior_mean,62.16483333369999
control,age_band,30-44,behavior_mean,59.16483333369999
control,age_band,45-59,behavior_mean,55.16483333369999
control,age_band,60+,behavior_mean,53.16483333369999
control,race,White / Caucasian,behavior_mean,54.644833333299985
control,race,Black / African American,behavior_mean,60.644833333299985
control,race,Hispanic / Latino,behavior_mean,61.644833333299985
control,race,Asian / Asian American,behavior_mean,58.644833333299985
control,race,Other,behavior_mean,57.644833333299985
control,education,Less than high school,behavior_mean,50.515
control,education,High school diploma / GED,behavior_mean,53.515
control,education,Some college or Associate's degree,behavior_mean,56.515
control,education,Bachelor's degree,behavior_mean,60.515
control,education,Master's degree / Professional degree,behavior_mean,63.515
control,education,Doctorate degree / Ph.D.,behavior_mean,65.515
control,income,"Less than $30,000",behavior_mean,52.44
control,income,"$30,000 to $55,999",behavior_mean,54.44
control,income,"$56,000 to $99,999",behavior_mean,57.44
control,income,"$100,000 to $167,999",behavior_mean,59.44
control,income,"$168,000 or more",behavior_mean,60.44
control,party,Republican,behavior_mean,40.43
control,party,Democrat,behavior_mean,74.43
control,party,Independent,behavior_mean,56.43
control,party,Other,behavior_mean,59.43
control,gender,Male,donation_ams,3.5981000000000005
control,gender,Female,donation_ams,3.7981
control,gender,Other,donation_ams,3.6981
control,age_band,18-29,donation_ams,3.4018388888700004
control,age_band,30-44,donation_ams,3.6018388888700006
control,age_band,45-59,donation_ams,3.80183888887
control,age_band,60+,donation_ams,3.9018388888700004
control,race,White / Caucasian,donation_ams,3.7273222222299998
control,race,Black / African American,donation_ams,3.62732222223
control,race,Hispanic / Latino,donation_ams,3.5273222222299996
control,race,Asian / Asian American,donation_ams,4.127322222229999
control,race,Other,donation_ams,3.5273222222299996
control,education,Less than high school,donation_ams,3.1176000000000004
control,education,High school diploma / GED,donation_ams,3.3175999999999997
control,education,Some college or Associate's degree,donation_ams,3.6176000000000004
control,education,Bachelor's degree,donation_ams,4.1175999999999995
control,education,Master's degree / Professional degree,donation_ams,4.3176
control,education,Doctorate degree / Ph.D.,donation_ams,4.6175999999999995
control,income,"Less than $30,000",donation_ams,3.018
control,income,"$30,000 to $55,999",donation_ams,3.3179999999999996
control,income,"$56,000 to $99,999",donation_ams,3.718
control,income,"$100,000 to $167,999",donation_ams,4.018
control,income,"$168,000 or more",donation_ams,4.3180000000000005
control,party,Republican,donation_ams,2.9079999999999995
control,party,Democrat,donation_ams,4.808
control,party,Independent,donation_ams,3.508
control,party,Other,donation_ams,3.808
control,gender,Male,newsletter_signup,0.17922
control,gender,Female,newsletter_signup,0.21921999999999997
control,gender,Other,newsletter_signup,0.23922
control,age_band,18-29,newsletter_signup,0.24675388889299998
control,age_band,30-44,newsletter_signup,0.22675388889300002
control,age_band,45-59,newsletter_signup,0.186753888893
control,age_band,60+,newsletter_signup,0.15675388889300002
control,race,White / Caucasian,newsletter_signup,0.17521944444399995
control,race,Black / African American,newsletter_signup,0.24521944444399996
control,race,Hispanic / Latino,newsletter_signup,0.24521944444399996
control,race,Asian / Asian American,newsletter_signup,0.21521944444399999
control,race,Other,newsletter_signup,0.20521944444399998
control,education,Less than high school,newsletter_signup,0.15403999999999995
control,education,High school diploma / GED,newsletter_signup,0.17403999999999997
control,education,Some college or Associate's degree,newsletter_signup,0.19404
control,education,Bachelor's degree,newsletter_signup,0.22403999999999996
control,education,Master's degree / Professional degree,newsletter_signup,0.25404
control,education,Doctorate degree / Ph.D.,newsletter_signup,0.27404
control,income,"Less than $30,000",newsletter_signup,0.15439999999999998
control,income,"$30,000 to $55,999",newsletter_signup,0.1744
control,income,"$56,000 to $99,999",newsletter_signup,0.20439999999999997
control,income,"$100,000 to $167,999",newsletter_signup,0.2244
control,income,"$168,000 or more",newsletter_signup,0.2344
control,party,Republican,newsletter_signup,0.12169999999999999
control,party,Democrat,newsletter_signup,0.29169999999999996
control,party,Independent,newsletter_signup,0.19169999999999998
control,party,Other,newsletter_signup,0.2117
Corporate reliance,gender,Male,trust_multidimensional,57.042
Corporate reliance,gender,Female,trust_multidimensional,61.042
Corporate reliance,gender,Other,trust_multidimensional,61.042
Corporate reliance,age_band,18-29,trust_multidimensional,60.9742777779
Corporate reliance,age_band,30-44,trust_multidimensional,59.9742777779
Corporate reliance,age_band,45-59,trust_multidimensional,57.9742777779
Corporate reliance,age_band,60+,trust_multidimensional,57.9742777779
Corporate reliance,race,White / Caucasian,trust_multidimensional,58.4060555556
Corporate reliance,race,Black / African American,trust_multidimensional,60.4060555556
Corporate reliance,race,Hispanic / Latino,trust_multidimensional,59.4060555556
Corporate reliance,race,Asian / Asian American,trust_multidimensional,62.4060555556
Corporate reliance,race,Other,trust_multidimensional,58.4060555556
Corporate reliance,education,Less than high school,trust_multidimensional,54.00900000000001
Corporate reliance,education,High school diploma / GED,trust_multidimensional,57.00900000000001
Corporate reliance,education,Some college or Associate's degree,trust_multidimensional,58.00900000000001
Corporate reliance,education,Bachelor's degree,trust_multidimensional,62.00900000000001
Corporate reliance,education,Master's degree / Professional degree,trust_multidimensional,64.009
Corporate reliance,education,Doctorate degree / Ph.D.,trust_multidimensional,67.009
Corporate reliance,income,"Less than $30,000",trust_multidimensional,54.98
Corporate reliance,income,"$30,000 to $55,999",trust_multidimensional,56.98
Corporate reliance,income,"$56,000 to $99,999",trust_multidimensional,58.98
Corporate reliance,income,"$100,000 to $167,999",trust_multidimensional,60.98
Corporate reliance,income,"$168,000 or more",trust_multidimensional,62.98
Corporate reliance,party,Republican,trust_multidimensional,45.821000000000005
Corporate reliance,party,Democrat,trust_multidimensional,72.921
Corporate reliance,party,Independent,trust_multidimensional,58.771
Corporate reliance,party,Other,trust_multidimensional,59.271
Corporate reliance,gender,Male,trust_post,61.247400000000006
Corporate reliance,gender,Female,trust_post,64.0474
Corporate reliance,gender,Other,trust_post,65.2474
Corporate reliance,age_band,18-29,trust_post,64.666419444575
Corporate reliance,age_band,30-44,trust_post,63.666419444575006
Corporate reliance,age_band,45-59,trust_post,61.466419444575
Corporate reliance,age_band,60+,trust_post,61.51641944457501
Corporate reliance,race,White / Caucasian,trust_post,61.833738888905
Corporate reliance,race,Black / African American,trust_post,64.583738888905
Corporate reliance,race,Hispanic / Latino,trust_post,63.633738888905
Corporate reliance,race,Asian / Asian American,trust_post,64.533738888905
Corporate reliance,race,Other,trust_post,62.633738888905
Corporate reliance,education,Less than high school,trust_post,57.833600000000004
Corporate reliance,education,High school diploma / GED,trust_post,60.433600000000006
Corporate reliance,education,Some college or Associate's degree,trust_post,61.9836
Corporate reliance,education,Bachelor's degree,trust_post,64.9836
Corporate reliance,education,Master's degree / Professional degree,trust_post,67.9836
Corporate reliance,education,Doctorate degree / Ph.D.,trust_post,70.9836
Corporate reliance,income,"Less than $30,000",trust_post,57.809
Corporate reliance,income,"$30,000 to $55,999",trust_post,60.359
Corporate reliance,income,"$56,000 to $99,999",trust_post,62.859
Corporate reliance,income,"$100,000 to $167,999",trust_post,64.859
Corporate reliance,income,"$168,000 or more",trust_post,66.859
Corporate reliance,party,Republican,trust_post,49.996500000000005
Corporate reliance,party,Democrat,trust_post,77.2465
Corporate reliance,party,Independent,trust_post,61.596500000000006
Corporate reliance,party,Other,trust_post,62.596500000000006
Corporate reliance,gender,Male,distrust_post,39.6935
Corporate reliance,gender,Female,distrust_post,36.6935
Corporate reliance,gender,Other,distrust_post,36.6935
Corporate reliance,age_band,18-29,distrust_post,35.81230555535
Corporate reliance,age_band,30-44,distrust_post,36.81230555535
Corporate reliance,age_band,45-59,distrust_post,38.81230555535
Corporate reliance,age_band,60+,distrust_post,40.31230555535
Corporate reliance,race,White / Caucasian,distrust_post,38.82083333334999
Corporate reliance,race,Black / African American,distrust_post,36.82083333334999
Corporate reliance,race,Hispanic / Latino,distrust_post,37.32083333334999
Corporate reliance,race,Asian / Asian American,distrust_post,36.32083333334999
Corporate reliance,race,Other,distrust_post,39.32083333334999
Corporate reliance,education,Less than high school,distrust_post,42.74599999999999
Corporate reliance,education,High school diploma / GED,distrust_post,40.74599999999999
Corporate reliance,education,Some college or Associate's degree,distrust_post,38.74599999999999
Corporate reliance,education,Bachelor's degree,distrust_post,35.74599999999999
Corporate reliance,education,Master's degree / Professional degree,distrust_post,32.74599999999999
Corporate reliance,education,Doctorate degree / Ph.D.,distrust_post,30.745999999999995
Corporate reliance,income,"Less than $30,000",distrust_post,42.26999999999999
Corporate reliance,income,"$30,000 to $55,999",distrust_post,40.26999999999999
Corporate reliance,income,"$56,000 to $99,999",distrust_post,38.26999999999999
Corporate reliance,income,"$100,000 to $167,999",distrust_post,36.26999999999999
Corporate reliance,income,"$168,000 or more",distrust_post,34.26999999999999
Corporate reliance,party,Republican,distrust_post,50.75049999999999
Corporate reliance,party,Democrat,distrust_post,25.500499999999995
Corporate reliance,party,Independent,distrust_post,38.20049999999999
Corporate reliance,party,Other,distrust_post,37.20049999999999
Corporate reliance,gender,Male,funding_perceptions,55.01475
Corporate reliance,gender,Female,funding_perceptions,59.51475
Corporate reliance,gender,Other,funding_perceptions,61.51475
Corporate reliance,age_band,18-29,funding_perceptions,61.02402777805
Corporate reliance,age_band,30-44,funding_perceptions,59.02402777805
Corporate reliance,age_band,45-59,funding_perceptions,56.02402777805
Corporate reliance,age_band,60+,funding_perceptions,54.52402777805
Corporate reliance,race,White / Caucasian,funding_perceptions,54.694388888899994
Corporate reliance,race,Black / African American,funding_perceptions,62.694388888899994
Corporate reliance,race,Hispanic / Latino,funding_perceptions,61.694388888899994
Corporate reliance,race,Asian / Asian American,funding_perceptions,58.694388888899994
Corporate reliance,race,Other,funding_perceptions,59.694388888899994
Corporate reliance,education,Less than high school,funding_perceptions,51.48199999999999
Corporate reliance,education,High school diploma / GED,funding_perceptions,54.48199999999999
Corporate reliance,education,Some college or Associate's degree,funding_perceptions,56.48199999999999
Corporate reliance,education,Bachelor's degree,funding_perceptions,60.48199999999999
Corporate reliance,education,Master's degree / Professional degree,funding_perceptions,63.48199999999999
Corporate reliance,education,Doctorate degree / Ph.D.,funding_perceptions,66.48199999999999
Corporate reliance,income,"Less than $30,000",funding_perceptions,53.43
Corporate reliance,income,"$30,000 to $55,999",funding_perceptions,55.43
Corporate reliance,income,"$56,000 to $99,999",funding_perceptions,57.43
Corporate reliance,income,"$100,000 to $167,999",funding_perceptions,59.43
Corporate reliance,income,"$168,000 or more",funding_perceptions,60.43
Corporate reliance,party,Republican,funding_perceptions,43.038
Corporate reliance,party,Democrat,funding_perceptions,75.78800000000001
Corporate reliance,party,Independent,funding_perceptions,54.863
Corporate reliance,party,Other,funding_perceptions,57.863
Corporate reliance,gender,Male,policy_role_mean,57.67425
Corporate reliance,gender,Female,policy_role_mean,61.17425
Corporate reliance,gender,Other,policy_role_mean,63.67425
Corporate reliance,age_band,18-29,policy_role_mean,62.660333333599986
Corporate reliance,age_band,30-44,policy_role_mean,61.160333333599986
Corporate reliance,age_band,45-59,policy_role_mean,58.660333333599986
Corporate reliance,age_band,60+,policy_role_mean,56.660333333599986
Corporate reliance,race,White / Caucasian,policy_role_mean,57.71599999999999
Corporate reliance,race,Black / African American,policy_role_mean,63.71599999999999
Corporate reliance,race,Hispanic / Latino,policy_role_mean,61.71599999999999
Corporate reliance,race,Asian / Asian American,policy_role_mean,61.71599999999999
Corporate reliance,race,Other,policy_role_mean,59.71599999999999
Corporate reliance,education,Less than high school,policy_role_mean,53.989
Corporate reliance,education,High school diploma / GED,policy_role_mean,56.989
Corporate reliance,education,Some college or Associate's degree,policy_role_mean,58.989
Corporate reliance,education,Bachelor's degree,policy_role_mean,61.989
Corporate reliance,education,Master's degree / Professional degree,policy_role_mean,64.989
Corporate reliance,education,Doctorate degree / Ph.D.,policy_role_mean,67.989
Corporate reliance,income,"Less than $30,000",policy_role_mean,55.57999999999999
Corporate reliance,income,"$30,000 to $55,999",policy_role_mean,57.57999999999999
Corporate reliance,income,"$56,000 to $99,999",policy_role_mean,59.57999999999999
Corporate reliance,income,"$100,000 to $167,999",policy_role_mean,61.57999999999999
Corporate reliance,income,"$168,000 or more",policy_role_mean,62.57999999999999
Corporate reliance,party,Republican,policy_role_mean,44.65449999999999
Corporate reliance,party,Democrat,policy_role_mean,75.30449999999999
Corporate reliance,party,Independent,policy_role_mean,58.90449999999999
Corporate reliance,party,Other,policy_role_mean,60.40449999999999
Corporate reliance,gender,Male,inst_trust_mean,52.120999999999995
Corporate reliance,gender,Female,inst_trust_mean,54.120999999999995
Corporate reliance,gender,Other,inst_trust_mean,54.120999999999995
Corporate reliance,age_band,18-29,inst_trust_mean,52.889555555600005
Corporate reliance,age_band,30-44,inst_trust_mean,53.889555555600005
Corporate reliance,age_band,45-59,inst_trust_mean,52.889555555600005
Corporate reliance,age_band,60+,inst_trust_mean,52.889555555600005
Corporate reliance,race,White / Caucasian,inst_trust_mean,53.3943888889
Corporate reliance,race,Black / African American,inst_trust_mean,53.3943888889
Corporate reliance,race,Hispanic / Latino,inst_trust_mean,51.3943888889
Corporate reliance,race,Asian / Asian American,inst_trust_mean,56.3943888889
Corporate reliance,race,Other,inst_trust_mean,50.3943888889
Corporate reliance,education,Less than high school,inst_trust_mean,47.42299999999999
Corporate reliance,education,High school diploma / GED,inst_trust_mean,50.42299999999999
Corporate reliance,education,Some college or Associate's degree,inst_trust_mean,52.42299999999999
Corporate reliance,education,Bachelor's degree,inst_trust_mean,56.42299999999999
Corporate reliance,education,Master's degree / Professional degree,inst_trust_mean,58.42299999999999
Corporate reliance,education,Doctorate degree / Ph.D.,inst_trust_mean,61.42299999999999
Corporate reliance,income,"Less than $30,000",inst_trust_mean,49.849999999999994
Corporate reliance,income,"$30,000 to $55,999",inst_trust_mean,50.849999999999994
Corporate reliance,income,"$56,000 to $99,999",inst_trust_mean,52.849999999999994
Corporate reliance,income,"$100,000 to $167,999",inst_trust_mean,54.849999999999994
Corporate reliance,income,"$168,000 or more",inst_trust_mean,56.849999999999994
Corporate reliance,party,Republican,inst_trust_mean,42.42799999999999
Corporate reliance,party,Democrat,inst_trust_mean,65.278
Corporate reliance,party,Independent,inst_trust_mean,52.30299999999999
Corporate reliance,party,Other,inst_trust_mean,53.30299999999999
Corporate reliance,gender,Male,belief_post,66.0075
Corporate reliance,gender,Female,belief_post,71.0075
Corporate reliance,gender,Other,belief_post,73.0075
Corporate reliance,age_band,18-29,belief_post,73.16239166692499
Corporate reliance,age_band,30-44,belief_post,70.16239166692499
Corporate reliance,age_band,45-59,belief_post,66.16239166692499
Corporate reliance,age_band,60+,belief_post,66.11239166692499
Corporate reliance,race,White / Caucasian,belief_post,66.091
Corporate reliance,race,Black / African American,belief_post,73.091
Corporate reliance,race,Hispanic / Latino,belief_post,72.091
Corporate reliance,race,Asian / Asian American,belief_post,74.091
Corporate reliance,race,Other,belief_post,67.091
Corporate reliance,education,Less than high school,belief_post,60.54119999999998
Corporate reliance,education,High school diploma / GED,belief_post,63.591199999999986
Corporate reliance,education,Some college or Associate's degree,belief_post,67.59119999999999
Corporate reliance,education,Bachelor's degree,belief_post,73.59119999999999
Corporate reliance,education,Master's degree / Professional degree,belief_post,77.59119999999999
Corporate reliance,education,Doctorate degree / Ph.D.,belief_post,81.59119999999999
Corporate reliance,income,"Less than $30,000",belief_post,63.02
Corporate reliance,income,"$30,000 to $55,999",belief_post,66.01999999999998
Corporate reliance,income,"$56,000 to $99,999",belief_post,69.01999999999998
Corporate reliance,income,"$100,000 to $167,999",belief_post,71.01999999999998
Corporate reliance,income,"$168,000 or more",belief_post,73.01999999999998
Corporate reliance,party,Republican,belief_post,49.908999999999985
Corporate reliance,party,Democrat,belief_post,87.40899999999998
Corporate reliance,party,Independent,belief_post,68.50899999999999
Corporate reliance,party,Other,belief_post,69.50899999999999
Corporate reliance,gender,Male,concern_mean,58.24300000000001
Corporate reliance,gender,Female,concern_mean,64.243
Corporate reliance,gender,Other,concern_mean,66.243
Corporate reliance,age_band,18-29,concern_mean,65.193947222525
Corporate reliance,age_band,30-44,concern_mean,63.193947222525
Corporate reliance,age_band,45-59,concern_mean,60.193947222525
Corporate reliance,age_band,60+,concern_mean,58.143947222525
Corporate reliance,race,White / Caucasian,concern_mean,58.835891666609996
Corporate reliance,race,Black / African American,concern_mean,65.83589166661
Corporate reliance,race,Hispanic / Latino,concern_mean,65.83589166661
Corporate reliance,race,Asian / Asian American,concern_mean,63.78589166661
Corporate reliance,race,Other,concern_mean,60.835891666609996
Corporate reliance,education,Less than high school,concern_mean,55.5672
Corporate reliance,education,High school diploma / GED,concern_mean,58.1172
Corporate reliance,education,Some college or Associate's degree,concern_mean,60.6172
Corporate reliance,education,Bachelor's degree,concern_mean,64.6172
Corporate reliance,education,Master's degree / Professional degree,concern_mean,67.6172
Corporate reliance,education,Doctorate degree / Ph.D.,concern_mean,70.6172
Corporate reliance,income,"Less than $30,000",concern_mean,57.349999999999994
Corporate reliance,income,"$30,000 to $55,999",concern_mean,59.349999999999994
Corporate reliance,income,"$56,000 to $99,999",concern_mean,60.849999999999994
Corporate reliance,income,"$100,000 to $167,999",concern_mean,63.349999999999994
Corporate reliance,income,"$168,000 or more",concern_mean,65.35
Corporate reliance,party,Republican,concern_mean,44.20799999999999
Corporate reliance,party,Democrat,concern_mean,78.958
Corporate reliance,party,Independent,concern_mean,61.032999999999994
Corporate reliance,party,Other,concern_mean,63.032999999999994
Corporate reliance,gender,Male,policy_general,61.162
Corporate reliance,gender,Female,policy_general,65.162
Corporate reliance,gender,Other,policy_general,68.162
Corporate reliance,age_band,18-29,policy_general,67.78636388927498
Corporate reliance,age_band,30-44,policy_general,65.78636388927498
Corporate reliance,age_band,45-59,policy_general,61.78636388927499
Corporate reliance,age_band,60+,policy_general,59.23636388927499
Corporate reliance,race,White / Caucasian,policy_general,60.26366944440999
Corporate reliance,race,Black / African American,policy_general,69.76366944441
Corporate reliance,race,Hispanic / Latino,policy_general,67.76366944441
Corporate reliance,race,Asian / Asian American,policy_general,65.71366944441
Corporate reliance,race,Other,policy_general,63.76366944440999
Corporate reliance,education,Less than high school,policy_general,55.66419999999999
Corporate reliance,education,High school diploma / GED,policy_general,59.71419999999999
Corporate reliance,education,Some college or Associate's degree,policy_general,62.71419999999999
Corporate reliance,education,Bachelor's degree,policy_general,66.71419999999999
Corporate reliance,education,Master's degree / Professional degree,policy_general,70.71419999999999
Corporate reliance,education,Doctorate degree / Ph.D.,policy_general,73.71419999999999
Corporate reliance,income,"Less than $30,000",policy_general,57.269999999999996
Corporate reliance,income,"$30,000 to $55,999",policy_general,60.269999999999996
Corporate reliance,income,"$56,000 to $99,999",policy_general,63.269999999999996
Corporate reliance,income,"$100,000 to $167,999",policy_general,66.27
Corporate reliance,income,"$168,000 or more",policy_general,68.27
Corporate reliance,party,Republican,policy_general,44.25149999999999
Corporate reliance,party,Democrat,policy_general,84.0515
Corporate reliance,party,Independent,policy_general,62.12649999999999
Corporate reliance,party,Other,policy_general,65.12650000000001
Corporate reliance,gender,Male,policy_specific_mean,56.062
Corporate reliance,gender,Female,policy_specific_mean,60.062
Corporate reliance,gender,Other,policy_specific_mean,63.062
Corporate reliance,age_band,18-29,policy_specific_mean,62.531891667025
Corporate reliance,age_band,30-44,policy_specific_mean,60.531891667025
Corporate reliance,age_band,45-59,policy_specific_mean,56.531891667025
Corporate reliance,age_band,60+,policy_specific_mean,54.481891667025
Corporate reliance,race,White / Caucasian,policy_specific_mean,55.91122499991
Corporate reliance,race,Black / African American,policy_specific_mean,62.91122499991
Corporate reliance,race,Hispanic / Latino,policy_specific_mean,61.91122499991
Corporate reliance,race,Asian / Asian American,policy_specific_mean,59.86122499991
Corporate reliance,race,Other,policy_specific_mean,56.91122499991
Corporate reliance,education,Less than high school,policy_specific_mean,51.880199999999995
Corporate reliance,education,High school diploma / GED,policy_specific_mean,54.93019999999999
Corporate reliance,education,Some college or Associate's degree,policy_specific_mean,56.93019999999999
Corporate reliance,education,Bachelor's degree,policy_specific_mean,61.93019999999999
Corporate reliance,education,Master's degree / Professional degree,policy_specific_mean,64.93019999999999
Corporate reliance,education,Doctorate degree / Ph.D.,policy_specific_mean,67.93019999999999
Corporate reliance,income,"Less than $30,000",policy_specific_mean,54.26999999999999
Corporate reliance,income,"$30,000 to $55,999",policy_specific_mean,56.26999999999999
Corporate reliance,income,"$56,000 to $99,999",policy_specific_mean,57.26999999999999
Corporate reliance,income,"$100,000 to $167,999",policy_specific_mean,60.26999999999999
Corporate reliance,income,"$168,000 or more",policy_specific_mean,62.26999999999999
Corporate reliance,party,Republican,policy_specific_mean,39.65459999999999
Corporate reliance,party,Democrat,policy_specific_mean,77.5546
Corporate reliance,party,Independent,policy_specific_mean,57.594599999999986
Corporate reliance,party,Other,policy_specific_mean,58.594599999999986
Corporate reliance,gender,Male,behavior_mean,53.933
Corporate reliance,gender,Female,behavior_mean,59.933
Corporate reliance,gender,Other,behavior_mean,62.933
Corporate reliance,age_band,18-29,behavior_mean,62.21483333369999
Corporate reliance,age_band,30-44,behavior_mean,59.21483333369999
Corporate reliance,age_band,45-59,behavior_mean,55.21483333369999
Corporate reliance,age_band,60+,behavior_mean,53.21483333369999
Corporate reliance,race,White / Caucasian,behavior_mean,54.6948333333
Corporate reliance,race,Black / African American,behavior_mean,60.6948333333
Corporate reliance,race,Hispanic / Latino,behavior_mean,61.6948333333
Corporate reliance,race,Asian / Asian American,behavior_mean,58.6948333333
Corporate reliance,race,Other,behavior_mean,57.6948333333
Corporate reliance,education,Less than high school,behavior_mean,50.56499999999999
Corporate reliance,education,High school diploma / GED,behavior_mean,53.56499999999999
Corporate reliance,education,Some college or Associate's degree,behavior_mean,56.56499999999999
Corporate reliance,education,Bachelor's degree,behavior_mean,60.56499999999999
Corporate reliance,education,Master's degree / Professional degree,behavior_mean,63.56499999999999
Corporate reliance,education,Doctorate degree / Ph.D.,behavior_mean,65.56499999999998
Corporate reliance,income,"Less than $30,000",behavior_mean,52.48999999999999
Corporate reliance,income,"$30,000 to $55,999",behavior_mean,54.48999999999999
Corporate reliance,income,"$56,000 to $99,999",behavior_mean,57.48999999999999
Corporate reliance,income,"$100,000 to $167,999",behavior_mean,59.48999999999999
Corporate reliance,income,"$168,000 or more",behavior_mean,60.48999999999999
Corporate reliance,party,Republican,behavior_mean,40.49824999999999
Corporate reliance,party,Democrat,behavior_mean,74.47325
Corporate reliance,party,Independent,behavior_mean,56.47324999999999
Corporate reliance,party,Other,behavior_mean,59.47324999999999
Corporate reliance,gender,Male,donation_ams,3.5981000000000005
Corporate reliance,gender,Female,donation_ams,3.7981
Corporate reliance,gender,Other,donation_ams,3.6981
Corporate reliance,age_band,18-29,donation_ams,3.40183888887
Corporate reliance,age_band,30-44,donation_ams,3.60183888887
Corporate reliance,age_band,45-59,donation_ams,3.8018388888699994
Corporate reliance,age_band,60+,donation_ams,3.90183888887
Corporate reliance,race,White / Caucasian,donation_ams,3.7273222222299998
Corporate reliance,race,Black / African American,donation_ams,3.62732222223
Corporate reliance,race,Hispanic / Latino,donation_ams,3.5273222222299996
Corporate reliance,race,Asian / Asian American,donation_ams,4.127322222229999
Corporate reliance,race,Other,donation_ams,3.5273222222299996
Corporate reliance,education,Less than high school,donation_ams,3.1176000000000004
Corporate reliance,education,High school diploma / GED,donation_ams,3.3175999999999997
Corporate reliance,education,Some college or Associate's degree,donation_ams,3.6176000000000004
Corporate reliance,education,Bachelor's degree,donation_ams,4.1175999999999995
Corporate reliance,education,Master's degree / Professional degree,donation_ams,4.3176
Corporate reliance,education,Doctorate degree / Ph.D.,donation_ams,4.6175999999999995
Corporate reliance,income,"Less than $30,000",donation_ams,3.0179999999999993
Corporate reliance,income,"$30,000 to $55,999",donation_ams,3.317999999999999
Corporate reliance,income,"$56,000 to $99,999",donation_ams,3.7179999999999995
Corporate reliance,income,"$100,000 to $167,999",donation_ams,4.018
Corporate reliance,income,"$168,000 or more",donation_ams,4.3180000000000005
Corporate reliance,party,Republican,donation_ams,2.9079999999999995
Corporate reliance,party,Democrat,donation_ams,4.808
Corporate reliance,party,Independent,donation_ams,3.508
Corporate reliance,party,Other,donation_ams,3.808
Corporate reliance,gender,Male,newsletter_signup,0.17922
Corporate reliance,gender,Female,newsletter_signup,0.21921999999999997
Corporate reliance,gender,Other,newsletter_signup,0.23922
Corporate reliance,age_band,18-29,newsletter_signup,0.24675388889299996
Corporate reliance,age_band,30-44,newsletter_signup,0.226753888893
Corporate reliance,age_band,45-59,newsletter_signup,0.18675388889299996
Corporate reliance,age_band,60+,newsletter_signup,0.156753888893
Corporate reliance,race,White / Caucasian,newsletter_signup,0.17521944444399998
Corporate reliance,race,Black / African American,newsletter_signup,0.24521944444399998
Corporate reliance,race,Hispanic / Latino,newsletter_signup,0.24521944444399998
Corporate reliance,race,Asian / Asian American,newsletter_signup,0.215219444444
Corporate reliance,race,Other,newsletter_signup,0.205219444444
Corporate reliance,education,Less than high school,newsletter_signup,0.15403999999999998
Corporate reliance,education,High school diploma / GED,newsletter_signup,0.17404
Corporate reliance,education,Some college or Associate's degree,newsletter_signup,0.19404000000000002
Corporate reliance,education,Bachelor's degree,newsletter_signup,0.22404
Corporate reliance,education,Master's degree / Professional degree,newsletter_signup,0.25404
Corporate reliance,education,Doctorate degree / Ph.D.,newsletter_signup,0.27404
Corporate reliance,income,"Less than $30,000",newsletter_signup,0.15439999999999998
Corporate reliance,income,"$30,000 to $55,999",newsletter_signup,0.1744
Corporate reliance,income,"$56,000 to $99,999",newsletter_signup,0.20439999999999997
Corporate reliance,income,"$100,000 to $167,999",newsletter_signup,0.2244
Corporate reliance,income,"$168,000 or more",newsletter_signup,0.2344
Corporate reliance,party,Republican,newsletter_signup,0.1217
Corporate reliance,party,Democrat,newsletter_signup,0.29169999999999996
Corporate reliance,party,Independent,newsletter_signup,0.1917
Corporate reliance,party,Other,newsletter_signup,0.21170000000000003
Social justice,gender,Male,trust_multidimensional,56.56627499999999
Social justice,gender,Female,trust_multidimensional,60.616274999999995
Social justice,gender,Other,trust_multidimensional,60.616274999999995
Social justice,age_band,18-29,trust_multidimensional,60.539725000125
Social justice,age_band,30-44,trust_multidimensional,59.539725000125
Social justice,age_band,45-59,trust_multidimensional,57.539725000125
Social justice,age_band,60+,trust_multidimensional,57.489725000125006
Social justice,race,White / Caucasian,trust_multidimensional,57.916233333380006
Social justice,race,Black / African American,trust_multidimensional,60.01623333338
Social justice,race,Hispanic / Latino,trust_multidimensional,59.01623333338
Social justice,race,Asian / Asian American,trust_multidimensional,62.01623333338
Social justice,race,Other,trust_multidimensional,58.01623333338
Social justice,education,Less than high school,trust_multidimensional,53.575
Social justice,education,High school diploma / GED,trust_multidimensional,56.575
Social justice,education,Some college or Associate's degree,trust_multidimensional,57.575
Social justice,education,Bachelor's degree,trust_multidimensional,61.575
Social justice,education,Master's degree / Professional degree,trust_multidimensional,63.47500000000001
Social justice,education,Doctorate degree / Ph.D.,trust_multidimensional,66.375
Social justice,income,"Less than $30,000",trust_multidimensional,54.601
Social justice,income,"$30,000 to $55,999",trust_multidimensional,56.601
Social justice,income,"$56,000 to $99,999",trust_multidimensional,58.601
Social justice,income,"$100,000 to $167,999",trust_multidimensional,60.501
Social justice,income,"$168,000 or more",trust_multidimensional,62.346
Social justice,party,Republican,trust_multidimensional,44.15774999999999
Social justice,party,Democrat,trust_multidimensional,73.28275
Social justice,party,Independent,trust_multidimensional,58.55774999999999
Social justice,party,Other,trust_multidimensional,59.007749999999994
Social justice,gender,Male,trust_post,60.64740000000001
Social justice,gender,Female,trust_post,63.44740000000001
Social justice,gender,Other,trust_post,64.6474
Social justice,age_band,18-29,trust_post,64.0200777779
Social justice,age_band,30-44,trust_post,63.0200777779
Social justice,age_band,45-59,trust_post,60.820077777899996
Social justice,age_band,60+,trust_post,61.0200777779
Social justice,race,White / Caucasian,trust_post,61.22092222224
Social justice,race,Black / African American,trust_post,64.02092222223999
Social justice,race,Hispanic / Latino,trust_post,63.020922222239996
Social justice,race,Asian / Asian American,trust_post,64.02092222223999
Social justice,race,Other,trust_post,62.020922222239996
Social justice,education,Less than high school,trust_post,57.35595
Social justice,education,High school diploma / GED,trust_post,59.85595
Social justice,education,Some college or Associate's degree,trust_post,61.35595
Social justice,education,Bachelor's degree,trust_post,64.35595
Social justice,education,Master's degree / Professional degree,trust_post,67.35595
Social justice,education,Doctorate degree / Ph.D.,trust_post,70.30595000000001
Social justice,income,"Less than $30,000",trust_post,57.275
Social justice,income,"$30,000 to $55,999",trust_post,59.775
Social justice,income,"$56,000 to $99,999",trust_post,62.275
Social justice,income,"$100,000 to $167,999",trust_post,64.275
Social justice,income,"$168,000 or more",trust_post,66.15
Social justice,party,Republican,trust_post,48.30724999999999
Social justice,party,Democrat,trust_post,77.50724999999998
Social justice,party,Independent,trust_post,61.13224999999999
Social justice,party,Other,trust_post,62.05724999999999
Social justice,gender,Male,distrust_post,40.143499999999996
Social justice,gender,Female,distrust_post,37.143499999999996
Social justice,gender,Other,distrust_post,37.143499999999996
Social justice,age_band,18-29,distrust_post,36.26230555535
Social justice,age_band,30-44,distrust_post,37.26230555535
Social justice,age_band,45-59,distrust_post,39.26230555535
Social justice,age_band,60+,distrust_post,40.76230555535
Social justice,race,White / Caucasian,distrust_post,39.270833333350005
Social justice,race,Black / African American,distrust_post,37.270833333350005
Social justice,race,Hispanic / Latino,distrust_post,37.770833333350005
Social justice,race,Asian / Asian American,distrust_post,36.770833333350005
Social justice,race,Other,distrust_post,39.770833333350005
Social justice,education,Less than high school,distrust_post,43.19505
Social justice,education,High school diploma / GED,distrust_post,41.19505
Social justice,education,Some college or Associate's degree,distrust_post,39.19505
Social justice,education,Bachelor's degree,distrust_post,36.19505
Social justice,education,Master's degree / Professional degree,distrust_post,33.19505
Social justice,education,Doctorate degree / Ph.D.,distrust_post,31.245050000000003
Social justice,income,"Less than $30,000",distrust_post,42.7
Social justice,income,"$30,000 to $55,999",distrust_post,40.7
Social justice,income,"$56,000 to $99,999",distrust_post,38.7
Social justice,income,"$100,000 to $167,999",distrust_post,36.7
Social justice,income,"$168,000 or more",distrust_post,34.800000000000004
Social justice,party,Republican,distrust_post,52.08299999999999
Social justice,party,Democrat,distrust_post,25.307999999999996
Social justice,party,Independent,distrust_post,38.50799999999999
Social justice,party,Other,distrust_post,37.58299999999999
Social justice,gender,Male,funding_perceptions,55.51330000000001
Social justice,gender,Female,funding_perceptions,60.1133
Social justice,gender,Other,funding_perceptions,62.1133
Social justice,age_band,18-29,funding_perceptions,61.620369444725
Social justice,age_band,30-44,funding_perceptions,59.620369444725
Social justice,age_band,45-59,funding_perceptions,56.620369444725
Social justice,age_band,60+,funding_perceptions,54.970369444725
Social justice,race,White / Caucasian,funding_perceptions,55.17141666668
Social justice,race,Black / African American,funding_perceptions,63.37141666668
Social justice,race,Hispanic / Latino,funding_perceptions,62.37141666668
Social justice,race,Asian / Asian American,funding_perceptions,59.27141666668
Social justice,race,Other,funding_perceptions,60.37141666668
Social justice,education,Less than high school,funding_perceptions,52.06286
Social justice,education,High school diploma / GED,funding_perceptions,55.06286
Social justice,education,Some college or Associate's degree,funding_perceptions,57.06286
Social justice,education,Bachelor's degree,funding_perceptions,61.06286
Social justice,education,Master's degree / Professional degree,funding_perceptions,63.86286
Social justice,education,Doctorate degree / Ph.D.,funding_perceptions,66.72286
Social justice,income,"Less than $30,000",funding_perceptions,54.09799999999999
Social justice,income,"$30,000 to $55,999",funding_perceptions,56.09799999999999
Social justice,income,"$56,000 to $99,999",funding_perceptions,58.09799999999999
Social justice,income,"$100,000 to $167,999",funding_perceptions,59.84799999999999
Social justice,income,"$168,000 or more",funding_perceptions,60.75799999999999
Social justice,party,Republican,funding_perceptions,42.592499999999994
Social justice,party,Democrat,funding_perceptions,76.9425
Social justice,party,Independent,funding_perceptions,55.64249999999999
Social justice,party,Other,funding_perceptions,58.64249999999999
Social justice,gender,Male,policy_role_mean,57.84852500000001
Social justice,gender,Female,policy_role_mean,61.39852500000001
Social justice,gender,Other,policy_role_mean,63.89852500000001
Social justice,age_band,18-29,policy_role_mean,62.89122777805001
Social justice,age_band,30-44,policy_role_mean,61.39122777805001
Social justice,age_band,45-59,policy_role_mean,58.89122777805001
Social justice,age_band,60+,policy_role_mean,56.79122777805001
Social justice,race,White / Caucasian,policy_role_mean,57.87617777777999
Social justice,race,Black / African American,policy_role_mean,63.976177777779995
Social justice,race,Hispanic / Latino,policy_role_mean,61.976177777779995
Social justice,race,Asian / Asian American,policy_role_mean,61.976177777779995
Social justice,race,Other,policy_role_mean,59.976177777779995
Social justice,education,Less than high school,policy_role_mean,54.21205
Social justice,education,High school diploma / GED,policy_role_mean,57.21205
Social justice,education,Some college or Associate's degree,policy_role_mean,59.21205
Social justice,education,Bachelor's degree,policy_role_mean,62.21205
Social justice,education,Master's degree / Professional degree,policy_role_mean,65.06205
Social justice,education,Doctorate degree / Ph.D.,policy_role_mean,67.96205
Social justice,income,"Less than $30,000",policy_role_mean,55.86
Social justice,income,"$30,000 to $55,999",policy_role_mean,57.86
Social justice,income,"$56,000 to $99,999",policy_role_mean,59.86
Social justice,income,"$100,000 to $167,999",policy_role_mean,61.76
Social justice,income,"$168,000 or more",policy_role_mean,62.559999999999995
Social justice,party,Republican,policy_role_mean,43.848
Social justice,party,Democrat,policy_role_mean,76.098
Social justice,party,Independent,policy_role_mean,59.348
Social justice,party,Other,policy_role_mean,60.798
Social justice,gender,Male,inst_trust_mean,52.120050000000006
Social justice,gender,Female,inst_trust_mean,54.22005
Social justice,gender,Other,inst_trust_mean,54.17005
Social justice,age_band,18-29,inst_trust_mean,52.98190000005
Social justice,age_band,30-44,inst_trust_mean,53.98190000005
Social justice,age_band,45-59,inst_trust_mean,52.93190000005
Social justice,age_band,60+,inst_trust_mean,52.88190000005
Social justice,race,White / Caucasian,inst_trust_mean,53.40790277779
Social justice,race,Black / African American,inst_trust_mean,53.50790277779
Social justice,race,Hispanic / Latino,inst_trust_mean,51.50790277779
Social justice,race,Asian / Asian American,inst_trust_mean,56.45790277779
Social justice,race,Other,inst_trust_mean,50.50790277779
Social justice,education,Less than high school,inst_trust_mean,47.498565000000006
Social justice,education,High school diploma / GED,inst_trust_mean,50.498565000000006
Social justice,education,Some college or Associate's degree,inst_trust_mean,52.498565000000006
Social justice,education,Bachelor's degree,inst_trust_mean,56.448565
Social justice,education,Master's degree / Professional degree,inst_trust_mean,58.398565000000005
Social justice,education,Doctorate degree / Ph.D.,inst_trust_mean,61.363565
Social justice,income,"Less than $30,000",inst_trust_mean,49.95899999999999
Social justice,income,"$30,000 to $55,999",inst_trust_mean,50.95899999999999
Social justice,income,"$56,000 to $99,999",inst_trust_mean,52.90899999999999
Social justice,income,"$100,000 to $167,999",inst_trust_mean,54.85899999999999
Social justice,income,"$168,000 or more",inst_trust_mean,56.82399999999999
Social justice,party,Republican,inst_trust_mean,42.070499999999996
Social justice,party,Democrat,inst_trust_mean,65.6205
Social justice,party,Independent,inst_trust_mean,52.42049999999999
Social justice,party,Other,inst_trust_mean,53.42049999999999
Social justice,gender,Male,belief_post,65.7575
Social justice,gender,Female,belief_post,70.7575
Social justice,gender,Other,belief_post,72.7575
Social justice,age_band,18-29,belief_post,72.91239166692499
Social justice,age_band,30-44,belief_post,69.91239166692499
Social justice,age_band,45-59,belief_post,65.91239166692499
Social justice,age_band,60+,belief_post,65.86239166692499
Social justice,race,White / Caucasian,belief_post,65.82108888888999
Social justice,race,Black / African American,belief_post,72.87108888888999
Social justice,race,Hispanic / Latino,belief_post,71.87108888888999
Social justice,race,Asian / Asian American,belief_post,73.87108888888999
Social justice,race,Other,belief_post,66.87108888888999
Social justice,education,Less than high school,belief_post,60.343714999999996
Social justice,education,High school diploma / GED,belief_post,63.343714999999996
Social justice,education,Some college or Associate's degree,belief_post,67.343715
Social justice,education,Bachelor's degree,belief_post,73.343715
Social justice,education,Master's degree / Professional degree,belief_post,77.293715
Social justice,education,Doctorate degree / Ph.D.,belief_post,81.25871500000001
Social justice,income,"Less than $30,000",belief_post,62.79699999999999
Social justice,income,"$30,000 to $55,999",belief_post,65.79699999999997
Social justice,income,"$56,000 to $99,999",belief_post,68.79699999999997
Social justice,income,"$100,000 to $167,999",belief_post,70.74699999999997
Social justice,income,"$168,000 or more",belief_post,72.71199999999997
Social justice,party,Republican,belief_post,48.91362499999999
Social justice,party,Democrat,belief_post,87.663625
Social justice,party,Independent,belief_post,68.401125
Social justice,party,Other,belief_post,69.363625
Social justice,gender,Male,concern_mean,58.491099999999996
Social justice,gender,Female,concern_mean,64.6911
Social justice,gender,Other,concern_mean,66.5911
Social justice,age_band,18-29,concern_mean,65.628636111425
Social justice,age_band,30-44,concern_mean,63.628636111425
Social justice,age_band,45-59,concern_mean,60.528636111425
Social justice,age_band,60+,concern_mean,58.378636111425
Social justice,race,White / Caucasian,concern_mean,59.093008333280004
Social justice,race,Black / African American,concern_mean,66.34300833328
Social justice,race,Hispanic / Latino,concern_mean,66.34300833328
Social justice,race,Asian / Asian American,concern_mean,64.19300833328
Social justice,race,Other,concern_mean,61.343008333280004
Social justice,education,Less than high school,concern_mean,56.052550000000004
Social justice,education,High school diploma / GED,concern_mean,58.552550000000004
Social justice,education,Some college or Associate's degree,concern_mean,61.00255
Social justice,education,Bachelor's degree,concern_mean,64.90255
Social justice,education,Master's degree / Professional degree,concern_mean,67.75255
Social justice,education,Doctorate degree / Ph.D.,concern_mean,70.65255
Social justice,income,"Less than $30,000",concern_mean,57.867
Social justice,income,"$30,000 to $55,999",concern_mean,59.867
Social justice,income,"$56,000 to $99,999",concern_mean,61.267
Social justice,income,"$100,000 to $167,999",concern_mean,63.567
Social justice,income,"$168,000 or more",concern_mean,65.452
Social justice,party,Republican,concern_mean,43.61525
Social justice,party,Democrat,concern_mean,79.94025
Social justice,party,Independent,concern_mean,61.56525
Social justice,party,Other,concern_mean,63.56525
Social justice,gender,Male,policy_general,61.5601
Social justice,gender,Female,policy_general,65.76010000000001
Social justice,gender,Other,policy_general,68.6601
Social justice,age_band,18-29,policy_general,68.371052778175
Social justice,age_band,30-44,policy_general,66.371052778175
Social justice,age_band,45-59,policy_general,62.271052778175005
Social justice,age_band,60+,policy_general,59.621052778175006
Social justice,race,White / Caucasian,policy_general,60.67078611108
Social justice,race,Black / African American,policy_general,70.42078611107999
Social justice,race,Hispanic / Latino,policy_general,68.42078611107999
Social justice,race,Asian / Asian American,policy_general,66.27078611108
Social justice,race,Other,policy_general,64.42078611107999
Social justice,education,Less than high school,policy_general,56.29888499999999
Social justice,education,High school diploma / GED,policy_general,60.29888499999999
Social justice,education,Some college or Associate's degree,policy_general,63.24888499999999
Social justice,education,Bachelor's degree,policy_general,67.14888499999999
Social justice,education,Master's degree / Professional degree,policy_general,70.99888499999999
Social justice,education,Doctorate degree / Ph.D.,policy_general,73.93388499999999
Social justice,income,"Less than $30,000",policy_general,57.926999999999985
Social justice,income,"$30,000 to $55,999",policy_general,60.926999999999985
Social justice,income,"$56,000 to $99,999",policy_general,63.82699999999999
Social justice,income,"$100,000 to $167,999",policy_general,66.627
Social justice,income,"$168,000 or more",policy_general,68.562
Social justice,party,Republican,policy_general,43.735125000000004
Social justice,party,Democrat,policy_general,85.297625
Social justice,party,Independent,policy_general,62.785125
Social justice,party,Other,policy_general,65.785125
Social justice,gender,Male,policy_specific_mean,56.310550000000006
Social justice,gender,Female,policy_specific_mean,60.41055000000001
Social justice,gender,Other,policy_specific_mean,63.41055000000001
Social justice,age_band,18-29,policy_specific_mean,62.84733888925
Social justice,age_band,30-44,policy_specific_mean,60.84733888925
Social justice,age_band,45-59,policy_specific_mean,56.84733888925
Social justice,age_band,60+,policy_specific_mean,54.747338889249995
Social justice,race,White / Caucasian,policy_specific_mean,56.17140277768999
Social justice,race,Black / African American,policy_specific_mean,63.27140277768999
Social justice,race,Hispanic / Latino,policy_specific_mean,62.27140277768999
Social justice,race,Asian / Asian American,policy_specific_mean,60.22140277768999
Social justice,race,Other,policy_specific_mean,57.27140277768999
Social justice,education,Less than high school,policy_specific_mean,52.244035000000004
Social justice,education,High school diploma / GED,policy_specific_mean,55.244035000000004
Social justice,education,Some college or Associate's degree,policy_specific_mean,57.244035000000004
Social justice,education,Bachelor's degree,policy_specific_mean,62.244035000000004
Social justice,education,Master's degree / Professional degree,policy_specific_mean,65.109035
Social justice,education,Doctorate degree / Ph.D.,policy_specific_mean,68.109035
Social justice,income,"Less than $30,000",policy_specific_mean,54.617000000000004
Social justice,income,"$30,000 to $55,999",policy_specific_mean,56.617000000000004
Social justice,income,"$56,000 to $99,999",policy_specific_mean,57.617000000000004
Social justice,income,"$100,000 to $167,999",policy_specific_mean,60.516999999999996
Social justice,income,"$168,000 or more",policy_specific_mean,62.482
Social justice,party,Republican,policy_specific_mean,39.2675
Social justice,party,Democrat,policy_specific_mean,78.41749999999999
Social justice,party,Independent,policy_specific_mean,57.967499999999994
Social justice,party,Other,policy_specific_mean,58.967499999999994
Social justice,gender,Male,behavior_mean,53.95800000000001
Social justice,gender,Female,behavior_mean,59.95800000000001
Social justice,gender,Other,behavior_mean,62.95800000000001
Social justice,age_band,18-29,behavior_mean,62.2398333337
Social justice,age_band,30-44,behavior_mean,59.2398333337
Social justice,age_band,45-59,behavior_mean,55.2398333337
Social justice,age_band,60+,behavior_mean,53.2398333337
Social justice,race,White / Caucasian,behavior_mean,54.719833333299995
Social justice,race,Black / African American,behavior_mean,60.719833333299995
Social justice,race,Hispanic / Latino,behavior_mean,61.719833333299995
Social justice,race,Asian / Asian American,behavior_mean,58.719833333299995
Social justice,race,Other,behavior_mean,57.719833333299995
Social justice,education,Less than high school,behavior_mean,50.589999999999996
Social justice,education,High school diploma / GED,behavior_mean,53.589999999999996
Social justice,education,Some college or Associate's degree,behavior_mean,56.589999999999996
Social justice,education,Bachelor's degree,behavior_mean,60.589999999999996
Social justice,education,Master's degree / Professional degree,behavior_mean,63.589999999999996
Social justice,education,Doctorate degree / Ph.D.,behavior_mean,65.59
Social justice,income,"Less than $30,000",behavior_mean,52.51499999999999
Social justice,income,"$30,000 to $55,999",behavior_mean,54.51499999999999
Social justice,income,"$56,000 to $99,999",behavior_mean,57.51499999999999
Social justice,income,"$100,000 to $167,999",behavior_mean,59.51499999999999
Social justice,income,"$168,000 or more",behavior_mean,60.51499999999999
Social justice,party,Republican,behavior_mean,40.38874999999999
Social justice,party,Democrat,behavior_mean,74.56375
Social justice,party,Independent,behavior_mean,56.538749999999986
Social justice,party,Other,behavior_mean,59.538749999999986
Social justice,gender,Male,donation_ams,3.5981000000000005
Social justice,gender,Female,donation_ams,3.7981
Social justice,gender,Other,donation_ams,3.6981
Social justice,age_band,18-29,donation_ams,3.40183888887
Social justice,age_band,30-44,donation_ams,3.60183888887
Social justice,age_band,45-59,donation_ams,3.8018388888699994
Social justice,age_band,60+,donation_ams,3.90183888887
Social justice,race,White / Caucasian,donation_ams,3.7273222222299998
Social justice,race,Black / African American,donation_ams,3.62732222223
Social justice,race,Hispanic / Latino,donation_ams,3.5273222222299996
Social justice,race,Asian / Asian American,donation_ams,4.127322222229999
Social justice,race,Other,donation_ams,3.5273222222299996
Social justice,education,Less than high school,donation_ams,3.1176000000000004
Social justice,education,High school diploma / GED,donation_ams,3.3175999999999997
Social justice,education,Some college or Associate's degree,donation_ams,3.6176000000000004
Social justice,education,Bachelor's degree,donation_ams,4.1175999999999995
Social justice,education,Master's degree / Professional degree,donation_ams,4.3176
Social justice,education,Doctorate degree / Ph.D.,donation_ams,4.6175999999999995
Social justice,income,"Less than $30,000",donation_ams,3.0179999999999993
Social justice,income,"$30,000 to $55,999",donation_ams,3.317999999999999
Social justice,income,"$56,000 to $99,999",donation_ams,3.7179999999999995
Social justice,income,"$100,000 to $167,999",donation_ams,4.018
Social justice,income,"$168,000 or more",donation_ams,4.3180000000000005
Social justice,party,Republican,donation_ams,2.9079999999999995
Social justice,party,Democrat,donation_ams,4.808
Social justice,party,Independent,donation_ams,3.508
Social justice,party,Other,donation_ams,3.808
Social justice,gender,Male,newsletter_signup,0.17922
Social justice,gender,Female,newsletter_signup,0.21921999999999997
Social justice,gender,Other,newsletter_signup,0.23922
Social justice,age_band,18-29,newsletter_signup,0.24675388889299996
Social justice,age_band,30-44,newsletter_signup,0.226753888893
Social justice,age_band,45-59,newsletter_signup,0.18675388889299996
Social justice,age_band,60+,newsletter_signup,0.156753888893
Social justice,race,White / Caucasian,newsletter_signup,0.17521944444399998
Social justice,race,Black / African American,newsletter_signup,0.24521944444399998
Social justice,race,Hispanic / Latino,newsletter_signup,0.24521944444399998
Social justice,race,Asian / Asian American,newsletter_signup,0.215219444444
Social justice,race,Other,newsletter_signup,0.205219444444
Social justice,education,Less than high school,newsletter_signup,0.15403999999999998
Social justice,education,High school diploma / GED,newsletter_signup,0.17404
Social justice,education,Some college or Associate's degree,newsletter_signup,0.19404000000000002
Social justice,education,Bachelor's degree,newsletter_signup,0.22404
Social justice,education,Master's degree / Professional degree,newsletter_signup,0.25404
Social justice,education,Doctorate degree / Ph.D.,newsletter_signup,0.27404
Social justice,income,"Less than $30,000",newsletter_signup,0.15439999999999998
Social justice,income,"$30,000 to $55,999",newsletter_signup,0.1744
Social justice,income,"$56,000 to $99,999",newsletter_signup,0.20439999999999997
Social justice,income,"$100,000 to $167,999",newsletter_signup,0.2244
Social justice,income,"$168,000 or more",newsletter_signup,0.2344
Social justice,party,Republican,newsletter_signup,0.1217
Social justice,party,Democrat,newsletter_signup,0.29169999999999996
Social justice,party,Independent,newsletter_signup,0.1917
Social justice,party,Other,newsletter_signup,0.21170000000000003
Interview Prof. Maraun,gender,Male,trust_multidimensional,56.742
Interview Prof. Maraun,gender,Female,trust_multidimensional,60.742
Interview Prof. Maraun,gender,Other,trust_multidimensional,60.742
Interview Prof. Maraun,age_band,18-29,trust_multidimensional,60.674277777899995
Interview Prof. Maraun,age_band,30-44,trust_multidimensional,59.674277777899995
Interview Prof. Maraun,age_band,45-59,trust_multidimensional,57.674277777899995
Interview Prof. Maraun,age_band,60+,trust_multidimensional,57.674277777899995
Interview Prof. Maraun,race,White / Caucasian,trust_multidimensional,58.10605555559999
Interview Prof. Maraun,race,Black / African American,trust_multidimensional,60.10605555559999
Interview Prof. Maraun,race,Hispanic / Latino,trust_multidimensional,59.10605555559999
Interview Prof. Maraun,race,Asian / Asian American,trust_multidimensional,62.10605555559999
Interview Prof. Maraun,race,Other,trust_multidimensional,58.10605555559999
Interview Prof. Maraun,education,Less than high school,trust_multidimensional,53.70899999999999
Interview Prof. Maraun,education,High school diploma / GED,trust_multidimensional,56.70899999999999
Interview Prof. Maraun,education,Some college or Associate's degree,trust_multidimensional,57.70899999999999
Interview Prof. Maraun,education,Bachelor's degree,trust_multidimensional,61.70899999999999
Interview Prof. Maraun,education,Master's degree / Professional degree,trust_multidimensional,63.70899999999999
Interview Prof. Maraun,education,Doctorate degree / Ph.D.,trust_multidimensional,66.70899999999999
Interview Prof. Maraun,income,"Less than $30,000",trust_multidimensional,54.679999999999986
Interview Prof. Maraun,income,"$30,000 to $55,999",trust_multidimensional,56.679999999999986
Interview Prof. Maraun,income,"$56,000 to $99,999",trust_multidimensional,58.679999999999986
Interview Prof. Maraun,income,"$100,000 to $167,999",trust_multidimensional,60.679999999999986
Interview Prof. Maraun,income,"$168,000 or more",trust_multidimensional,62.679999999999986
Interview Prof. Maraun,party,Republican,trust_multidimensional,45.025
Interview Prof. Maraun,party,Democrat,trust_multidimensional,73.02499999999999
Interview Prof. Maraun,party,Independent,trust_multidimensional,58.525
Interview Prof. Maraun,party,Other,trust_multidimensional,59.025
Interview Prof. Maraun,gender,Male,trust_post,60.74739999999999
Interview Prof. Maraun,gender,Female,trust_post,63.54739999999999
Interview Prof. Maraun,gender,Other,trust_post,64.7474
Interview Prof. Maraun,age_band,18-29,trust_post,64.1200777779
Interview Prof. Maraun,age_band,30-44,trust_post,63.12007777789999
Interview Prof. Maraun,age_band,45-59,trust_post,60.92007777789999
Interview Prof. Maraun,age_band,60+,trust_post,61.12007777789999
Interview Prof. Maraun,race,White / Caucasian,trust_post,61.32092222224
Interview Prof. Maraun,race,Black / African American,trust_post,64.12092222224
Interview Prof. Maraun,race,Hispanic / Latino,trust_post,63.12092222224
Interview Prof. Maraun,race,Asian / Asian American,trust_post,64.12092222224
Interview Prof. Maraun,race,Other,trust_post,62.12092222224
Interview Prof. Maraun,education,Less than high school,trust_post,57.455000000000005
Interview Prof. Maraun,education,High school diploma / GED,trust_post,59.955000000000005
Interview Prof. Maraun,education,Some college or Associate's degree,trust_post,61.455000000000005
Interview Prof. Maraun,education,Bachelor's degree,trust_post,64.455
Interview Prof. Maraun,education,Master's degree / Professional degree,trust_post,67.455
Interview Prof. Maraun,education,Doctorate degree / Ph.D.,trust_post,70.455
Interview Prof. Maraun,income,"Less than $30,000",trust_post,57.35
Interview Prof. Maraun,income,"$30,000 to $55,999",trust_post,59.85
Interview Prof. Maraun,income,"$56,000 to $99,999",trust_post,62.35
Interview Prof. Maraun,income,"$100,000 to $167,999",trust_post,64.35
Interview Prof. Maraun,income,"$168,000 or more",trust_post,66.35
Interview Prof. Maraun,party,Republican,trust_post,49.11
Interview Prof. Maraun,party,Democrat,trust_post,77.11
Interview Prof. Maraun,party,Independent,trust_post,61.11
Interview Prof. Maraun,party,Other,trust_post,62.11
Interview Prof. Maraun,gender,Male,distrust_post,39.9935
Interview Prof. Maraun,gender,Female,distrust_post,36.9935
Interview Prof. Maraun,gender,Other,distrust_post,36.9935
Interview Prof. Maraun,age_band,18-29,distrust_post,36.11230555534999
Interview Prof. Maraun,age_band,30-44,distrust_post,37.11230555534999
Interview Prof. Maraun,age_band,45-59,distrust_post,39.11230555534999
Interview Prof. Maraun,age_band,60+,distrust_post,40.61230555534999
Interview Prof. Maraun,race,White / Caucasian,distrust_post,39.12083333335
Interview Prof. Maraun,race,Black / African American,distrust_post,37.12083333335
Interview Prof. Maraun,race,Hispanic / Latino,distrust_post,37.62083333335
Interview Prof. Maraun,race,Asian / Asian American,distrust_post,36.62083333335
Interview Prof. Maraun,race,Other,distrust_post,39.62083333335
Interview Prof. Maraun,education,Less than high school,distrust_post,43.046
Interview Prof. Maraun,education,High school diploma / GED,distrust_post,41.046
Interview Prof. Maraun,education,Some college or Associate's degree,distrust_post,39.046
Interview Prof. Maraun,education,Bachelor's degree,distrust_post,36.046
Interview Prof. Maraun,education,Master's degree / Professional degree,distrust_post,33.046
Interview Prof. Maraun,education,Doctorate degree / Ph.D.,distrust_post,31.045999999999996
Interview Prof. Maraun,income,"Less than $30,000",distrust_post,42.56999999999999
Interview Prof. Maraun,income,"$30,000 to $55,999",distrust_post,40.56999999999999
Interview Prof. Maraun,income,"$56,000 to $99,999",distrust_post,38.56999999999999
Interview Prof. Maraun,income,"$100,000 to $167,999",distrust_post,36.56999999999999
Interview Prof. Maraun,income,"$168,000 or more",distrust_post,34.56999999999999
Interview Prof. Maraun,party,Republican,distrust_post,51.459999999999994
Interview Prof. Maraun,party,Democrat,distrust_post,25.45999999999999
Interview Prof. Maraun,party,Independent,distrust_post,38.459999999999994
Interview Prof. Maraun,party,Other,distrust_post,37.459999999999994
Interview Prof. Maraun,gender,Male,funding_perceptions,54.91474999999999
Interview Prof. Maraun,gender,Female,funding_perceptions,59.41474999999999
Interview Prof. Maraun,gender,Other,funding_perceptions,61.41474999999999
Interview Prof. Maraun,age_band,18-29,funding_perceptions,60.92402777804999
Interview Prof. Maraun,age_band,30-44,funding_perceptions,58.92402777804999
Interview Prof. Maraun,age_band,45-59,funding_perceptions,55.92402777804999
Interview Prof. Maraun,age_band,60+,funding_perceptions,54.42402777804999
Interview Prof. Maraun,race,White / Caucasian,funding_perceptions,54.594388888900006
Interview Prof. Maraun,race,Black / African American,funding_perceptions,62.594388888900006
Interview Prof. Maraun,race,Hispanic / Latino,funding_perceptions,61.594388888900006
Interview Prof. Maraun,race,Asian / Asian American,funding_perceptions,58.594388888900006
Interview Prof. Maraun,race,Other,funding_perceptions,59.594388888900006
Interview Prof. Maraun,education,Less than high school,funding_perceptions,51.382
Interview Prof. Maraun,education,High school diploma / GED,funding_perceptions,54.382
Interview Prof. Maraun,education,Some college or Associate's degree,funding_perceptions,56.382
Interview Prof. Maraun,education,Bachelor's degree,funding_perceptions,60.382
Interview Prof. Maraun,education,Master's degree / Professional degree,funding_perceptions,63.382
Interview Prof. Maraun,education,Doctorate degree / Ph.D.,funding_perceptions,66.38199999999999
Interview Prof. Maraun,income,"Less than $30,000",funding_perceptions,53.32999999999999
Interview Prof. Maraun,income,"$30,000 to $55,999",funding_perceptions,55.32999999999999
Interview Prof. Maraun,income,"$56,000 to $99,999",funding_perceptions,57.32999999999999
Interview Prof. Maraun,income,"$100,000 to $167,999",funding_perceptions,59.32999999999999
Interview Prof. Maraun,income,"$168,000 or more",funding_perceptions,60.32999999999999
Interview Prof. Maraun,party,Republican,funding_perceptions,42.78999999999999
Interview Prof. Maraun,party,Democrat,funding_perceptions,75.78999999999999
Interview Prof. Maraun,party,Independent,funding_perceptions,54.78999999999999
Interview Prof. Maraun,party,Other,funding_perceptions,57.78999999999999
Interview Prof. Maraun,gender,Male,policy_role_mean,57.47425
Interview Prof. Maraun,gender,Female,policy_role_mean,60.97425
Interview Prof. Maraun,gender,Other,policy_role_mean,63.47425
Interview Prof. Maraun,age_band,18-29,policy_role_mean,62.4603333336
Interview Prof. Maraun,age_band,30-44,policy_role_mean,60.9603333336
Interview Prof. Maraun,age_band,45-59,policy_role_mean,58.4603333336
Interview Prof. Maraun,age_band,60+,policy_role_mean,56.4603333336
Interview Prof. Maraun,race,White / Caucasian,policy_role_mean,57.516
Interview Prof. Maraun,race,Black / African American,policy_role_mean,63.516
Interview Prof. Maraun,race,Hispanic / Latino,policy_role_mean,61.516
Interview Prof. Maraun,race,Asian / Asian American,policy_role_mean,61.516
Interview Prof. Maraun,race,Other,policy_role_mean,59.516
Interview Prof. Maraun,education,Less than high school,policy_role_mean,53.789
Interview Prof. Maraun,education,High school diploma / GED,policy_role_mean,56.789
Interview Prof. Maraun,education,Some college or Associate's degree,policy_role_mean,58.789
Interview Prof. Maraun,education,Bachelor's degree,policy_role_mean,61.789
Interview Prof. Maraun,education,Master's degree / Professional degree,policy_role_mean,64.789
Interview Prof. Maraun,education,Doctorate degree / Ph.D.,policy_role_mean,67.789
Interview Prof. Maraun,income,"Less than $30,000",policy_role_mean,55.37999999999999
Interview Prof. Maraun,income,"$30,000 to $55,999",policy_role_mean,57.37999999999999
Interview Prof. Maraun,income,"$56,000 to $99,999",policy_role_mean,59.37999999999999
Interview Prof. Maraun,income,"$100,000 to $167,999",policy_role_mean,61.37999999999999
Interview Prof. Maraun,income,"$168,000 or more",policy_role_mean,62.37999999999999
Interview Prof. Maraun,party,Republican,policy_role_mean,44.245
Interview Prof. Maraun,party,Democrat,policy_role_mean,75.245
Interview Prof. Maraun,party,Independent,policy_role_mean,58.745
Interview Prof. Maraun,party,Other,policy_role_mean,60.245
Interview Prof. Maraun,gender,Male,inst_trust_mean,52.120999999999995
Interview Prof. Maraun,gender,Female,inst_trust_mean,54.120999999999995
Interview Prof. Maraun,gender,Other,inst_trust_mean,54.120999999999995
Interview Prof. Maraun,age_band,18-29,inst_trust_mean,52.889555555600005
Interview Prof. Maraun,age_band,30-44,inst_trust_mean,53.889555555600005
Interview Prof. Maraun,age_band,45-59,inst_trust_mean,52.889555555600005
Interview Prof. Maraun,age_band,60+,inst_trust_mean,52.889555555600005
Interview Prof. Maraun,race,White / Caucasian,inst_trust_mean,53.3943888889
Interview Prof. Maraun,race,Black / African American,inst_trust_mean,53.3943888889
Interview Prof. Maraun,race,Hispanic / Latino,inst_trust_mean,51.3943888889
Interview Prof. Maraun,race,Asian / Asian American,inst_trust_mean,56.3943888889
Interview Prof. Maraun,race,Other,inst_trust_mean,50.3943888889
Interview Prof. Maraun,education,Less than high school,inst_trust_mean,47.42299999999999
Interview Prof. Maraun,education,High school diploma / GED,inst_trust_mean,50.42299999999999
Interview Prof. Maraun,education,Some college or Associate's degree,inst_trust_mean,52.42299999999999
Interview Prof. Maraun,education,Bachelor's degree,inst_trust_mean,56.42299999999999
Interview Prof. Maraun,education,Master's degree / Professional degree,inst_trust_mean,58.42299999999999
Interview Prof. Maraun,education,Doctorate degree / Ph.D.,inst_trust_mean,61.42299999999999
Interview Prof. Maraun,income,"Less than $30,000",inst_trust_mean,49.849999999999994
Interview Prof. Maraun,income,"$30,000 to $55,999",inst_trust_mean,50.849999999999994
Interview Prof. Maraun,income,"$56,000 to $99,999",inst_trust_mean,52.849999999999994
Interview Prof. Maraun,income,"$100,000 to $167,999",inst_trust_mean,54.849999999999994
Interview Prof. Maraun,income,"$168,000 or more",inst_trust_mean,56.849999999999994
Interview Prof. Maraun,party,Republican,inst_trust_mean,42.32999999999999
Interview Prof. Maraun,party,Democrat,inst_trust_mean,65.33
Interview Prof. Maraun,party,Independent,inst_trust_mean,52.32999999999999
Interview Prof. Maraun,party,Other,inst_trust_mean,53.32999999999999
Interview Prof. Maraun,gender,Male,belief_post,65.7575
Interview Prof. Maraun,gender,Female,belief_post,70.7575
Interview Prof. Maraun,gender,Other,belief_post,72.7575
Interview Prof. Maraun,age_band,18-29,belief_post,72.89694444469998
Interview Prof. Maraun,age_band,30-44,belief_post,69.89694444469998
Interview Prof. Maraun,age_band,45-59,belief_post,65.89694444469998
Interview Prof. Maraun,age_band,60+,belief_post,65.89694444469998
Interview Prof. Maraun,race,White / Caucasian,belief_post,65.84099999999998
Interview Prof. Maraun,race,Black / African American,belief_post,72.84099999999998
Interview Prof. Maraun,race,Hispanic / Latino,belief_post,71.84099999999998
Interview Prof. Maraun,race,Asian / Asian American,belief_post,73.84099999999998
Interview Prof. Maraun,race,Other,belief_post,66.84099999999998
Interview Prof. Maraun,education,Less than high school,belief_post,60.33599999999999
Interview Prof. Maraun,education,High school diploma / GED,belief_post,63.33599999999999
Interview Prof. Maraun,education,Some college or Associate's degree,belief_post,67.33599999999998
Interview Prof. Maraun,education,Bachelor's degree,belief_post,73.33599999999998
Interview Prof. Maraun,education,Master's degree / Professional degree,belief_post,77.33599999999998
Interview Prof. Maraun,education,Doctorate degree / Ph.D.,belief_post,81.33599999999998
Interview Prof. Maraun,income,"Less than $30,000",belief_post,62.77
Interview Prof. Maraun,income,"$30,000 to $55,999",belief_post,65.76999999999998
Interview Prof. Maraun,income,"$56,000 to $99,999",belief_post,68.76999999999998
Interview Prof. Maraun,income,"$100,000 to $167,999",belief_post,70.76999999999998
Interview Prof. Maraun,income,"$168,000 or more",belief_post,72.76999999999998
Interview Prof. Maraun,party,Republican,belief_post,49.36699999999998
Interview Prof. Maraun,party,Democrat,belief_post,87.26699999999998
Interview Prof. Maraun,party,Independent,belief_post,68.36699999999998
Interview Prof. Maraun,party,Other,belief_post,69.36699999999998
Interview Prof. Maraun,gender,Male,concern_mean,58.04299999999999
Interview Prof. Maraun,gender,Female,concern_mean,64.043
Interview Prof. Maraun,gender,Other,concern_mean,66.043
Interview Prof. Maraun,age_band,18-29,concern_mean,64.9785000003
Interview Prof. Maraun,age_band,30-44,concern_mean,62.97850000029999
Interview Prof. Maraun,age_band,45-59,concern_mean,59.97850000029999
Interview Prof. Maraun,age_band,60+,concern_mean,57.97850000029999
Interview Prof. Maraun,race,White / Caucasian,concern_mean,58.63255555549999
Interview Prof. Maraun,race,Black / African American,concern_mean,65.6325555555
Interview Prof. Maraun,race,Hispanic / Latino,concern_mean,65.6325555555
Interview Prof. Maraun,race,Asian / Asian American,concern_mean,63.63255555549999
Interview Prof. Maraun,race,Other,concern_mean,60.63255555549999
Interview Prof. Maraun,education,Less than high school,concern_mean,55.41199999999999
Interview Prof. Maraun,education,High school diploma / GED,concern_mean,57.91199999999999
Interview Prof. Maraun,education,Some college or Associate's degree,concern_mean,60.41199999999999
Interview Prof. Maraun,education,Bachelor's degree,concern_mean,64.412
Interview Prof. Maraun,education,Master's degree / Professional degree,concern_mean,67.412
Interview Prof. Maraun,education,Doctorate degree / Ph.D.,concern_mean,70.412
Interview Prof. Maraun,income,"Less than $30,000",concern_mean,57.14999999999999
Interview Prof. Maraun,income,"$30,000 to $55,999",concern_mean,59.14999999999999
Interview Prof. Maraun,income,"$56,000 to $99,999",concern_mean,60.64999999999999
Interview Prof. Maraun,income,"$100,000 to $167,999",concern_mean,63.14999999999999
Interview Prof. Maraun,income,"$168,000 or more",concern_mean,65.15
Interview Prof. Maraun,party,Republican,concern_mean,43.8735
Interview Prof. Maraun,party,Democrat,concern_mean,78.8235
Interview Prof. Maraun,party,Independent,concern_mean,60.8735
Interview Prof. Maraun,party,Other,concern_mean,62.8735
Interview Prof. Maraun,gender,Male,policy_general,61.01200000000001
Interview Prof. Maraun,gender,Female,policy_general,65.012
Interview Prof. Maraun,gender,Other,policy_general,68.012
Interview Prof. Maraun,age_band,18-29,policy_general,67.62091666705
Interview Prof. Maraun,age_band,30-44,policy_general,65.62091666705
Interview Prof. Maraun,age_band,45-59,policy_general,61.620916667050004
Interview Prof. Maraun,age_band,60+,policy_general,59.120916667050004
Interview Prof. Maraun,race,White / Caucasian,policy_general,60.11033333329999
Interview Prof. Maraun,race,Black / African American,policy_general,69.61033333329999
Interview Prof. Maraun,race,Hispanic / Latino,policy_general,67.61033333329999
Interview Prof. Maraun,race,Asian / Asian American,policy_general,65.61033333329999
Interview Prof. Maraun,race,Other,policy_general,63.61033333329999
Interview Prof. Maraun,education,Less than high school,policy_general,55.559000000000005
Interview Prof. Maraun,education,High school diploma / GED,policy_general,59.559000000000005
Interview Prof. Maraun,education,Some college or Associate's degree,policy_general,62.559000000000005
Interview Prof. Maraun,education,Bachelor's degree,policy_general,66.559
Interview Prof. Maraun,education,Master's degree / Professional degree,policy_general,70.559
Interview Prof. Maraun,education,Doctorate degree / Ph.D.,policy_general,73.559
Interview Prof. Maraun,income,"Less than $30,000",policy_general,57.120000000000005
Interview Prof. Maraun,income,"$30,000 to $55,999",policy_general,60.120000000000005
Interview Prof. Maraun,income,"$56,000 to $99,999",policy_general,63.120000000000005
Interview Prof. Maraun,income,"$100,000 to $167,999",policy_general,66.12
Interview Prof. Maraun,income,"$168,000 or more",policy_general,68.12
Interview Prof. Maraun,party,Republican,policy_general,43.989999999999995
Interview Prof. Maraun,party,Democrat,policy_general,83.99
Interview Prof. Maraun,party,Independent,policy_general,61.989999999999995
Interview Prof. Maraun,party,Other,policy_general,64.99
Interview Prof. Maraun,gender,Male,policy_specific_mean,55.96199999999999
Interview Prof. Maraun,gender,Female,policy_specific_mean,59.96199999999999
Interview Prof. Maraun,gender,Other,policy_specific_mean,62.96199999999999
Interview Prof. Maraun,age_band,18-29,policy_specific_mean,62.416444444799986
Interview Prof. Maraun,age_band,30-44,policy_specific_mean,60.416444444799986
Interview Prof. Maraun,age_band,45-59,policy_specific_mean,56.416444444799986
Interview Prof. Maraun,age_band,60+,policy_specific_mean,54.416444444799986
Interview Prof. Maraun,race,White / Caucasian,policy_specific_mean,55.807888888799994
Interview Prof. Maraun,race,Black / African American,policy_specific_mean,62.807888888799994
Interview Prof. Maraun,race,Hispanic / Latino,policy_specific_mean,61.807888888799994
Interview Prof. Maraun,race,Asian / Asian American,policy_specific_mean,59.807888888799994
Interview Prof. Maraun,race,Other,policy_specific_mean,56.807888888799994
Interview Prof. Maraun,education,Less than high school,policy_specific_mean,51.82499999999999
Interview Prof. Maraun,education,High school diploma / GED,policy_specific_mean,54.82499999999999
Interview Prof. Maraun,education,Some college or Associate's degree,policy_specific_mean,56.82499999999999
Interview Prof. Maraun,education,Bachelor's degree,policy_specific_mean,61.82499999999999
Interview Prof. Maraun,education,Master's degree / Professional degree,policy_specific_mean,64.82499999999999
Interview Prof. Maraun,education,Doctorate degree / Ph.D.,policy_specific_mean,67.82499999999999
Interview Prof. Maraun,income,"Less than $30,000",policy_specific_mean,54.17
Interview Prof. Maraun,income,"$30,000 to $55,999",policy_specific_mean,56.17
Interview Prof. Maraun,income,"$56,000 to $99,999",policy_specific_mean,57.17
Interview Prof. Maraun,income,"$100,000 to $167,999",policy_specific_mean,60.17
Interview Prof. Maraun,income,"$168,000 or more",policy_specific_mean,62.17
Interview Prof. Maraun,party,Republican,policy_specific_mean,39.5
Interview Prof. Maraun,party,Democrat,policy_specific_mean,77.49999999999999
Interview Prof. Maraun,party,Independent,policy_specific_mean,57.5
Interview Prof. Maraun,party,Other,policy_specific_mean,58.5
Interview Prof. Maraun,gender,Male,behavior_mean,53.882999999999996
Interview Prof. Maraun,gender,Female,behavior_mean,59.882999999999996
Interview Prof. Maraun,gender,Other,behavior_mean,62.882999999999996
Interview Prof. Maraun,age_band,18-29,behavior_mean,62.164833333699995
Interview Prof. Maraun,age_band,30-44,behavior_mean,59.164833333699995
Interview Prof. Maraun,age_band,45-59,behavior_mean,55.164833333699995
Interview Prof. Maraun,age_band,60+,behavior_mean,53.164833333699995
Interview Prof. Maraun,race,White / Caucasian,behavior_mean,54.64483333329999
Interview Prof. Maraun,race,Black / African American,behavior_mean,60.64483333329999
Interview Prof. Maraun,race,Hispanic / Latino,behavior_mean,61.64483333329999
Interview Prof. Maraun,race,Asian / Asian American,behavior_mean,58.64483333329999
Interview Prof. Maraun,race,Other,behavior_mean,57.64483333329999
Interview Prof. Maraun,education,Less than high school,behavior_mean,50.515
Interview Prof. Maraun,education,High school diploma / GED,behavior_mean,53.515
Interview Prof. Maraun,education,Some college or Associate's degree,behavior_mean,56.515
Interview Prof. Maraun,education,Bachelor's degree,behavior_mean,60.515
Interview Prof. Maraun,education,Master's degree / Professional degree,behavior_mean,63.515
Interview Prof. Maraun,education,Doctorate degree / Ph.D.,behavior_mean,65.515
Interview Prof. Maraun,income,"Less than $30,000",behavior_mean,52.43999999999999
Interview Prof. Maraun,income,"$30,000 to $55,999",behavior_mean,54.43999999999999
Interview Prof. Maraun,income,"$56,000 to $99,999",behavior_mean,57.43999999999999
Interview Prof. Maraun,income,"$100,000 to $167,999",behavior_mean,59.43999999999999
Interview Prof. Maraun,income,"$168,000 or more",behavior_mean,60.43999999999999
Interview Prof. Maraun,party,Republican,behavior_mean,40.43
Interview Prof. Maraun,party,Democrat,behavior_mean,74.43
Interview Prof. Maraun,party,Independent,behavior_mean,56.43
Interview Prof. Maraun,party,Other,behavior_mean,59.43
Interview Prof. Maraun,gender,Male,donation_ams,3.5981000000000005
Interview Prof. Maraun,gender,Female,donation_ams,3.7981
Interview Prof. Maraun,gender,Other,donation_ams,3.6981
Interview Prof. Maraun,age_band,18-29,donation_ams,3.40183888887
Interview Prof. Maraun,age_band,30-44,donation_ams,3.60183888887
Interview Prof. Maraun,age_band,45-59,donation_ams,3.8018388888699994
Interview Prof. Maraun,age_band,60+,donation_ams,3.90183888887
Interview Prof. Maraun,race,White / Caucasian,donation_ams,3.7273222222299998
Interview Prof. Maraun,race,Black / African American,donation_ams,3.62732222223
Interview Prof. Maraun,race,Hispanic / Latino,donation_ams,3.5273222222299996
Interview Prof. Maraun,race,Asian / Asian American,donation_ams,4.127322222229999
Interview Prof. Maraun,race,Other,donation_ams,3.5273222222299996
Interview Prof. Maraun,education,Less than high school,donation_ams,3.1176000000000004
Interview Prof. Maraun,education,High school diploma / GED,donation_ams,3.3175999999999997
Interview Prof. Maraun,education,Some college or Associate's degree,donation_ams,3.6176000000000004
Interview Prof. Maraun,education,Bachelor's degree,donation_ams,4.1175999999999995
Interview Prof. Maraun,education,Master's degree / Professional degree,donation_ams,4.3176
Interview Prof. Maraun,education,Doctorate degree / Ph.D.,donation_ams,4.6175999999999995
Interview Prof. Maraun,income,"Less than $30,000",donation_ams,3.0179999999999993
Interview Prof. Maraun,income,"$30,000 to $55,999",donation_ams,3.317999999999999
Interview Prof. Maraun,income,"$56,000 to $99,999",donation_ams,3.7179999999999995
Interview Prof. Maraun,income,"$100,000 to $167,999",donation_ams,4.018
Interview Prof. Maraun,income,"$168,000 or more",donation_ams,4.3180000000000005
Interview Prof. Maraun,party,Republican,donation_ams,2.9079999999999995
Interview Prof. Maraun,party,Democrat,donation_ams,4.808
Interview Prof. Maraun,party,Independent,donation_ams,3.508
Interview Prof. Maraun,party,Other,donation_ams,3.808
Interview Prof. Maraun,gender,Male,newsletter_signup,0.17922
Interview Prof. Maraun,gender,Female,newsletter_signup,0.21921999999999997
Interview Prof. Maraun,gender,Other,newsletter_signup,0.23922
Interview Prof. Maraun,age_band,18-29,newsletter_signup,0.24675388889299996
Interview Prof. Maraun,age_band,30-44,newsletter_signup,0.226753888893
Interview Prof. Maraun,age_band,45-59,newsletter_signup,0.18675388889299996
Interview Prof. Maraun,age_band,60+,newsletter_signup,0.156753888893
Interview Prof. Maraun,race,White / Caucasian,newsletter_signup,0.17521944444399998
Interview Prof. Maraun,race,Black / African American,newsletter_signup,0.24521944444399998
Interview Prof. Maraun,race,Hispanic / Latino,newsletter_signup,0.24521944444399998
Interview Prof. Maraun,race,Asian / Asian American,newsletter_signup,0.215219444444
Interview Prof. Maraun,race,Other,newsletter_signup,0.205219444444
Interview Prof. Maraun,education,Less than high school,newsletter_signup,0.15403999999999998
Interview Prof. Maraun,education,High school diploma / GED,newsletter_signup,0.17404
Interview Prof. Maraun,education,Some college or Associate's degree,newsletter_signup,0.19404000000000002
Interview Prof. Maraun,education,Bachelor's degree,newsletter_signup,0.22404
Interview Prof. Maraun,education,Master's degree / Professional degree,newsletter_signup,0.25404
Interview Prof. Maraun,education,Doctorate degree / Ph.D.,newsletter_signup,0.27404
Interview Prof. Maraun,income,"Less than $30,000",newsletter_signup,0.15439999999999998
Interview Prof. Maraun,income,"$30,000 to $55,999",newsletter_signup,0.1744
Interview Prof. Maraun,income,"$56,000 to $99,999",newsletter_signup,0.20439999999999997
Interview Prof. Maraun,income,"$100,000 to $167,999",newsletter_signup,0.2244
Interview Prof. Maraun,income,"$168,000 or more",newsletter_signup,0.2344
Interview Prof. Maraun,party,Republican,newsletter_signup,0.1217
Interview Prof. Maraun,party,Democrat,newsletter_signup,0.29169999999999996
Interview Prof. Maraun,party,Independent,newsletter_signup,0.1917
Interview Prof. Maraun,party,Other,newsletter_signup,0.21170000000000003
Funding,gender,Male,trust_multidimensional,56.99105
Funding,gender,Female,trust_multidimensional,61.09105
Funding,gender,Other,trust_multidimensional,61.04105
Funding,age_band,18-29,trust_multidimensional,61.0704166668
Funding,age_band,30-44,trust_multidimensional,60.0704166668
Funding,age_band,45-59,trust_multidimensional,57.9204166668
Funding,age_band,60+,trust_multidimensional,57.8704166668
Funding,race,White / Caucasian,trust_multidimensional,58.361872222265
Funding,race,Black / African American,trust_multidimensional,60.461872222264994
Funding,race,Hispanic / Latino,trust_multidimensional,59.511872222265
Funding,race,Asian / Asian American,trust_multidimensional,62.411872222264996
Funding,race,Other,trust_multidimensional,58.411872222264996
Funding,education,Less than high school,trust_multidimensional,53.934449999999984
Funding,education,High school diploma / GED,trust_multidimensional,56.934449999999984
Funding,education,Some college or Associate's degree,trust_multidimensional,57.98444999999999
Funding,education,Bachelor's degree,trust_multidimensional,62.08444999999998
Funding,education,Master's degree / Professional degree,trust_multidimensional,64.13444999999999
Funding,education,Doctorate degree / Ph.D.,trust_multidimensional,67.13444999999999
Funding,income,"Less than $30,000",trust_multidimensional,55.042
Funding,income,"$30,000 to $55,999",trust_multidimensional,57.042
Funding,income,"$56,000 to $99,999",trust_multidimensional,58.992000000000004
Funding,income,"$100,000 to $167,999",trust_multidimensional,60.942
Funding,income,"$168,000 or more",trust_multidimensional,62.892
Funding,party,Republican,trust_multidimensional,45.457
Funding,party,Democrat,trust_multidimensional,73.057
Funding,party,Independent,trust_multidimensional,58.907000000000004
Funding,party,Other,trust_multidimensional,59.307
Funding,gender,Male,trust_post,61.1474
Funding,gender,Female,trust_post,63.947399999999995
Funding,gender,Other,trust_post,65.14739999999999
Funding,age_band,18-29,trust_post,64.5200777779
Funding,age_band,30-44,trust_post,63.5200777779
Funding,age_band,45-59,trust_post,61.320077777899996
Funding,age_band,60+,trust_post,61.5200777779
Funding,race,White / Caucasian,trust_post,61.72092222224
Funding,race,Black / African American,trust_post,64.52092222223999
Funding,race,Hispanic / Latino,trust_post,63.520922222239996
Funding,race,Asian / Asian American,trust_post,64.52092222223999
Funding,race,Other,trust_post,62.520922222239996
Funding,education,Less than high school,trust_post,57.855000000000004
Funding,education,High school diploma / GED,trust_post,60.355000000000004
Funding,education,Some college or Associate's degree,trust_post,61.855000000000004
Funding,education,Bachelor's degree,trust_post,64.85499999999999
Funding,education,Master's degree / Professional degree,trust_post,67.85499999999999
Funding,education,Doctorate degree / Ph.D.,trust_post,70.85499999999999
Funding,income,"Less than $30,000",trust_post,57.75
Funding,income,"$30,000 to $55,999",trust_post,60.25
Funding,income,"$56,000 to $99,999",trust_post,62.75
Funding,income,"$100,000 to $167,999",trust_post,64.74999999999999
Funding,income,"$168,000 or more",trust_post,66.74999999999999
Funding,party,Republican,trust_post,49.714
Funding,party,Democrat,trust_post,77.214
Funding,party,Independent,trust_post,61.564
Funding,party,Other,trust_post,62.564
Funding,gender,Male,distrust_post,39.668724999999995
Funding,gender,Female,distrust_post,36.618725
Funding,gender,Other,distrust_post,36.668724999999995
Funding,age_band,18-29,distrust_post,35.7085111109
Funding,age_band,30-44,distrust_post,36.7085111109
Funding,age_band,45-59,distrust_post,38.80851111089999
Funding,age_band,60+,distrust_post,40.30851111089999
Funding,race,White / Caucasian,distrust_post,38.795105555575
Funding,race,Black / African American,distrust_post,36.745105555574995
Funding,race,Hispanic / Latino,distrust_post,37.195105555575
Funding,race,Asian / Asian American,distrust_post,36.295105555575
Funding,race,Other,distrust_post,39.295105555575
Funding,education,Less than high school,distrust_post,42.72089999999999
Funding,education,High school diploma / GED,distrust_post,40.72089999999999
Funding,education,Some college or Associate's degree,distrust_post,38.72089999999999
Funding,education,Bachelor's degree,distrust_post,35.670899999999996
Funding,education,Master's degree / Professional degree,distrust_post,32.6209
Funding,education,Doctorate degree / Ph.D.,distrust_post,30.620899999999995
Funding,income,"Less than $30,000",distrust_post,42.188
Funding,income,"$30,000 to $55,999",distrust_post,40.188
Funding,income,"$56,000 to $99,999",distrust_post,38.23800000000001
Funding,income,"$100,000 to $167,999",distrust_post,36.23800000000001
Funding,income,"$168,000 or more",distrust_post,34.23800000000001
Funding,party,Republican,distrust_post,50.8915
Funding,party,Democrat,distrust_post,25.441499999999998
Funding,party,Independent,distrust_post,38.0415
Funding,party,Other,distrust_post,37.1415
Funding,gender,Male,funding_perceptions,57.664750000000005
Funding,gender,Female,funding_perceptions,62.164750000000005
Funding,gender,Other,funding_perceptions,64.16475
Funding,age_band,18-29,funding_perceptions,63.67402777805
Funding,age_band,30-44,funding_perceptions,61.67402777805
Funding,age_band,45-59,funding_perceptions,58.67402777805
Funding,age_band,60+,funding_perceptions,57.17402777805
Funding,race,White / Caucasian,funding_perceptions,57.344388888900006
Funding,race,Black / African American,funding_perceptions,65.3443888889
Funding,race,Hispanic / Latino,funding_perceptions,64.3443888889
Funding,race,Asian / Asian American,funding_perceptions,61.344388888900006
Funding,race,Other,funding_perceptions,62.344388888900006
Funding,education,Less than high school,funding_perceptions,54.132
Funding,education,High school diploma / GED,funding_perceptions,57.132
Funding,education,Some college or Associate's degree,funding_perceptions,59.132
Funding,education,Bachelor's degree,funding_perceptions,63.132
Funding,education,Master's degree / Professional degree,funding_perceptions,66.132
Funding,education,Doctorate degree / Ph.D.,funding_perceptions,69.132
Funding,income,"Less than $30,000",funding_perceptions,56.07999999999999
Funding,income,"$30,000 to $55,999",funding_perceptions,58.07999999999999
Funding,income,"$56,000 to $99,999",funding_perceptions,60.07999999999999
Funding,income,"$100,000 to $167,999",funding_perceptions,62.07999999999999
Funding,income,"$168,000 or more",funding_perceptions,63.07999999999999
Funding,party,Republican,funding_perceptions,45.402499999999996
Funding,party,Democrat,funding_perceptions,78.40249999999999
Funding,party,Independent,funding_perceptions,57.7025
Funding,party,Other,funding_perceptions,60.652499999999996
Funding,gender,Male,policy_role_mean,57.66163749999999
Funding,gender,Female,policy_role_mean,61.186637499999996
Funding,gender,Other,policy_role_mean,63.66163749999999
Funding,age_band,18-29,policy_role_mean,62.70719027804749
Funding,age_band,30-44,policy_role_mean,61.18219027804749
Funding,age_band,45-59,policy_role_mean,58.632190278047496
Funding,age_band,60+,policy_role_mean,56.632190278047496
Funding,race,White / Caucasian,policy_role_mean,57.703863888887504
Funding,race,Black / African American,policy_role_mean,63.7288638888875
Funding,race,Hispanic / Latino,policy_role_mean,61.7538638888875
Funding,race,Asian / Asian American,policy_role_mean,61.703863888887504
Funding,race,Other,policy_role_mean,59.703863888887504
Funding,education,Less than high school,policy_role_mean,53.97302499999999
Funding,education,High school diploma / GED,policy_role_mean,56.97302499999999
Funding,education,Some college or Associate's degree,policy_role_mean,58.97302499999999
Funding,education,Bachelor's degree,policy_role_mean,61.99802499999999
Funding,education,Master's degree / Professional degree,policy_role_mean,65.048025
Funding,education,Doctorate degree / Ph.D.,policy_role_mean,68.048025
Funding,income,"Less than $30,000",policy_role_mean,55.59599999999999
Funding,income,"$30,000 to $55,999",policy_role_mean,57.59599999999999
Funding,income,"$56,000 to $99,999",policy_role_mean,59.57099999999999
Funding,income,"$100,000 to $167,999",policy_role_mean,61.57099999999999
Funding,income,"$168,000 or more",policy_role_mean,62.57099999999999
Funding,party,Republican,policy_role_mean,44.608999999999995
Funding,party,Democrat,policy_role_mean,75.25899999999999
Funding,party,Independent,policy_role_mean,58.958999999999996
Funding,party,Other,policy_role_mean,60.40899999999999
Funding,gender,Male,inst_trust_mean,52.271
Funding,gender,Female,inst_trust_mean,54.271
Funding,gender,Other,inst_trust_mean,54.271
Funding,age_band,18-29,inst_trust_mean,53.03955555559998
Funding,age_band,30-44,inst_trust_mean,54.03955555559998
Funding,age_band,45-59,inst_trust_mean,53.03955555559998
Funding,age_band,60+,inst_trust_mean,53.03955555559998
Funding,race,White / Caucasian,inst_trust_mean,53.544388888899995
Funding,race,Black / African American,inst_trust_mean,53.544388888899995
Funding,race,Hispanic / Latino,inst_trust_mean,51.544388888899995
Funding,race,Asian / Asian American,inst_trust_mean,56.544388888899995
Funding,race,Other,inst_trust_mean,50.544388888899995
Funding,education,Less than high school,inst_trust_mean,47.57299999999999
Funding,education,High school diploma / GED,inst_trust_mean,50.57299999999999
Funding,education,Some college or Associate's degree,inst_trust_mean,52.57299999999999
Funding,education,Bachelor's degree,inst_trust_mean,56.57299999999999
Funding,education,Master's degree / Professional degree,inst_trust_mean,58.57299999999999
Funding,education,Doctorate degree / Ph.D.,inst_trust_mean,61.57299999999999
Funding,income,"Less than $30,000",inst_trust_mean,49.99999999999999
Funding,income,"$30,000 to $55,999",inst_trust_mean,50.99999999999999
Funding,income,"$56,000 to $99,999",inst_trust_mean,52.99999999999999
Funding,income,"$100,000 to $167,999",inst_trust_mean,54.99999999999999
Funding,income,"$168,000 or more",inst_trust_mean,56.99999999999999
Funding,party,Republican,inst_trust_mean,42.543499999999995
Funding,party,Democrat,inst_trust_mean,65.3935
Funding,party,Independent,inst_trust_mean,52.49349999999999
Funding,party,Other,inst_trust_mean,53.49349999999999
Funding,gender,Male,belief_post,65.79741000000001
Funding,gender,Female,belief_post,70.81741000000001
Funding,gender,Other,belief_post,72.79741000000001
Funding,age_band,18-29,belief_post,72.97644611136899
Funding,age_band,30-44,belief_post,69.966446111369
Funding,age_band,45-59,belief_post,65.92644611136899
Funding,age_band,60+,belief_post,65.92644611136899
Funding,race,White / Caucasian,belief_post,65.88129111111002
Funding,race,Black / African American,belief_post,72.90129111111
Funding,race,Hispanic / Latino,belief_post,71.92129111111001
Funding,race,Asian / Asian American,belief_post,73.88129111111002
Funding,race,Other,belief_post,66.88129111111002
Funding,education,Less than high school,belief_post,60.37462999999999
Funding,education,High school diploma / GED,belief_post,63.37462999999999
Funding,education,Some college or Associate's degree,belief_post,67.37463000000001
Funding,education,Bachelor's degree,belief_post,73.39463
Funding,education,Master's degree / Professional degree,belief_post,77.42463000000001
Funding,education,Doctorate degree / Ph.D.,belief_post,81.42463000000001
Funding,income,"Less than $30,000",belief_post,62.8328
Funding,income,"$30,000 to $55,999",belief_post,65.8328
Funding,income,"$56,000 to $99,999",belief_post,68.8128
Funding,income,"$100,000 to $167,999",belief_post,70.8128
Funding,income,"$168,000 or more",belief_post,72.8128
Funding,party,Republican,belief_post,49.522
Funding,party,Democrat,belief_post,87.222
Funding,party,Independent,belief_post,68.41199999999999
Funding,party,Other,belief_post,69.372
Funding,gender,Male,concern_mean,58.137955000000005
Funding,gender,Female,concern_mean,64.14795500000001
Funding,gender,Other,concern_mean,66.13795500000002
Funding,age_band,18-29,concern_mean,65.09993250030149
Funding,age_band,30-44,concern_mean,63.08993250030149
Funding,age_band,45-59,concern_mean,60.06493250030149
Funding,age_band,60+,concern_mean,58.06493250030149
Funding,race,White / Caucasian,concern_mean,58.72679472216599
Funding,race,Black / African American,concern_mean,65.736794722166
Funding,race,Hispanic / Latino,concern_mean,65.751794722166
Funding,race,Asian / Asian American,concern_mean,63.72679472216599
Funding,race,Other,concern_mean,60.72679472216599
Funding,education,Less than high school,concern_mean,55.504904999999994
Funding,education,High school diploma / GED,concern_mean,58.004904999999994
Funding,education,Some college or Associate's degree,concern_mean,60.504904999999994
Funding,education,Bachelor's degree,concern_mean,64.514905
Funding,education,Master's degree / Professional degree,concern_mean,67.539905
Funding,education,Doctorate degree / Ph.D.,concern_mean,70.539905
Funding,income,"Less than $30,000",concern_mean,57.25639999999999
Funding,income,"$30,000 to $55,999",concern_mean,59.25639999999999
Funding,income,"$56,000 to $99,999",concern_mean,60.746399999999994
Funding,income,"$100,000 to $167,999",concern_mean,63.246399999999994
Funding,income,"$168,000 or more",concern_mean,65.24639999999998
Funding,party,Republican,concern_mean,44.07849999999999
Funding,party,Democrat,concern_mean,78.8535
Funding,party,Independent,concern_mean,60.95349999999999
Funding,party,Other,concern_mean,62.92849999999999
Funding,gender,Male,policy_general,61.112
Funding,gender,Female,policy_general,65.11200000000001
Funding,gender,Other,policy_general,68.11200000000001
Funding,age_band,18-29,policy_general,67.72091666704999
Funding,age_band,30-44,policy_general,65.72091666704999
Funding,age_band,45-59,policy_general,61.72091666705
Funding,age_band,60+,policy_general,59.22091666705
Funding,race,White / Caucasian,policy_general,60.21033333330001
Funding,race,Black / African American,policy_general,69.7103333333
Funding,race,Hispanic / Latino,policy_general,67.7103333333
Funding,race,Asian / Asian American,policy_general,65.7103333333
Funding,race,Other,policy_general,63.71033333330001
Funding,education,Less than high school,policy_general,55.65899999999999
Funding,education,High school diploma / GED,policy_general,59.65899999999999
Funding,education,Some college or Associate's degree,policy_general,62.65899999999999
Funding,education,Bachelor's degree,policy_general,66.659
Funding,education,Master's degree / Professional degree,policy_general,70.659
Funding,education,Doctorate degree / Ph.D.,policy_general,73.659
Funding,income,"Less than $30,000",policy_general,57.22
Funding,income,"$30,000 to $55,999",policy_general,60.22
Funding,income,"$56,000 to $99,999",policy_general,63.22
Funding,income,"$100,000 to $167,999",policy_general,66.22
Funding,income,"$168,000 or more",policy_general,68.22
Funding,party,Republican,policy_general,44.190000000000005
Funding,party,Democrat,policy_general,83.99
Funding,party,Independent,policy_general,62.09000000000001
Funding,party,Other,policy_general,65.09
Funding,gender,Male,policy_specific_mean,56.062
Funding,gender,Female,policy_specific_mean,60.062
Funding,gender,Other,policy_specific_mean,63.062
Funding,age_band,18-29,policy_specific_mean,62.51644444479999
Funding,age_band,30-44,policy_specific_mean,60.51644444479999
Funding,age_band,45-59,policy_specific_mean,56.51644444479999
Funding,age_band,60+,policy_specific_mean,54.51644444479999
Funding,race,White / Caucasian,policy_specific_mean,55.907888888799995
Funding,race,Black / African American,policy_specific_mean,62.907888888799995
Funding,race,Hispanic / Latino,policy_specific_mean,61.907888888799995
Funding,race,Asian / Asian American,policy_specific_mean,59.907888888799995
Funding,race,Other,policy_specific_mean,56.907888888799995
Funding,education,Less than high school,policy_specific_mean,51.925
Funding,education,High school diploma / GED,policy_specific_mean,54.925
Funding,education,Some college or Associate's degree,policy_specific_mean,56.925
Funding,education,Bachelor's degree,policy_specific_mean,61.925
Funding,education,Master's degree / Professional degree,policy_specific_mean,64.925
Funding,education,Doctorate degree / Ph.D.,policy_specific_mean,67.925
Funding,income,"Less than $30,000",policy_specific_mean,54.26999999999999
Funding,income,"$30,000 to $55,999",policy_specific_mean,56.26999999999999
Funding,income,"$56,000 to $99,999",policy_specific_mean,57.26999999999999
Funding,income,"$100,000 to $167,999",policy_specific_mean,60.26999999999999
Funding,income,"$168,000 or more",policy_specific_mean,62.26999999999999
Funding,party,Republican,policy_specific_mean,39.699999999999996
Funding,party,Democrat,policy_specific_mean,77.49999999999999
Funding,party,Independent,policy_specific_mean,57.599999999999994
Funding,party,Other,policy_specific_mean,58.599999999999994
Funding,gender,Male,behavior_mean,53.933
Funding,gender,Female,behavior_mean,59.933
Funding,gender,Other,behavior_mean,62.933
Funding,age_band,18-29,behavior_mean,62.21483333369999
Funding,age_band,30-44,behavior_mean,59.21483333369999
Funding,age_band,45-59,behavior_mean,55.21483333369999
Funding,age_band,60+,behavior_mean,53.21483333369999
Funding,race,White / Caucasian,behavior_mean,54.6948333333
Funding,race,Black / African American,behavior_mean,60.6948333333
Funding,race,Hispanic / Latino,behavior_mean,61.6948333333
Funding,race,Asian / Asian American,behavior_mean,58.6948333333
Funding,race,Other,behavior_mean,57.6948333333
Funding,education,Less than high school,behavior_mean,50.56499999999999
Funding,education,High school diploma / GED,behavior_mean,53.56499999999999
Funding,education,Some college or Associate's degree,behavior_mean,56.56499999999999
Funding,education,Bachelor's degree,behavior_mean,60.56499999999999
Funding,education,Master's degree / Professional degree,behavior_mean,63.56499999999999
Funding,education,Doctorate degree / Ph.D.,behavior_mean,65.56499999999998
Funding,income,"Less than $30,000",behavior_mean,52.48999999999999
Funding,income,"$30,000 to $55,999",behavior_mean,54.48999999999999
Funding,income,"$56,000 to $99,999",behavior_mean,57.48999999999999
Funding,income,"$100,000 to $167,999",behavior_mean,59.48999999999999
Funding,income,"$168,000 or more",behavior_mean,60.48999999999999
Funding,party,Republican,behavior_mean,40.49269999999999
Funding,party,Democrat,behavior_mean,74.4627
Funding,party,Independent,behavior_mean,56.482699999999994
Funding,party,Other,behavior_mean,59.482699999999994
Funding,gender,Male,donation_ams,3.5981000000000005
Funding,gender,Female,donation_ams,3.7981
Funding,gender,Other,donation_ams,3.6981
Funding,age_band,18-29,donation_ams,3.40183888887
Funding,age_band,30-44,donation_ams,3.60183888887
Funding,age_band,45-59,donation_ams,3.8018388888699994
Funding,age_band,60+,donation_ams,3.90183888887
Funding,race,White / Caucasian,donation_ams,3.7273222222299998
Funding,race,Black / African American,donation_ams,3.62732222223
Funding,race,Hispanic / Latino,donation_ams,3.5273222222299996
Funding,race,Asian / Asian American,donation_ams,4.127322222229999
Funding,race,Other,donation_ams,3.5273222222299996
Funding,education,Less than high school,donation_ams,3.1176000000000004
Funding,education,High school diploma / GED,donation_ams,3.3175999999999997
Funding,education,Some college or Associate's degree,donation_ams,3.6176000000000004
Funding,education,Bachelor's degree,donation_ams,4.1175999999999995
Funding,education,Master's degree / Professional degree,donation_ams,4.3176
Funding,education,Doctorate degree / Ph.D.,donation_ams,4.6175999999999995
Funding,income,"Less than $30,000",donation_ams,3.0179999999999993
Funding,income,"$30,000 to $55,999",donation_ams,3.317999999999999
Funding,income,"$56,000 to $99,999",donation_ams,3.7179999999999995
Funding,income,"$100,000 to $167,999",donation_ams,4.018
Funding,income,"$168,000 or more",donation_ams,4.3180000000000005
Funding,party,Republican,donation_ams,2.9079999999999995
Funding,party,Democrat,donation_ams,4.808
Funding,party,Independent,donation_ams,3.508
Funding,party,Other,donation_ams,3.808
Funding,gender,Male,newsletter_signup,0.17922
Funding,gender,Female,newsletter_signup,0.21921999999999997
Funding,gender,Other,newsletter_signup,0.23922
Funding,age_band,18-29,newsletter_signup,0.24675388889299996
Funding,age_band,30-44,newsletter_signup,0.226753888893
Funding,age_band,45-59,newsletter_signup,0.18675388889299996
Funding,age_band,60+,newsletter_signup,0.156753888893
Funding,race,White / Caucasian,newsletter_signup,0.17521944444399998
Funding,race,Black / African American,newsletter_signup,0.24521944444399998
Funding,race,Hispanic / Latino,newsletter_signup,0.24521944444399998
Funding,race,Asian / Asian American,newsletter_signup,0.215219444444
Funding,race,Other,newsletter_signup,0.205219444444
Funding,education,Less than high school,newsletter_signup,0.15403999999999998
Funding,education,High school diploma / GED,newsletter_signup,0.17404
Funding,education,Some college or Associate's degree,newsletter_signup,0.19404000000000002
Funding,education,Bachelor's degree,newsletter_signup,0.22404
Funding,education,Master's degree / Professional degree,newsletter_signup,0.25404
Funding,education,Doctorate degree / Ph.D.,newsletter_signup,0.27404
Funding,income,"Less than $30,000",newsletter_signup,0.15439999999999998
Funding,income,"$30,000 to $55,999",newsletter_signup,0.1744
Funding,income,"$56,000 to $99,999",newsletter_signup,0.20439999999999997
Funding,income,"$100,000 to $167,999",newsletter_signup,0.2244
Funding,income,"$168,000 or more",newsletter_signup,0.2344
Funding,party,Republican,newsletter_signup,0.1217
Funding,party,Democrat,newsletter_signup,0.29169999999999996
Funding,party,Independent,newsletter_signup,0.1917
Funding,party,Other,newsletter_signup,0.21170000000000003
Oil industry misinformation,gender,Male,trust_multidimensional,57.116775000000004
Oil industry misinformation,gender,Female,trust_multidimensional,61.16677500000001
Oil industry misinformation,gender,Other,trust_multidimensional,61.116775000000004
Oil industry misinformation,age_band,18-29,trust_multidimensional,61.14109444457
Oil industry misinformation,age_band,30-44,trust_multidimensional,60.09109444457
Oil industry misinformation,age_band,45-59,trust_multidimensional,58.04109444457
Oil industry misinformation,age_band,60+,trust_multidimensional,58.04109444457
Oil industry misinformation,race,White / Caucasian,trust_multidimensional,58.490847222265
Oil industry misinformation,race,Black / African American,trust_multidimensional,60.540847222265
Oil industry misinformation,race,Hispanic / Latino,trust_multidimensional,59.540847222265
Oil industry misinformation,race,Asian / Asian American,trust_multidimensional,62.490847222265
Oil industry misinformation,race,Other,trust_multidimensional,58.490847222265
Oil industry misinformation,education,Less than high school,trust_multidimensional,54.091150000000006
Oil industry misinformation,education,High school diploma / GED,trust_multidimensional,57.091150000000006
Oil industry misinformation,education,Some college or Associate's degree,trust_multidimensional,58.091150000000006
Oil industry misinformation,education,Bachelor's degree,trust_multidimensional,62.14115
Oil industry misinformation,education,Master's degree / Professional degree,trust_multidimensional,64.14115000000001
Oil industry misinformation,education,Doctorate degree / Ph.D.,trust_multidimensional,67.14115000000001
Oil industry misinformation,income,"Less than $30,000",trust_multidimensional,55.08
Oil industry misinformation,income,"$30,000 to $55,999",trust_multidimensional,57.08
Oil industry misinformation,income,"$56,000 to $99,999",trust_multidimensional,59.08
Oil industry misinformation,income,"$100,000 to $167,999",trust_multidimensional,61.08
Oil industry misinformation,income,"$168,000 or more",trust_multidimensional,63.08
Oil industry misinformation,party,Republican,trust_multidimensional,45.448499999999996
Oil industry misinformation,party,Democrat,trust_multidimensional,73.4485
Oil industry misinformation,party,Independent,trust_multidimensional,58.89849999999999
Oil industry misinformation,party,Other,trust_multidimensional,59.348499999999994
Oil industry misinformation,gender,Male,trust_post,61.44739999999999
Oil industry misinformation,gender,Female,trust_post,64.2474
Oil industry misinformation,gender,Other,trust_post,65.4474
Oil industry misinformation,age_band,18-29,trust_post,64.859997222345
Oil industry misinformation,age_band,30-44,trust_post,63.809997222345004
Oil industry misinformation,age_band,45-59,trust_post,61.609997222345
Oil industry misinformation,age_band,60+,trust_post,61.809997222345004
Oil industry misinformation,race,White / Caucasian,trust_post,62.020922222239996
Oil industry misinformation,race,Black / African American,trust_post,64.82092222224
Oil industry misinformation,race,Hispanic / Latino,trust_post,63.82092222223999
Oil industry misinformation,race,Asian / Asian American,trust_post,64.82092222224
Oil industry misinformation,race,Other,trust_post,62.82092222223999
Oil industry misinformation,education,Less than high school,trust_post,58.154999999999994
Oil industry misinformation,education,High school diploma / GED,trust_post,60.654999999999994
Oil industry misinformation,education,Some college or Associate's degree,trust_post,62.154999999999994
Oil industry misinformation,education,Bachelor's degree,trust_post,65.155
Oil industry misinformation,education,Master's degree / Professional degree,trust_post,68.155
Oil industry misinformation,education,Doctorate degree / Ph.D.,trust_post,71.155
Oil industry misinformation,income,"Less than $30,000",trust_post,58.05
Oil industry misinformation,income,"$30,000 to $55,999",trust_post,60.55
Oil industry misinformation,income,"$56,000 to $99,999",trust_post,63.05
Oil industry misinformation,income,"$100,000 to $167,999",trust_post,65.05
Oil industry misinformation,income,"$168,000 or more",trust_post,67.05
Oil industry misinformation,party,Republican,trust_post,49.8695
Oil industry misinformation,party,Democrat,trust_post,77.81949999999999
Oil industry misinformation,party,Independent,trust_post,61.7695
Oil industry misinformation,party,Other,trust_post,62.7695
Oil industry misinformation,gender,Male,distrust_post,39.44349999999999
Oil industry misinformation,gender,Female,distrust_post,36.44349999999999
Oil industry misinformation,gender,Other,distrust_post,36.44349999999999
Oil industry misinformation,age_band,18-29,distrust_post,35.562305555349994
Oil industry misinformation,age_band,30-44,distrust_post,36.562305555349994
Oil industry misinformation,age_band,45-59,distrust_post,38.562305555349994
Oil industry misinformation,age_band,60+,distrust_post,40.062305555349994
Oil industry misinformation,race,White / Caucasian,distrust_post,38.57083333335
Oil industry misinformation,race,Black / African American,distrust_post,36.57083333335
Oil industry misinformation,race,Hispanic / Latino,distrust_post,37.07083333335
Oil industry misinformation,race,Asian / Asian American,distrust_post,36.07083333335
Oil industry misinformation,race,Other,distrust_post,39.07083333335
Oil industry misinformation,education,Less than high school,distrust_post,42.49599999999999
Oil industry misinformation,education,High school diploma / GED,distrust_post,40.49599999999999
Oil industry misinformation,education,Some college or Associate's degree,distrust_post,38.49599999999999
Oil industry misinformation,education,Bachelor's degree,distrust_post,35.49599999999999
Oil industry misinformation,education,Master's degree / Professional degree,distrust_post,32.49599999999999
Oil industry misinformation,education,Doctorate degree / Ph.D.,distrust_post,30.495999999999995
Oil industry misinformation,income,"Less than $30,000",distrust_post,42.019999999999996
Oil industry misinformation,income,"$30,000 to $55,999",distrust_post,40.019999999999996
Oil industry misinformation,income,"$56,000 to $99,999",distrust_post,38.019999999999996
Oil industry misinformation,income,"$100,000 to $167,999",distrust_post,36.019999999999996
Oil industry misinformation,income,"$168,000 or more",distrust_post,34.019999999999996
Oil industry misinformation,party,Republican,distrust_post,50.87349999999999
Oil industry misinformation,party,Democrat,distrust_post,24.923499999999994
Oil industry misinformation,party,Independent,distrust_post,37.92349999999999
Oil industry misinformation,party,Other,distrust_post,36.92349999999999
Oil industry misinformation,gender,Male,funding_perceptions,55.564750000000004
Oil industry misinformation,gender,Female,funding_perceptions,60.064750000000004
Oil industry misinformation,gender,Other,funding_perceptions,62.064750000000004
Oil industry misinformation,age_band,18-29,funding_perceptions,61.6163722225
Oil industry misinformation,age_band,30-44,funding_perceptions,59.6163722225
Oil industry misinformation,age_band,45-59,funding_perceptions,56.5663722225
Oil industry misinformation,age_band,60+,funding_perceptions,55.016372222499996
Oil industry misinformation,race,White / Caucasian,funding_perceptions,55.22447777779
Oil industry misinformation,race,Black / African American,funding_perceptions,63.27447777779
Oil industry misinformation,race,Hispanic / Latino,funding_perceptions,62.27447777779
Oil industry misinformation,race,Asian / Asian American,funding_perceptions,59.27447777779
Oil industry misinformation,race,Other,funding_perceptions,60.27447777779
Oil industry misinformation,education,Less than high school,funding_perceptions,51.9554
Oil industry misinformation,education,High school diploma / GED,funding_perceptions,55.005399999999995
Oil industry misinformation,education,Some college or Associate's degree,funding_perceptions,57.0554
Oil industry misinformation,education,Bachelor's degree,funding_perceptions,61.0554
Oil industry misinformation,education,Master's degree / Professional degree,funding_perceptions,64.05539999999999
Oil industry misinformation,education,Doctorate degree / Ph.D.,funding_perceptions,67.05539999999999
Oil industry misinformation,income,"Less than $30,000",funding_perceptions,53.98
Oil industry misinformation,income,"$30,000 to $55,999",funding_perceptions,55.98
Oil industry misinformation,income,"$56,000 to $99,999",funding_perceptions,57.98
Oil industry misinformation,income,"$100,000 to $167,999",funding_perceptions,59.98
Oil industry misinformation,income,"$168,000 or more",funding_perceptions,60.98
Oil industry misinformation,party,Republican,funding_perceptions,43.36699999999999
Oil industry misinformation,party,Democrat,funding_perceptions,76.467
Oil industry misinformation,party,Independent,funding_perceptions,55.46699999999999
Oil industry misinformation,party,Other,funding_perceptions,58.46699999999999
Oil industry misinformation,gender,Male,policy_role_mean,57.849025000000005
Oil industry misinformation,gender,Female,policy_role_mean,61.39902500000001
Oil industry misinformation,gender,Other,policy_role_mean,63.849025000000005
Oil industry misinformation,age_band,18-29,policy_role_mean,62.969494444720006
Oil industry misinformation,age_band,30-44,policy_role_mean,61.41949444472001
Oil industry misinformation,age_band,45-59,policy_role_mean,58.81949444472001
Oil industry misinformation,age_band,60+,policy_role_mean,56.76949444472001
Oil industry misinformation,race,White / Caucasian,policy_role_mean,57.880880555554995
Oil industry misinformation,race,Black / African American,policy_role_mean,63.980880555555
Oil industry misinformation,race,Hispanic / Latino,policy_role_mean,61.980880555555
Oil industry misinformation,race,Asian / Asian American,policy_role_mean,61.93088055555499
Oil industry misinformation,race,Other,policy_role_mean,59.93088055555499
Oil industry misinformation,education,Less than high school,policy_role_mean,54.09455000000001
Oil industry misinformation,education,High school diploma / GED,policy_role_mean,57.14455000000001
Oil industry misinformation,education,Some college or Associate's degree,policy_role_mean,59.194550000000014
Oil industry misinformation,education,Bachelor's degree,policy_role_mean,62.24455000000001
Oil industry misinformation,education,Master's degree / Professional degree,policy_role_mean,65.24455
Oil industry misinformation,education,Doctorate degree / Ph.D.,policy_role_mean,68.24455
Oil industry misinformation,income,"Less than $30,000",policy_role_mean,55.779999999999994
Oil industry misinformation,income,"$30,000 to $55,999",policy_role_mean,57.779999999999994
Oil industry misinformation,income,"$56,000 to $99,999",policy_role_mean,59.779999999999994
Oil industry misinformation,income,"$100,000 to $167,999",policy_role_mean,61.779999999999994
Oil industry misinformation,income,"$168,000 or more",policy_role_mean,62.779999999999994
Oil industry misinformation,party,Republican,policy_role_mean,44.595499999999994
Oil industry misinformation,party,Democrat,policy_role_mean,75.6955
Oil industry misinformation,party,Independent,policy_role_mean,59.14549999999999
Oil industry misinformation,party,Other,policy_role_mean,60.595499999999994
Oil industry misinformation,gender,Male,inst_trust_mean,52.245774999999995
Oil industry misinformation,gender,Female,inst_trust_mean,54.295775
Oil industry misinformation,gender,Other,inst_trust_mean,54.245774999999995
Oil industry misinformation,age_band,18-29,inst_trust_mean,53.081900000049984
Oil industry misinformation,age_band,30-44,inst_trust_mean,54.081900000049984
Oil industry misinformation,age_band,45-59,inst_trust_mean,53.03190000004999
Oil industry misinformation,age_band,60+,inst_trust_mean,52.98190000004998
Oil industry misinformation,race,White / Caucasian,inst_trust_mean,53.52918055556499
Oil industry misinformation,race,Black / African American,inst_trust_mean,53.57918055556499
Oil industry misinformation,race,Hispanic / Latino,inst_trust_mean,51.57918055556499
Oil industry misinformation,race,Asian / Asian American,inst_trust_mean,56.52918055556499
Oil industry misinformation,race,Other,inst_trust_mean,50.52918055556499
Oil industry misinformation,education,Less than high school,inst_trust_mean,47.51034999999999
Oil industry misinformation,education,High school diploma / GED,inst_trust_mean,50.56034999999999
Oil industry misinformation,education,Some college or Associate's degree,inst_trust_mean,52.56034999999999
Oil industry misinformation,education,Bachelor's degree,inst_trust_mean,56.61034999999999
Oil industry misinformation,education,Master's degree / Professional degree,inst_trust_mean,58.61034999999999
Oil industry misinformation,education,Doctorate degree / Ph.D.,inst_trust_mean,61.61034999999999
Oil industry misinformation,income,"Less than $30,000",inst_trust_mean,49.99999999999999
Oil industry misinformation,income,"$30,000 to $55,999",inst_trust_mean,50.99999999999999
Oil industry misinformation,income,"$56,000 to $99,999",inst_trust_mean,52.99999999999999
Oil industry misinformation,income,"$100,000 to $167,999",inst_trust_mean,54.99999999999999
Oil industry misinformation,income,"$168,000 or more",inst_trust_mean,56.99999999999999
Oil industry misinformation,party,Republican,inst_trust_mean,42.480499999999985
Oil industry misinformation,party,Democrat,inst_trust_mean,65.48049999999999
Oil industry misinformation,party,Independent,inst_trust_mean,52.480499999999985
Oil industry misinformation,party,Other,inst_trust_mean,53.43049999999999
Oil industry misinformation,gender,Male,belief_post,66.2075
Oil industry misinformation,gender,Female,belief_post,71.2075
Oil industry misinformation,gender,Other,belief_post,73.2075
Oil industry misinformation,age_band,18-29,belief_post,73.34694444469999
Oil industry misinformation,age_band,30-44,belief_post,70.34694444469999
Oil industry misinformation,age_band,45-59,belief_post,66.34694444469999
Oil industry misinformation,age_band,60+,belief_post,66.34694444469999
Oil industry misinformation,race,White / Caucasian,belief_post,66.291
Oil industry misinformation,race,Black / African American,belief_post,73.291
Oil industry misinformation,race,Hispanic / Latino,belief_post,72.291
Oil industry misinformation,race,Asian / Asian American,belief_post,74.291
Oil industry misinformation,race,Other,belief_post,67.291
Oil industry misinformation,education,Less than high school,belief_post,60.78599999999999
Oil industry misinformation,education,High school diploma / GED,belief_post,63.78599999999999
Oil industry misinformation,education,Some college or Associate's degree,belief_post,67.786
Oil industry misinformation,education,Bachelor's degree,belief_post,73.786
Oil industry misinformation,education,Master's degree / Professional degree,belief_post,77.786
Oil industry misinformation,education,Doctorate degree / Ph.D.,belief_post,81.786
Oil industry misinformation,income,"Less than $30,000",belief_post,63.22
Oil industry misinformation,income,"$30,000 to $55,999",belief_post,66.22
Oil industry misinformation,income,"$56,000 to $99,999",belief_post,69.22
Oil industry misinformation,income,"$100,000 to $167,999",belief_post,71.22
Oil industry misinformation,income,"$168,000 or more",belief_post,73.22
Oil industry misinformation,party,Republican,belief_post,49.76699999999999
Oil industry misinformation,party,Democrat,belief_post,87.76699999999998
Oil industry misinformation,party,Independent,belief_post,68.81699999999998
Oil industry misinformation,party,Other,belief_post,69.81699999999998
Oil industry misinformation,gender,Male,concern_mean,58.417775
Oil industry misinformation,gender,Female,concern_mean,64.467775
Oil industry misinformation,gender,Other,concern_mean,66.417775
Oil industry misinformation,age_band,18-29,concern_mean,65.43229444474999
Oil industry misinformation,age_band,30-44,concern_mean,63.43229444474999
Oil industry misinformation,age_band,45-59,concern_mean,60.33229444474999
Oil industry misinformation,age_band,60+,concern_mean,58.33229444474999
Oil industry misinformation,race,White / Caucasian,concern_mean,58.997436111054995
Oil industry misinformation,race,Black / African American,concern_mean,66.097436111055
Oil industry misinformation,race,Hispanic / Latino,concern_mean,66.097436111055
Oil industry misinformation,race,Asian / Asian American,concern_mean,64.047436111055
Oil industry misinformation,race,Other,concern_mean,61.04743611105499
Oil industry misinformation,education,Less than high school,concern_mean,55.76234999999999
Oil industry misinformation,education,High school diploma / GED,concern_mean,58.26234999999999
Oil industry misinformation,education,Some college or Associate's degree,concern_mean,60.812349999999995
Oil industry misinformation,education,Bachelor's degree,concern_mean,64.86234999999999
Oil industry misinformation,education,Master's degree / Professional degree,concern_mean,67.86234999999999
Oil industry misinformation,education,Doctorate degree / Ph.D.,concern_mean,70.86234999999999
Oil industry misinformation,income,"Less than $30,000",concern_mean,57.55
Oil industry misinformation,income,"$30,000 to $55,999",concern_mean,59.55
Oil industry misinformation,income,"$56,000 to $99,999",concern_mean,61.05
Oil industry misinformation,income,"$100,000 to $167,999",concern_mean,63.55
Oil industry misinformation,income,"$168,000 or more",concern_mean,65.55
Oil industry misinformation,party,Republican,concern_mean,44.26049999999999
Oil industry misinformation,party,Democrat,concern_mean,79.2605
Oil industry misinformation,party,Independent,concern_mean,61.26049999999999
Oil industry misinformation,party,Other,concern_mean,63.210499999999996
Oil industry misinformation,gender,Male,policy_general,61.31199999999999
Oil industry misinformation,gender,Female,policy_general,65.312
Oil industry misinformation,gender,Other,policy_general,68.312
Oil industry misinformation,age_band,18-29,policy_general,67.94781388927498
Oil industry misinformation,age_band,30-44,policy_general,65.94781388927498
Oil industry misinformation,age_band,45-59,policy_general,61.897813889275
Oil industry misinformation,age_band,60+,policy_general,59.397813889275
Oil industry misinformation,race,White / Caucasian,policy_general,60.39042222218999
Oil industry misinformation,race,Black / African American,policy_general,69.94042222219
Oil industry misinformation,race,Hispanic / Latino,policy_general,67.94042222219
Oil industry misinformation,race,Asian / Asian American,policy_general,65.94042222219
Oil industry misinformation,race,Other,policy_general,63.94042222218999
Oil industry misinformation,education,Less than high school,policy_general,55.82719999999999
Oil industry misinformation,education,High school diploma / GED,policy_general,59.82719999999999
Oil industry misinformation,education,Some college or Associate's degree,policy_general,62.87719999999999
Oil industry misinformation,education,Bachelor's degree,policy_general,66.8772
Oil industry misinformation,education,Master's degree / Professional degree,policy_general,70.8772
Oil industry misinformation,education,Doctorate degree / Ph.D.,policy_general,73.8772
Oil industry misinformation,income,"Less than $30,000",policy_general,57.419999999999995
Oil industry misinformation,income,"$30,000 to $55,999",policy_general,60.419999999999995
Oil industry misinformation,income,"$56,000 to $99,999",policy_general,63.419999999999995
Oil industry misinformation,income,"$100,000 to $167,999",policy_general,66.42
Oil industry misinformation,income,"$168,000 or more",policy_general,68.42
Oil industry misinformation,party,Republican,policy_general,44.289999999999985
Oil industry misinformation,party,Democrat,policy_general,84.28999999999999
Oil industry misinformation,party,Independent,policy_general,62.289999999999985
Oil industry misinformation,party,Other,policy_general,65.28999999999999
Oil industry misinformation,gender,Male,policy_specific_mean,56.162000000000006
Oil industry misinformation,gender,Female,policy_specific_mean,60.162000000000006
Oil industry misinformation,gender,Other,policy_specific_mean,63.162000000000006
Oil industry misinformation,age_band,18-29,policy_specific_mean,62.64334166702499
Oil industry misinformation,age_band,30-44,policy_specific_mean,60.64334166702499
Oil industry misinformation,age_band,45-59,policy_specific_mean,56.59334166702499
Oil industry misinformation,age_band,60+,policy_specific_mean,54.59334166702499
Oil industry misinformation,race,White / Caucasian,policy_specific_mean,55.98797777768999
Oil industry misinformation,race,Black / African American,policy_specific_mean,63.03797777768999
Oil industry misinformation,race,Hispanic / Latino,policy_specific_mean,62.03797777768999
Oil industry misinformation,race,Asian / Asian American,policy_specific_mean,60.03797777768999
Oil industry misinformation,race,Other,policy_specific_mean,57.03797777768999
Oil industry misinformation,education,Less than high school,policy_specific_mean,51.9932
Oil industry misinformation,education,High school diploma / GED,policy_specific_mean,54.9932
Oil industry misinformation,education,Some college or Associate's degree,policy_specific_mean,57.0432
Oil industry misinformation,education,Bachelor's degree,policy_specific_mean,62.0432
Oil industry misinformation,education,Master's degree / Professional degree,policy_specific_mean,65.04319999999998
Oil industry misinformation,education,Doctorate degree / Ph.D.,policy_specific_mean,68.04319999999998
Oil industry misinformation,income,"Less than $30,000",policy_specific_mean,54.36999999999999
Oil industry misinformation,income,"$30,000 to $55,999",policy_specific_mean,56.36999999999999
Oil industry misinformation,income,"$56,000 to $99,999",policy_specific_mean,57.36999999999999
Oil industry misinformation,income,"$100,000 to $167,999",policy_specific_mean,60.36999999999999
Oil industry misinformation,income,"$168,000 or more",policy_specific_mean,62.36999999999999
Oil industry misinformation,party,Republican,policy_specific_mean,39.69999999999999
Oil industry misinformation,party,Democrat,policy_specific_mean,77.69999999999997
Oil industry misinformation,party,Independent,policy_specific_mean,57.69999999999999
Oil industry misinformation,party,Other,policy_specific_mean,58.69999999999999
Oil industry misinformation,gender,Male,behavior_mean,53.983000000000004
Oil industry misinformation,gender,Female,behavior_mean,59.983000000000004
Oil industry misinformation,gender,Other,behavior_mean,62.983000000000004
Oil industry misinformation,age_band,18-29,behavior_mean,62.280280555925
Oil industry misinformation,age_band,30-44,behavior_mean,59.280280555925
Oil industry misinformation,age_band,45-59,behavior_mean,55.280280555925
Oil industry misinformation,age_band,60+,behavior_mean,53.230280555925006
Oil industry misinformation,race,White / Caucasian,behavior_mean,54.7448333333
Oil industry misinformation,race,Black / African American,behavior_mean,60.7448333333
Oil industry misinformation,race,Hispanic / Latino,behavior_mean,61.7448333333
Oil industry misinformation,race,Asian / Asian American,behavior_mean,58.7448333333
Oil industry misinformation,race,Other,behavior_mean,57.7448333333
Oil industry misinformation,education,Less than high school,behavior_mean,50.570199999999986
Oil industry misinformation,education,High school diploma / GED,behavior_mean,53.62019999999999
Oil industry misinformation,education,Some college or Associate's degree,behavior_mean,56.62019999999999
Oil industry misinformation,education,Bachelor's degree,behavior_mean,60.62019999999999
Oil industry misinformation,education,Master's degree / Professional degree,behavior_mean,63.62019999999999
Oil industry misinformation,education,Doctorate degree / Ph.D.,behavior_mean,65.62019999999998
Oil industry misinformation,income,"Less than $30,000",behavior_mean,52.54
Oil industry misinformation,income,"$30,000 to $55,999",behavior_mean,54.54
Oil industry misinformation,income,"$56,000 to $99,999",behavior_mean,57.54
Oil industry misinformation,income,"$100,000 to $167,999",behavior_mean,59.54
Oil industry misinformation,income,"$168,000 or more",behavior_mean,60.54
Oil industry misinformation,party,Republican,behavior_mean,40.49349999999999
Oil industry misinformation,party,Democrat,behavior_mean,74.5435
Oil industry misinformation,party,Independent,behavior_mean,56.543499999999995
Oil industry misinformation,party,Other,behavior_mean,59.543499999999995
Oil industry misinformation,gender,Male,donation_ams,3.5981000000000005
Oil industry misinformation,gender,Female,donation_ams,3.7981
Oil industry misinformation,gender,Other,donation_ams,3.6981
Oil industry misinformation,age_band,18-29,donation_ams,3.40183888887
Oil industry misinformation,age_band,30-44,donation_ams,3.60183888887
Oil industry misinformation,age_band,45-59,donation_ams,3.8018388888699994
Oil industry misinformation,age_band,60+,donation_ams,3.90183888887
Oil industry misinformation,race,White / Caucasian,donation_ams,3.7273222222299998
Oil industry misinformation,race,Black / African American,donation_ams,3.62732222223
Oil industry misinformation,race,Hispanic / Latino,donation_ams,3.5273222222299996
Oil industry misinformation,race,Asian / Asian American,donation_ams,4.127322222229999
Oil industry misinformation,race,Other,donation_ams,3.5273222222299996
Oil industry misinformation,education,Less than high school,donation_ams,3.1176000000000004
Oil industry misinformation,education,High school diploma / GED,donation_ams,3.3175999999999997
Oil industry misinformation,education,Some college or Associate's degree,donation_ams,3.6176000000000004
Oil industry misinformation,education,Bachelor's degree,donation_ams,4.1175999999999995
Oil industry misinformation,education,Master's degree / Professional degree,donation_ams,4.3176
Oil industry misinformation,education,Doctorate degree / Ph.D.,donation_ams,4.6175999999999995
Oil industry misinformation,income,"Less than $30,000",donation_ams,3.0179999999999993
Oil industry misinformation,income,"$30,000 to $55,999",donation_ams,3.317999999999999
Oil industry misinformation,income,"$56,000 to $99,999",donation_ams,3.7179999999999995
Oil industry misinformation,income,"$100,000 to $167,999",donation_ams,4.018
Oil industry misinformation,income,"$168,000 or more",donation_ams,4.3180000000000005
Oil industry misinformation,party,Republican,donation_ams,2.9079999999999995
Oil industry misinformation,party,Democrat,donation_ams,4.808
Oil industry misinformation,party,Independent,donation_ams,3.508
Oil industry misinformation,party,Other,donation_ams,3.808
Oil industry misinformation,gender,Male,newsletter_signup,0.17922
Oil industry misinformation,gender,Female,newsletter_signup,0.21921999999999997
Oil industry misinformation,gender,Other,newsletter_signup,0.23922
Oil industry misinformation,age_band,18-29,newsletter_signup,0.24675388889299996
Oil industry misinformation,age_band,30-44,newsletter_signup,0.226753888893
Oil industry misinformation,age_band,45-59,newsletter_signup,0.18675388889299996
Oil industry misinformation,age_band,60+,newsletter_signup,0.156753888893
Oil industry misinformation,race,White / Caucasian,newsletter_signup,0.17521944444399998
Oil industry misinformation,race,Black / African American,newsletter_signup,0.24521944444399998
Oil industry misinformation,race,Hispanic / Latino,newsletter_signup,0.24521944444399998
Oil industry misinformation,race,Asian / Asian American,newsletter_signup,0.215219444444
Oil industry misinformation,race,Other,newsletter_signup,0.205219444444
Oil industry misinformation,education,Less than high school,newsletter_signup,0.15403999999999998
Oil industry misinformation,education,High school diploma / GED,newsletter_signup,0.17404
Oil industry misinformation,education,Some college or Associate's degree,newsletter_signup,0.19404000000000002
Oil industry misinformation,education,Bachelor's degree,newsletter_signup,0.22404
Oil industry misinformation,education,Master's degree / Professional degree,newsletter_signup,0.25404
Oil industry misinformation,education,Doctorate degree / Ph.D.,newsletter_signup,0.27404
Oil industry misinformation,income,"Less than $30,000",newsletter_signup,0.15439999999999998
Oil industry misinformation,income,"$30,000 to $55,999",newsletter_signup,0.1744
Oil industry misinformation,income,"$56,000 to $99,999",newsletter_signup,0.20439999999999997
Oil industry misinformation,income,"$100,000 to $167,999",newsletter_signup,0.2244
Oil industry misinformation,income,"$168,000 or more",newsletter_signup,0.2344
Oil industry misinformation,party,Republican,newsletter_signup,0.1217
Oil industry misinformation,party,Democrat,newsletter_signup,0.29169999999999996
Oil industry misinformation,party,Independent,newsletter_signup,0.1917
Oil industry misinformation,party,Other,newsletter_signup,0.21170000000000003
Measurement & modeling (1),gender,Male,trust_multidimensional,56.641999999999996
Measurement & modeling (1),gender,Female,trust_multidimensional,60.641999999999996
Measurement & modeling (1),gender,Other,trust_multidimensional,60.641999999999996
Measurement & modeling (1),age_band,18-29,trust_multidimensional,60.574277777899994
Measurement & modeling (1),age_band,30-44,trust_multidimensional,59.574277777899994
Measurement & modeling (1),age_band,45-59,trust_multidimensional,57.574277777899994
Measurement & modeling (1),age_band,60+,trust_multidimensional,57.574277777899994
Measurement & modeling (1),race,White / Caucasian,trust_multidimensional,58.0060555556
Measurement & modeling (1),race,Black / African American,trust_multidimensional,60.0060555556
Measurement & modeling (1),race,Hispanic / Latino,trust_multidimensional,59.0060555556
Measurement & modeling (1),race,Asian / Asian American,trust_multidimensional,62.0060555556
Measurement & modeling (1),race,Other,trust_multidimensional,58.0060555556
Measurement & modeling (1),education,Less than high school,trust_multidimensional,53.608999999999995
Measurement & modeling (1),education,High school diploma / GED,trust_multidimensional,56.608999999999995
Measurement & modeling (1),education,Some college or Associate's degree,trust_multidimensional,57.608999999999995
Measurement & modeling (1),education,Bachelor's degree,trust_multidimensional,61.608999999999995
Measurement & modeling (1),education,Master's degree / Professional degree,trust_multidimensional,63.608999999999995
Measurement & modeling (1),education,Doctorate degree / Ph.D.,trust_multidimensional,66.609
Measurement & modeling (1),income,"Less than $30,000",trust_multidimensional,54.580000000000005
Measurement & modeling (1),income,"$30,000 to $55,999",trust_multidimensional,56.580000000000005
Measurement & modeling (1),income,"$56,000 to $99,999",trust_multidimensional,58.580000000000005
Measurement & modeling (1),income,"$100,000 to $167,999",trust_multidimensional,60.580000000000005
Measurement & modeling (1),income,"$168,000 or more",trust_multidimensional,62.580000000000005
Measurement & modeling (1),party,Republican,trust_multidimensional,44.852000000000004
Measurement & modeling (1),party,Democrat,trust_multidimensional,72.952
Measurement & modeling (1),party,Independent,trust_multidimensional,58.452
Measurement & modeling (1),party,Other,trust_multidimensional,58.952
Measurement & modeling (1),gender,Male,trust_post,60.64740000000001
Measurement & modeling (1),gender,Female,trust_post,63.44740000000001
Measurement & modeling (1),gender,Other,trust_post,64.6474
Measurement & modeling (1),age_band,18-29,trust_post,64.0200777779
Measurement & modeling (1),age_band,30-44,trust_post,63.0200777779
Measurement & modeling (1),age_band,45-59,trust_post,60.820077777899996
Measurement & modeling (1),age_band,60+,trust_post,61.0200777779
Measurement & modeling (1),race,White / Caucasian,trust_post,61.22092222224
Measurement & modeling (1),race,Black / African American,trust_post,64.02092222223999
Measurement & modeling (1),race,Hispanic / Latino,trust_post,63.020922222239996
Measurement & modeling (1),race,Asian / Asian American,trust_post,64.02092222223999
Measurement & modeling (1),race,Other,trust_post,62.020922222239996
Measurement & modeling (1),education,Less than high school,trust_post,57.35499999999999
Measurement & modeling (1),education,High school diploma / GED,trust_post,59.85499999999999
Measurement & modeling (1),education,Some college or Associate's degree,trust_post,61.35499999999999
Measurement & modeling (1),education,Bachelor's degree,trust_post,64.35499999999999
Measurement & modeling (1),education,Master's degree / Professional degree,trust_post,67.35499999999999
Measurement & modeling (1),education,Doctorate degree / Ph.D.,trust_post,70.35499999999999
Measurement & modeling (1),income,"Less than $30,000",trust_post,57.25
Measurement & modeling (1),income,"$30,000 to $55,999",trust_post,59.75
Measurement & modeling (1),income,"$56,000 to $99,999",trust_post,62.25
Measurement & modeling (1),income,"$100,000 to $167,999",trust_post,64.24999999999999
Measurement & modeling (1),income,"$168,000 or more",trust_post,66.24999999999999
Measurement & modeling (1),party,Republican,trust_post,48.93699999999999
Measurement & modeling (1),party,Democrat,trust_post,77.03699999999998
Measurement & modeling (1),party,Independent,trust_post,61.03699999999999
Measurement & modeling (1),party,Other,trust_post,62.03699999999999
Measurement & modeling (1),gender,Male,distrust_post,40.19349999999999
Measurement & modeling (1),gender,Female,distrust_post,37.19349999999999
Measurement & modeling (1),gender,Other,distrust_post,37.19349999999999
Measurement & modeling (1),age_band,18-29,distrust_post,36.31230555535
Measurement & modeling (1),age_band,30-44,distrust_post,37.31230555535
Measurement & modeling (1),age_band,45-59,distrust_post,39.31230555535
Measurement & modeling (1),age_band,60+,distrust_post,40.81230555535
Measurement & modeling (1),race,White / Caucasian,distrust_post,39.320833333349995
Measurement & modeling (1),race,Black / African American,distrust_post,37.320833333349995
Measurement & modeling (1),race,Hispanic / Latino,distrust_post,37.820833333349995
Measurement & modeling (1),race,Asian / Asian American,distrust_post,36.820833333349995
Measurement & modeling (1),race,Other,distrust_post,39.820833333349995
Measurement & modeling (1),education,Less than high school,distrust_post,43.245999999999995
Measurement & modeling (1),education,High school diploma / GED,distrust_post,41.245999999999995
Measurement & modeling (1),education,Some college or Associate's degree,distrust_post,39.245999999999995
Measurement & modeling (1),education,Bachelor's degree,distrust_post,36.245999999999995
Measurement & modeling (1),education,Master's degree / Professional degree,distrust_post,33.245999999999995
Measurement & modeling (1),education,Doctorate degree / Ph.D.,distrust_post,31.245999999999995
Measurement & modeling (1),income,"Less than $30,000",distrust_post,42.769999999999996
Measurement & modeling (1),income,"$30,000 to $55,999",distrust_post,40.769999999999996
Measurement & modeling (1),income,"$56,000 to $99,999",distrust_post,38.769999999999996
Measurement & modeling (1),income,"$100,000 to $167,999",distrust_post,36.769999999999996
Measurement & modeling (1),income,"$168,000 or more",distrust_post,34.769999999999996
Measurement & modeling (1),party,Republican,distrust_post,51.696499999999986
Measurement & modeling (1),party,Democrat,distrust_post,25.646499999999993
Measurement & modeling (1),party,Independent,distrust_post,38.64649999999998
Measurement & modeling (1),party,Other,distrust_post,37.64649999999998
Measurement & modeling (1),gender,Male,funding_perceptions,54.91474999999999
Measurement & modeling (1),gender,Female,funding_perceptions,59.41474999999999
Measurement & modeling (1),gender,Other,funding_perceptions,61.41474999999999
Measurement & modeling (1),age_band,18-29,funding_perceptions,60.92402777804999
Measurement & modeling (1),age_band,30-44,funding_perceptions,58.92402777804999
Measurement & modeling (1),age_band,45-59,funding_perceptions,55.92402777804999
Measurement & modeling (1),age_band,60+,funding_perceptions,54.42402777804999
Measurement & modeling (1),race,White / Caucasian,funding_perceptions,54.594388888900006
Measurement & modeling (1),race,Black / African American,funding_perceptions,62.594388888900006
Measurement & modeling (1),race,Hispanic / Latino,funding_perceptions,61.594388888900006
Measurement & modeling (1),race,Asian / Asian American,funding_perceptions,58.594388888900006
Measurement & modeling (1),race,Other,funding_perceptions,59.594388888900006
Measurement & modeling (1),education,Less than high school,funding_perceptions,51.382
Measurement & modeling (1),education,High school diploma / GED,funding_perceptions,54.382
Measurement & modeling (1),education,Some college or Associate's degree,funding_perceptions,56.382
Measurement & modeling (1),education,Bachelor's degree,funding_perceptions,60.382
Measurement & modeling (1),education,Master's degree / Professional degree,funding_perceptions,63.382
Measurement & modeling (1),education,Doctorate degree / Ph.D.,funding_perceptions,66.38199999999999
Measurement & modeling (1),income,"Less than $30,000",funding_perceptions,53.32999999999999
Measurement & modeling (1),income,"$30,000 to $55,999",funding_perceptions,55.32999999999999
Measurement & modeling (1),income,"$56,000 to $99,999",funding_perceptions,57.32999999999999
Measurement & modeling (1),income,"$100,000 to $167,999",funding_perceptions,59.32999999999999
Measurement & modeling (1),income,"$168,000 or more",funding_perceptions,60.32999999999999
Measurement & modeling (1),party,Republican,funding_perceptions,42.71699999999999
Measurement & modeling (1),party,Democrat,funding_perceptions,75.817
Measurement & modeling (1),party,Independent,funding_perceptions,54.81699999999999
Measurement & modeling (1),party,Other,funding_perceptions,57.81699999999999
Measurement & modeling (1),gender,Male,policy_role_mean,57.424249999999994
Measurement & modeling (1),gender,Female,policy_role_mean,60.924249999999994
Measurement & modeling (1),gender,Other,policy_role_mean,63.424249999999994
Measurement & modeling (1),age_band,18-29,policy_role_mean,62.4103333336
Measurement & modeling (1),age_band,30-44,policy_role_mean,60.9103333336
Measurement & modeling (1),age_band,45-59,policy_role_mean,58.4103333336
Measurement & modeling (1),age_band,60+,policy_role_mean,56.4103333336
Measurement & modeling (1),race,White / Caucasian,policy_role_mean,57.465999999999994
Measurement & modeling (1),race,Black / African American,policy_role_mean,63.465999999999994
Measurement & modeling (1),race,Hispanic / Latino,policy_role_mean,61.465999999999994
Measurement & modeling (1),race,Asian / Asian American,policy_role_mean,61.465999999999994
Measurement & modeling (1),race,Other,policy_role_mean,59.465999999999994
Measurement & modeling (1),education,Less than high school,policy_role_mean,53.739000000000004
Measurement & modeling (1),education,High school diploma / GED,policy_role_mean,56.739000000000004
Measurement & modeling (1),education,Some college or Associate's degree,policy_role_mean,58.739000000000004
Measurement & modeling (1),education,Bachelor's degree,policy_role_mean,61.739000000000004
Measurement & modeling (1),education,Master's degree / Professional degree,policy_role_mean,64.739
Measurement & modeling (1),education,Doctorate degree / Ph.D.,policy_role_mean,67.739
Measurement & modeling (1),income,"Less than $30,000",policy_role_mean,55.33
Measurement & modeling (1),income,"$30,000 to $55,999",policy_role_mean,57.33
Measurement & modeling (1),income,"$56,000 to $99,999",policy_role_mean,59.33
Measurement & modeling (1),income,"$100,000 to $167,999",policy_role_mean,61.33
Measurement & modeling (1),income,"$168,000 or more",policy_role_mean,62.33
Measurement & modeling (1),party,Republican,policy_role_mean,44.19499999999999
Measurement & modeling (1),party,Democrat,policy_role_mean,75.195
Measurement & modeling (1),party,Independent,policy_role_mean,58.69499999999999
Measurement & modeling (1),party,Other,policy_role_mean,60.19499999999999
Measurement & modeling (1),gender,Male,inst_trust_mean,52.120999999999995
Measurement & modeling (1),gender,Female,inst_trust_mean,54.120999999999995
Measurement & modeling (1),gender,Other,inst_trust_mean,54.120999999999995
Measurement & modeling (1),age_band,18-29,inst_trust_mean,52.889555555600005
Measurement & modeling (1),age_band,30-44,inst_trust_mean,53.889555555600005
Measurement & modeling (1),age_band,45-59,inst_trust_mean,52.889555555600005
Measurement & modeling (1),age_band,60+,inst_trust_mean,52.889555555600005
Measurement & modeling (1),race,White / Caucasian,inst_trust_mean,53.3943888889
Measurement & modeling (1),race,Black / African American,inst_trust_mean,53.3943888889
Measurement & modeling (1),race,Hispanic / Latino,inst_trust_mean,51.3943888889
Measurement & modeling (1),race,Asian / Asian American,inst_trust_mean,56.3943888889
Measurement & modeling (1),race,Other,inst_trust_mean,50.3943888889
Measurement & modeling (1),education,Less than high school,inst_trust_mean,47.42299999999999
Measurement & modeling (1),education,High school diploma / GED,inst_trust_mean,50.42299999999999
Measurement & modeling (1),education,Some college or Associate's degree,inst_trust_mean,52.42299999999999
Measurement & modeling (1),education,Bachelor's degree,inst_trust_mean,56.42299999999999
Measurement & modeling (1),education,Master's degree / Professional degree,inst_trust_mean,58.42299999999999
Measurement & modeling (1),education,Doctorate degree / Ph.D.,inst_trust_mean,61.42299999999999
Measurement & modeling (1),income,"Less than $30,000",inst_trust_mean,49.849999999999994
Measurement & modeling (1),income,"$30,000 to $55,999",inst_trust_mean,50.849999999999994
Measurement & modeling (1),income,"$56,000 to $99,999",inst_trust_mean,52.849999999999994
Measurement & modeling (1),income,"$100,000 to $167,999",inst_trust_mean,54.849999999999994
Measurement & modeling (1),income,"$168,000 or more",inst_trust_mean,56.849999999999994
Measurement & modeling (1),party,Republican,inst_trust_mean,42.298249999999996
Measurement & modeling (1),party,Democrat,inst_trust_mean,65.37325
Measurement & modeling (1),party,Independent,inst_trust_mean,52.323249999999994
Measurement & modeling (1),party,Other,inst_trust_mean,53.323249999999994
Measurement & modeling (1),gender,Male,belief_post,65.80749999999999
Measurement & modeling (1),gender,Female,belief_post,70.80749999999999
Measurement & modeling (1),gender,Other,belief_post,72.80749999999999
Measurement & modeling (1),age_band,18-29,belief_post,72.9469444447
Measurement & modeling (1),age_band,30-44,belief_post,69.9469444447
Measurement & modeling (1),age_band,45-59,belief_post,65.9469444447
Measurement & modeling (1),age_band,60+,belief_post,65.9469444447
Measurement & modeling (1),race,White / Caucasian,belief_post,65.89099999999999
Measurement & modeling (1),race,Black / African American,belief_post,72.89099999999999
Measurement & modeling (1),race,Hispanic / Latino,belief_post,71.89099999999999
Measurement & modeling (1),race,Asian / Asian American,belief_post,73.89099999999999
Measurement & modeling (1),race,Other,belief_post,66.89099999999999
Measurement & modeling (1),education,Less than high school,belief_post,60.38599999999999
Measurement & modeling (1),education,High school diploma / GED,belief_post,63.38599999999999
Measurement & modeling (1),education,Some college or Associate's degree,belief_post,67.386
Measurement & modeling (1),education,Bachelor's degree,belief_post,73.386
Measurement & modeling (1),education,Master's degree / Professional degree,belief_post,77.386
Measurement & modeling (1),education,Doctorate degree / Ph.D.,belief_post,81.386
Measurement & modeling (1),income,"Less than $30,000",belief_post,62.81999999999999
Measurement & modeling (1),income,"$30,000 to $55,999",belief_post,65.82
Measurement & modeling (1),income,"$56,000 to $99,999",belief_post,68.82
Measurement & modeling (1),income,"$100,000 to $167,999",belief_post,70.82
Measurement & modeling (1),income,"$168,000 or more",belief_post,72.82
Measurement & modeling (1),party,Republican,belief_post,49.39
Measurement & modeling (1),party,Democrat,belief_post,87.39
Measurement & modeling (1),party,Independent,belief_post,68.39
Measurement & modeling (1),party,Other,belief_post,69.39
Measurement & modeling (1),gender,Male,concern_mean,58.093
Measurement & modeling (1),gender,Female,concern_mean,64.093
Measurement & modeling (1),gender,Other,concern_mean,66.093
Measurement & modeling (1),age_band,18-29,concern_mean,65.0285000003
Measurement & modeling (1),age_band,30-44,concern_mean,63.0285000003
Measurement & modeling (1),age_band,45-59,concern_mean,60.0285000003
Measurement & modeling (1),age_band,60+,concern_mean,58.0285000003
Measurement & modeling (1),race,White / Caucasian,concern_mean,58.6825555555
Measurement & modeling (1),race,Black / African American,concern_mean,65.6825555555
Measurement & modeling (1),race,Hispanic / Latino,concern_mean,65.6825555555
Measurement & modeling (1),race,Asian / Asian American,concern_mean,63.6825555555
Measurement & modeling (1),race,Other,concern_mean,60.6825555555
Measurement & modeling (1),education,Less than high school,concern_mean,55.462
Measurement & modeling (1),education,High school diploma / GED,concern_mean,57.962
Measurement & modeling (1),education,Some college or Associate's degree,concern_mean,60.462
Measurement & modeling (1),education,Bachelor's degree,concern_mean,64.462
Measurement & modeling (1),education,Master's degree / Professional degree,concern_mean,67.462
Measurement & modeling (1),education,Doctorate degree / Ph.D.,concern_mean,70.462
Measurement & modeling (1),income,"Less than $30,000",concern_mean,57.20000000000001
Measurement & modeling (1),income,"$30,000 to $55,999",concern_mean,59.20000000000001
Measurement & modeling (1),income,"$56,000 to $99,999",concern_mean,60.70000000000001
Measurement & modeling (1),income,"$100,000 to $167,999",concern_mean,63.20000000000001
Measurement & modeling (1),income,"$168,000 or more",concern_mean,65.2
Measurement & modeling (1),party,Republican,concern_mean,43.8735
Measurement & modeling (1),party,Democrat,concern_mean,78.92349999999999
Measurement & modeling (1),party,Independent,concern_mean,60.923500000000004
Measurement & modeling (1),party,Other,concern_mean,62.923500000000004
Measurement & modeling (1),gender,Male,policy_general,61.062
Measurement & modeling (1),gender,Female,policy_general,65.06200000000001
Measurement & modeling (1),gender,Other,policy_general,68.06200000000001
Measurement & modeling (1),age_band,18-29,policy_general,67.67091666705
Measurement & modeling (1),age_band,30-44,policy_general,65.67091666705
Measurement & modeling (1),age_band,45-59,policy_general,61.67091666705
Measurement & modeling (1),age_band,60+,policy_general,59.17091666705
Measurement & modeling (1),race,White / Caucasian,policy_general,60.160333333299995
Measurement & modeling (1),race,Black / African American,policy_general,69.6603333333
Measurement & modeling (1),race,Hispanic / Latino,policy_general,67.6603333333
Measurement & modeling (1),race,Asian / Asian American,policy_general,65.6603333333
Measurement & modeling (1),race,Other,policy_general,63.660333333299995
Measurement & modeling (1),education,Less than high school,policy_general,55.60899999999999
Measurement & modeling (1),education,High school diploma / GED,policy_general,59.60899999999999
Measurement & modeling (1),education,Some college or Associate's degree,policy_general,62.60899999999999
Measurement & modeling (1),education,Bachelor's degree,policy_general,66.60900000000001
Measurement & modeling (1),education,Master's degree / Professional degree,policy_general,70.60900000000001
Measurement & modeling (1),education,Doctorate degree / Ph.D.,policy_general,73.60900000000001
Measurement & modeling (1),income,"Less than $30,000",policy_general,57.16999999999999
Measurement & modeling (1),income,"$30,000 to $55,999",policy_general,60.16999999999999
Measurement & modeling (1),income,"$56,000 to $99,999",policy_general,63.16999999999999
Measurement & modeling (1),income,"$100,000 to $167,999",policy_general,66.17
Measurement & modeling (1),income,"$168,000 or more",policy_general,68.17
Measurement & modeling (1),party,Republican,policy_general,44.00349999999999
Measurement & modeling (1),party,Democrat,policy_general,84.05349999999999
Measurement & modeling (1),party,Independent,policy_general,62.053499999999985
Measurement & modeling (1),party,Other,policy_general,65.05349999999999
Measurement & modeling (1),gender,Male,policy_specific_mean,56.01200000000001
Measurement & modeling (1),gender,Female,policy_specific_mean,60.01200000000001
Measurement & modeling (1),gender,Other,policy_specific_mean,63.01200000000001
Measurement & modeling (1),age_band,18-29,policy_specific_mean,62.46644444479999
Measurement & modeling (1),age_band,30-44,policy_specific_mean,60.46644444479999
Measurement & modeling (1),age_band,45-59,policy_specific_mean,56.46644444479999
Measurement & modeling (1),age_band,60+,policy_specific_mean,54.46644444479999
Measurement & modeling (1),race,White / Caucasian,policy_specific_mean,55.8578888888
Measurement & modeling (1),race,Black / African American,policy_specific_mean,62.8578888888
Measurement & modeling (1),race,Hispanic / Latino,policy_specific_mean,61.8578888888
Measurement & modeling (1),race,Asian / Asian American,policy_specific_mean,59.8578888888
Measurement & modeling (1),race,Other,policy_specific_mean,56.8578888888
Measurement & modeling (1),education,Less than high school,policy_specific_mean,51.875
Measurement & modeling (1),education,High school diploma / GED,policy_specific_mean,54.875
Measurement & modeling (1),education,Some college or Associate's degree,policy_specific_mean,56.875
Measurement & modeling (1),education,Bachelor's degree,policy_specific_mean,61.875
Measurement & modeling (1),education,Master's degree / Professional degree,policy_specific_mean,64.87499999999999
Measurement & modeling (1),education,Doctorate degree / Ph.D.,policy_specific_mean,67.87499999999999
Measurement & modeling (1),income,"Less than $30,000",policy_specific_mean,54.220000000000006
Measurement & modeling (1),income,"$30,000 to $55,999",policy_specific_mean,56.220000000000006
Measurement & modeling (1),income,"$56,000 to $99,999",policy_specific_mean,57.220000000000006
Measurement & modeling (1),income,"$100,000 to $167,999",policy_specific_mean,60.220000000000006
Measurement & modeling (1),income,"$168,000 or more",policy_specific_mean,62.220000000000006
Measurement & modeling (1),party,Republican,policy_specific_mean,39.51349999999999
Measurement & modeling (1),party,Democrat,policy_specific_mean,77.56349999999999
Measurement & modeling (1),party,Independent,policy_specific_mean,57.5635
Measurement & modeling (1),party,Other,policy_specific_mean,58.5635
Measurement & modeling (1),gender,Male,behavior_mean,53.908
Measurement & modeling (1),gender,Female,behavior_mean,59.908
Measurement & modeling (1),gender,Other,behavior_mean,62.908
Measurement & modeling (1),age_band,18-29,behavior_mean,62.1898333337
Measurement & modeling (1),age_band,30-44,behavior_mean,59.1898333337
Measurement & modeling (1),age_band,45-59,behavior_mean,55.1898333337
Measurement & modeling (1),age_band,60+,behavior_mean,53.1898333337
Measurement & modeling (1),race,White / Caucasian,behavior_mean,54.66983333329999
Measurement & modeling (1),race,Black / African American,behavior_mean,60.66983333329999
Measurement & modeling (1),race,Hispanic / Latino,behavior_mean,61.66983333329999
Measurement & modeling (1),race,Asian / Asian American,behavior_mean,58.66983333329999
Measurement & modeling (1),race,Other,behavior_mean,57.66983333329999
Measurement & modeling (1),education,Less than high school,behavior_mean,50.539999999999985
Measurement & modeling (1),education,High school diploma / GED,behavior_mean,53.539999999999985
Measurement & modeling (1),education,Some college or Associate's degree,behavior_mean,56.539999999999985
Measurement & modeling (1),education,Bachelor's degree,behavior_mean,60.539999999999985
Measurement & modeling (1),education,Master's degree / Professional degree,behavior_mean,63.539999999999985
Measurement & modeling (1),education,Doctorate degree / Ph.D.,behavior_mean,65.53999999999999
Measurement & modeling (1),income,"Less than $30,000",behavior_mean,52.464999999999996
Measurement & modeling (1),income,"$30,000 to $55,999",behavior_mean,54.464999999999996
Measurement & modeling (1),income,"$56,000 to $99,999",behavior_mean,57.464999999999996
Measurement & modeling (1),income,"$100,000 to $167,999",behavior_mean,59.464999999999996
Measurement & modeling (1),income,"$168,000 or more",behavior_mean,60.464999999999996
Measurement & modeling (1),party,Republican,behavior_mean,40.448249999999994
Measurement & modeling (1),party,Democrat,behavior_mean,74.47325
Measurement & modeling (1),party,Independent,behavior_mean,56.448249999999994
Measurement & modeling (1),party,Other,behavior_mean,59.448249999999994
Measurement & modeling (1),gender,Male,donation_ams,3.5981000000000005
Measurement & modeling (1),gender,Female,donation_ams,3.7981
Measurement & modeling (1),gender,Other,donation_ams,3.6981
Measurement & modeling (1),age_band,18-29,donation_ams,3.40183888887
Measurement & modeling (1),age_band,30-44,donation_ams,3.60183888887
Measurement & modeling (1),age_band,45-59,donation_ams,3.8018388888699994
Measurement & modeling (1),age_band,60+,donation_ams,3.90183888887
Measurement & modeling (1),race,White / Caucasian,donation_ams,3.7273222222299998
Measurement & modeling (1),race,Black / African American,donation_ams,3.62732222223
Measurement & modeling (1),race,Hispanic / Latino,donation_ams,3.5273222222299996
Measurement & modeling (1),race,Asian / Asian American,donation_ams,4.127322222229999
Measurement & modeling (1),race,Other,donation_ams,3.5273222222299996
Measurement & modeling (1),education,Less than high school,donation_ams,3.1176000000000004
Measurement & modeling (1),education,High school diploma / GED,donation_ams,3.3175999999999997
Measurement & modeling (1),education,Some college or Associate's degree,donation_ams,3.6176000000000004
Measurement & modeling (1),education,Bachelor's degree,donation_ams,4.1175999999999995
Measurement & modeling (1),education,Master's degree / Professional degree,donation_ams,4.3176
Measurement & modeling (1),education,Doctorate degree / Ph.D.,donation_ams,4.6175999999999995
Measurement & modeling (1),income,"Less than $30,000",donation_ams,3.0179999999999993
Measurement & modeling (1),income,"$30,000 to $55,999",donation_ams,3.317999999999999
Measurement & modeling (1),income,"$56,000 to $99,999",donation_ams,3.7179999999999995
Measurement & modeling (1),income,"$100,000 to $167,999",donation_ams,4.018
Measurement & modeling (1),income,"$168,000 or more",donation_ams,4.3180000000000005
Measurement & modeling (1),party,Republican,donation_ams,2.9079999999999995
Measurement & modeling (1),party,Democrat,donation_ams,4.808
Measurement & modeling (1),party,Independent,donation_ams,3.508
Measurement & modeling (1),party,Other,donation_ams,3.808
Measurement & modeling (1),gender,Male,newsletter_signup,0.17922
Measurement & modeling (1),gender,Female,newsletter_signup,0.21921999999999997
Measurement & modeling (1),gender,Other,newsletter_signup,0.23922
Measurement & modeling (1),age_band,18-29,newsletter_signup,0.24675388889299996
Measurement & modeling (1),age_band,30-44,newsletter_signup,0.226753888893
Measurement & modeling (1),age_band,45-59,newsletter_signup,0.18675388889299996
Measurement & modeling (1),age_band,60+,newsletter_signup,0.156753888893
Measurement & modeling (1),race,White / Caucasian,newsletter_signup,0.17521944444399998
Measurement & modeling (1),race,Black / African American,newsletter_signup,0.24521944444399998
Measurement & modeling (1),race,Hispanic / Latino,newsletter_signup,0.24521944444399998
Measurement & modeling (1),race,Asian / Asian American,newsletter_signup,0.215219444444
Measurement & modeling (1),race,Other,newsletter_signup,0.205219444444
Measurement & modeling (1),education,Less than high school,newsletter_signup,0.15403999999999998
Measurement & modeling (1),education,High school diploma / GED,newsletter_signup,0.17404
Measurement & modeling (1),education,Some college or Associate's degree,newsletter_signup,0.19404000000000002
Measurement & modeling (1),education,Bachelor's degree,newsletter_signup,0.22404
Measurement & modeling (1),education,Master's degree / Professional degree,newsletter_signup,0.25404
Measurement & modeling (1),education,Doctorate degree / Ph.D.,newsletter_signup,0.27404
Measurement & modeling (1),income,"Less than $30,000",newsletter_signup,0.15439999999999998
Measurement & modeling (1),income,"$30,000 to $55,999",newsletter_signup,0.1744
Measurement & modeling (1),income,"$56,000 to $99,999",newsletter_signup,0.20439999999999997
Measurement & modeling (1),income,"$100,000 to $167,999",newsletter_signup,0.2244
Measurement & modeling (1),income,"$168,000 or more",newsletter_signup,0.2344
Measurement & modeling (1),party,Republican,newsletter_signup,0.1217
Measurement & modeling (1),party,Democrat,newsletter_signup,0.29169999999999996
Measurement & modeling (1),party,Independent,newsletter_signup,0.1917
Measurement & modeling (1),party,Other,newsletter_signup,0.21170000000000003
Former skeptics,gender,Male,trust_multidimensional,56.692
Former skeptics,gender,Female,trust_multidimensional,60.692
Former skeptics,gender,Other,trust_multidimensional,60.692
Former skeptics,age_band,18-29,trust_multidimensional,60.6242777779
Former skeptics,age_band,30-44,trust_multidimensional,59.6242777779
Former skeptics,age_band,45-59,trust_multidimensional,57.6242777779
Former skeptics,age_band,60+,trust_multidimensional,57.6242777779
Former skeptics,race,White / Caucasian,trust_multidimensional,58.0560555556
Former skeptics,race,Black / African American,trust_multidimensional,60.0560555556
Former skeptics,race,Hispanic / Latino,trust_multidimensional,59.0560555556
Former skeptics,race,Asian / Asian American,trust_multidimensional,62.0560555556
Former skeptics,race,Other,trust_multidimensional,58.0560555556
Former skeptics,education,Less than high school,trust_multidimensional,53.659000000000006
Former skeptics,education,High school diploma / GED,trust_multidimensional,56.659000000000006
Former skeptics,education,Some college or Associate's degree,trust_multidimensional,57.659000000000006
Former skeptics,education,Bachelor's degree,trust_multidimensional,61.659000000000006
Former skeptics,education,Master's degree / Professional degree,trust_multidimensional,63.659000000000006
Former skeptics,education,Doctorate degree / Ph.D.,trust_multidimensional,66.659
Former skeptics,income,"Less than $30,000",trust_multidimensional,54.62999999999999
Former skeptics,income,"$30,000 to $55,999",trust_multidimensional,56.62999999999999
Former skeptics,income,"$56,000 to $99,999",trust_multidimensional,58.62999999999999
Former skeptics,income,"$100,000 to $167,999",trust_multidimensional,60.62999999999999
Former skeptics,income,"$168,000 or more",trust_multidimensional,62.62999999999999
Former skeptics,party,Republican,trust_multidimensional,45.69124999999999
Former skeptics,party,Democrat,trust_multidimensional,72.44125
Former skeptics,party,Independent,trust_multidimensional,58.36624999999999
Former skeptics,party,Other,trust_multidimensional,58.94124999999999
Former skeptics,gender,Male,trust_post,60.8974
Former skeptics,gender,Female,trust_post,63.697399999999995
Former skeptics,gender,Other,trust_post,64.89739999999999
Former skeptics,age_band,18-29,trust_post,64.2700777779
Former skeptics,age_band,30-44,trust_post,63.2700777779
Former skeptics,age_band,45-59,trust_post,61.070077777899996
Former skeptics,age_band,60+,trust_post,61.2700777779
Former skeptics,race,White / Caucasian,trust_post,61.47092222224
Former skeptics,race,Black / African American,trust_post,64.27092222223999
Former skeptics,race,Hispanic / Latino,trust_post,63.270922222239996
Former skeptics,race,Asian / Asian American,trust_post,64.27092222223999
Former skeptics,race,Other,trust_post,62.270922222239996
Former skeptics,education,Less than high school,trust_post,57.605
Former skeptics,education,High school diploma / GED,trust_post,60.105
Former skeptics,education,Some college or Associate's degree,trust_post,61.605
Former skeptics,education,Bachelor's degree,trust_post,64.60499999999999
Former skeptics,education,Master's degree / Professional degree,trust_post,67.60499999999999
Former skeptics,education,Doctorate degree / Ph.D.,trust_post,70.60499999999999
Former skeptics,income,"Less than $30,000",trust_post,57.50000000000001
Former skeptics,income,"$30,000 to $55,999",trust_post,60.00000000000001
Former skeptics,income,"$56,000 to $99,999",trust_post,62.50000000000001
Former skeptics,income,"$100,000 to $167,999",trust_post,64.5
Former skeptics,income,"$168,000 or more",trust_post,66.5
Former skeptics,party,Republican,trust_post,49.94249999999999
Former skeptics,party,Democrat,trust_post,76.6925
Former skeptics,party,Independent,trust_post,61.19249999999999
Former skeptics,party,Other,trust_post,62.19249999999999
Former skeptics,gender,Male,distrust_post,39.943499999999986
Former skeptics,gender,Female,distrust_post,36.943499999999986
Former skeptics,gender,Other,distrust_post,36.943499999999986
Former skeptics,age_band,18-29,distrust_post,36.062305555349994
Former skeptics,age_band,30-44,distrust_post,37.062305555349994
Former skeptics,age_band,45-59,distrust_post,39.062305555349994
Former skeptics,age_band,60+,distrust_post,40.562305555349994
Former skeptics,race,White / Caucasian,distrust_post,39.07083333335
Former skeptics,race,Black / African American,distrust_post,37.07083333335
Former skeptics,race,Hispanic / Latino,distrust_post,37.57083333335
Former skeptics,race,Asian / Asian American,distrust_post,36.57083333335
Former skeptics,race,Other,distrust_post,39.57083333335
Former skeptics,education,Less than high school,distrust_post,42.995999999999995
Former skeptics,education,High school diploma / GED,distrust_post,40.995999999999995
Former skeptics,education,Some college or Associate's degree,distrust_post,38.995999999999995
Former skeptics,education,Bachelor's degree,distrust_post,35.995999999999995
Former skeptics,education,Master's degree / Professional degree,distrust_post,32.995999999999995
Former skeptics,education,Doctorate degree / Ph.D.,distrust_post,30.996000000000002
Former skeptics,income,"Less than $30,000",distrust_post,42.52
Former skeptics,income,"$30,000 to $55,999",distrust_post,40.52
Former skeptics,income,"$56,000 to $99,999",distrust_post,38.52
Former skeptics,income,"$100,000 to $167,999",distrust_post,36.52
Former skeptics,income,"$168,000 or more",distrust_post,34.52
Former skeptics,party,Republican,distrust_post,50.83024999999999
Former skeptics,party,Democrat,distrust_post,25.83025
Former skeptics,party,Independent,distrust_post,38.50524999999999
Former skeptics,party,Other,distrust_post,37.430249999999994
Former skeptics,gender,Male,funding_perceptions,54.964749999999995
Former skeptics,gender,Female,funding_perceptions,59.464749999999995
Former skeptics,gender,Other,funding_perceptions,61.464749999999995
Former skeptics,age_band,18-29,funding_perceptions,60.974027778049994
Former skeptics,age_band,30-44,funding_perceptions,58.974027778049994
Former skeptics,age_band,45-59,funding_perceptions,55.974027778049994
Former skeptics,age_band,60+,funding_perceptions,54.474027778049994
Former skeptics,race,White / Caucasian,funding_perceptions,54.64438888889999
Former skeptics,race,Black / African American,funding_perceptions,62.64438888889999
Former skeptics,race,Hispanic / Latino,funding_perceptions,61.64438888889999
Former skeptics,race,Asian / Asian American,funding_perceptions,58.64438888889999
Former skeptics,race,Other,funding_perceptions,59.64438888889999
Former skeptics,education,Less than high school,funding_perceptions,51.43199999999999
Former skeptics,education,High school diploma / GED,funding_perceptions,54.43199999999999
Former skeptics,education,Some college or Associate's degree,funding_perceptions,56.43199999999999
Former skeptics,education,Bachelor's degree,funding_perceptions,60.43199999999999
Former skeptics,education,Master's degree / Professional degree,funding_perceptions,63.43199999999999
Former skeptics,education,Doctorate degree / Ph.D.,funding_perceptions,66.43199999999999
Former skeptics,income,"Less than $30,000",funding_perceptions,53.379999999999995
Former skeptics,income,"$30,000 to $55,999",funding_perceptions,55.379999999999995
Former skeptics,income,"$56,000 to $99,999",funding_perceptions,57.379999999999995
Former skeptics,income,"$100,000 to $167,999",funding_perceptions,59.379999999999995
Former skeptics,income,"$168,000 or more",funding_perceptions,60.379999999999995
Former skeptics,party,Republican,funding_perceptions,43.124749999999985
Former skeptics,party,Democrat,funding_perceptions,75.62474999999999
Former skeptics,party,Independent,funding_perceptions,54.79974999999998
Former skeptics,party,Other,funding_perceptions,57.77474999999998
Former skeptics,gender,Male,policy_role_mean,57.57424999999999
Former skeptics,gender,Female,policy_role_mean,61.07424999999999
Former skeptics,gender,Other,policy_role_mean,63.57424999999999
Former skeptics,age_band,18-29,policy_role_mean,62.560333333600006
Former skeptics,age_band,30-44,policy_role_mean,61.060333333600006
Former skeptics,age_band,45-59,policy_role_mean,58.560333333600006
Former skeptics,age_band,60+,policy_role_mean,56.560333333600006
Former skeptics,race,White / Caucasian,policy_role_mean,57.616
Former skeptics,race,Black / African American,policy_role_mean,63.616
Former skeptics,race,Hispanic / Latino,policy_role_mean,61.616
Former skeptics,race,Asian / Asian American,policy_role_mean,61.616
Former skeptics,race,Other,policy_role_mean,59.616
Former skeptics,education,Less than high school,policy_role_mean,53.888999999999996
Former skeptics,education,High school diploma / GED,policy_role_mean,56.888999999999996
Former skeptics,education,Some college or Associate's degree,policy_role_mean,58.888999999999996
Former skeptics,education,Bachelor's degree,policy_role_mean,61.888999999999996
Former skeptics,education,Master's degree / Professional degree,policy_role_mean,64.88900000000001
Former skeptics,education,Doctorate degree / Ph.D.,policy_role_mean,67.88900000000001
Former skeptics,income,"Less than $30,000",policy_role_mean,55.48
Former skeptics,income,"$30,000 to $55,999",policy_role_mean,57.48
Former skeptics,income,"$56,000 to $99,999",policy_role_mean,59.48
Former skeptics,income,"$100,000 to $167,999",policy_role_mean,61.48
Former skeptics,income,"$168,000 or more",policy_role_mean,62.48
Former skeptics,party,Republican,policy_role_mean,44.75725
Former skeptics,party,Democrat,policy_role_mean,75.08224999999999
Former skeptics,party,Independent,policy_role_mean,58.75725
Former skeptics,party,Other,policy_role_mean,60.25725
Former skeptics,gender,Male,inst_trust_mean,52.221
Former skeptics,gender,Female,inst_trust_mean,54.221
Former skeptics,gender,Other,inst_trust_mean,54.221
Former skeptics,age_band,18-29,inst_trust_mean,52.98955555559999
Former skeptics,age_band,30-44,inst_trust_mean,53.98955555559999
Former skeptics,age_band,45-59,inst_trust_mean,52.98955555559999
Former skeptics,age_band,60+,inst_trust_mean,52.98955555559999
Former skeptics,race,White / Caucasian,inst_trust_mean,53.4943888889
Former skeptics,race,Black / African American,inst_trust_mean,53.4943888889
Former skeptics,race,Hispanic / Latino,inst_trust_mean,51.4943888889
Former skeptics,race,Asian / Asian American,inst_trust_mean,56.4943888889
Former skeptics,race,Other,inst_trust_mean,50.4943888889
Former skeptics,education,Less than high school,inst_trust_mean,47.523
Former skeptics,education,High school diploma / GED,inst_trust_mean,50.523
Former skeptics,education,Some college or Associate's degree,inst_trust_mean,52.523
Former skeptics,education,Bachelor's degree,inst_trust_mean,56.523
Former skeptics,education,Master's degree / Professional degree,inst_trust_mean,58.523
Former skeptics,education,Doctorate degree / Ph.D.,inst_trust_mean,61.523
Former skeptics,income,"Less than $30,000",inst_trust_mean,49.94999999999999
Former skeptics,income,"$30,000 to $55,999",inst_trust_mean,50.94999999999999
Former skeptics,income,"$56,000 to $99,999",inst_trust_mean,52.94999999999999
Former skeptics,income,"$100,000 to $167,999",inst_trust_mean,54.94999999999999
Former skeptics,income,"$168,000 or more",inst_trust_mean,56.94999999999999
Former skeptics,party,Republican,inst_trust_mean,42.693999999999996
Former skeptics,party,Democrat,inst_trust_mean,65.26899999999999
Former skeptics,party,Independent,inst_trust_mean,52.36899999999999
Former skeptics,party,Other,inst_trust_mean,53.39399999999999
Former skeptics,gender,Male,belief_post,66.30750000000002
Former skeptics,gender,Female,belief_post,71.30750000000002
Former skeptics,gender,Other,belief_post,73.30750000000002
Former skeptics,age_band,18-29,belief_post,73.44694444469998
Former skeptics,age_band,30-44,belief_post,70.44694444469998
Former skeptics,age_band,45-59,belief_post,66.44694444469998
Former skeptics,age_band,60+,belief_post,66.44694444469998
Former skeptics,race,White / Caucasian,belief_post,66.39099999999999
Former skeptics,race,Black / African American,belief_post,73.39099999999999
Former skeptics,race,Hispanic / Latino,belief_post,72.39099999999999
Former skeptics,race,Asian / Asian American,belief_post,74.39099999999999
Former skeptics,race,Other,belief_post,67.39099999999999
Former skeptics,education,Less than high school,belief_post,60.88599999999998
Former skeptics,education,High school diploma / GED,belief_post,63.88599999999998
Former skeptics,education,Some college or Associate's degree,belief_post,67.886
Former skeptics,education,Bachelor's degree,belief_post,73.886
Former skeptics,education,Master's degree / Professional degree,belief_post,77.886
Former skeptics,education,Doctorate degree / Ph.D.,belief_post,81.886
Former skeptics,income,"Less than $30,000",belief_post,63.32
Former skeptics,income,"$30,000 to $55,999",belief_post,66.32000000000001
Former skeptics,income,"$56,000 to $99,999",belief_post,69.32000000000001
Former skeptics,income,"$100,000 to $167,999",belief_post,71.32000000000001
Former skeptics,income,"$168,000 or more",belief_post,73.32000000000001
Former skeptics,party,Republican,belief_post,50.6665
Former skeptics,party,Democrat,belief_post,87.3165
Former skeptics,party,Independent,belief_post,68.76650000000001
Former skeptics,party,Other,belief_post,69.96650000000001
Former skeptics,gender,Male,concern_mean,58.34300000000001
Former skeptics,gender,Female,concern_mean,64.34300000000002
Former skeptics,gender,Other,concern_mean,66.34300000000002
Former skeptics,age_band,18-29,concern_mean,65.2785000003
Former skeptics,age_band,30-44,concern_mean,63.2785000003
Former skeptics,age_band,45-59,concern_mean,60.2785000003
Former skeptics,age_band,60+,concern_mean,58.2785000003
Former skeptics,race,White / Caucasian,concern_mean,58.93255555550001
Former skeptics,race,Black / African American,concern_mean,65.9325555555
Former skeptics,race,Hispanic / Latino,concern_mean,65.9325555555
Former skeptics,race,Asian / Asian American,concern_mean,63.93255555550001
Former skeptics,race,Other,concern_mean,60.93255555550001
Former skeptics,education,Less than high school,concern_mean,55.712
Former skeptics,education,High school diploma / GED,concern_mean,58.212
Former skeptics,education,Some college or Associate's degree,concern_mean,60.712
Former skeptics,education,Bachelor's degree,concern_mean,64.712
Former skeptics,education,Master's degree / Professional degree,concern_mean,67.712
Former skeptics,education,Doctorate degree / Ph.D.,concern_mean,70.712
Former skeptics,income,"Less than $30,000",concern_mean,57.449999999999996
Former skeptics,income,"$30,000 to $55,999",concern_mean,59.449999999999996
Former skeptics,income,"$56,000 to $99,999",concern_mean,60.949999999999996
Former skeptics,income,"$100,000 to $167,999",concern_mean,63.449999999999996
Former skeptics,income,"$168,000 or more",concern_mean,65.45
Former skeptics,party,Republican,concern_mean,44.5925
Former skeptics,party,Democrat,concern_mean,78.8425
Former skeptics,party,Independent,concern_mean,61.0925
Former skeptics,party,Other,concern_mean,63.0925
Former skeptics,gender,Male,policy_general,61.262
Former skeptics,gender,Female,policy_general,65.262
Former skeptics,gender,Other,policy_general,68.262
Former skeptics,age_band,18-29,policy_general,67.87091666705
Former skeptics,age_band,30-44,policy_general,65.87091666705
Former skeptics,age_band,45-59,policy_general,61.870916667050004
Former skeptics,age_band,60+,policy_general,59.370916667050004
Former skeptics,race,White / Caucasian,policy_general,60.360333333300005
Former skeptics,race,Black / African American,policy_general,69.8603333333
Former skeptics,race,Hispanic / Latino,policy_general,67.8603333333
Former skeptics,race,Asian / Asian American,policy_general,65.8603333333
Former skeptics,race,Other,policy_general,63.860333333300005
Former skeptics,education,Less than high school,policy_general,55.809000000000005
Former skeptics,education,High school diploma / GED,policy_general,59.809000000000005
Former skeptics,education,Some college or Associate's degree,policy_general,62.809000000000005
Former skeptics,education,Bachelor's degree,policy_general,66.809
Former skeptics,education,Master's degree / Professional degree,policy_general,70.809
Former skeptics,education,Doctorate degree / Ph.D.,policy_general,73.809
Former skeptics,income,"Less than $30,000",policy_general,57.370000000000005
Former skeptics,income,"$30,000 to $55,999",policy_general,60.370000000000005
Former skeptics,income,"$56,000 to $99,999",policy_general,63.370000000000005
Former skeptics,income,"$100,000 to $167,999",policy_general,66.36999999999999
Former skeptics,income,"$168,000 or more",policy_general,68.36999999999999
Former skeptics,party,Republican,policy_general,44.59725000000001
Former skeptics,party,Democrat,policy_general,83.99725
Former skeptics,party,Independent,policy_general,62.172250000000005
Former skeptics,party,Other,policy_general,65.19725
Former skeptics,gender,Male,policy_specific_mean,56.162000000000006
Former skeptics,gender,Female,policy_specific_mean,60.162000000000006
Former skeptics,gender,Other,policy_specific_mean,63.162000000000006
Former skeptics,age_band,18-29,policy_specific_mean,62.6164444448
Former skeptics,age_band,30-44,policy_specific_mean,60.6164444448
Former skeptics,age_band,45-59,policy_specific_mean,56.6164444448
Former skeptics,age_band,60+,policy_specific_mean,54.6164444448
Former skeptics,race,White / Caucasian,policy_specific_mean,56.00788888879999
Former skeptics,race,Black / African American,policy_specific_mean,63.00788888879999
Former skeptics,race,Hispanic / Latino,policy_specific_mean,62.00788888879999
Former skeptics,race,Asian / Asian American,policy_specific_mean,60.00788888879999
Former skeptics,race,Other,policy_specific_mean,57.00788888879999
Former skeptics,education,Less than high school,policy_specific_mean,52.025
Former skeptics,education,High school diploma / GED,policy_specific_mean,55.025
Former skeptics,education,Some college or Associate's degree,policy_specific_mean,57.025
Former skeptics,education,Bachelor's degree,policy_specific_mean,62.025
Former skeptics,education,Master's degree / Professional degree,policy_specific_mean,65.02499999999999
Former skeptics,education,Doctorate degree / Ph.D.,policy_specific_mean,68.02499999999999
Former skeptics,income,"Less than $30,000",policy_specific_mean,54.36999999999999
Former skeptics,income,"$30,000 to $55,999",policy_specific_mean,56.36999999999999
Former skeptics,income,"$56,000 to $99,999",policy_specific_mean,57.36999999999999
Former skeptics,income,"$100,000 to $167,999",policy_specific_mean,60.36999999999999
Former skeptics,income,"$168,000 or more",policy_specific_mean,62.36999999999999
Former skeptics,party,Republican,policy_specific_mean,39.98199999999999
Former skeptics,party,Democrat,policy_specific_mean,77.53199999999998
Former skeptics,party,Independent,policy_specific_mean,57.63199999999999
Former skeptics,party,Other,policy_specific_mean,58.68199999999999
Former skeptics,gender,Male,behavior_mean,53.95800000000001
Former skeptics,gender,Female,behavior_mean,59.95800000000001
Former skeptics,gender,Other,behavior_mean,62.95800000000001
Former skeptics,age_band,18-29,behavior_mean,62.2398333337
Former skeptics,age_band,30-44,behavior_mean,59.2398333337
Former skeptics,age_band,45-59,behavior_mean,55.2398333337
Former skeptics,age_band,60+,behavior_mean,53.2398333337
Former skeptics,race,White / Caucasian,behavior_mean,54.719833333299995
Former skeptics,race,Black / African American,behavior_mean,60.719833333299995
Former skeptics,race,Hispanic / Latino,behavior_mean,61.719833333299995
Former skeptics,race,Asian / Asian American,behavior_mean,58.719833333299995
Former skeptics,race,Other,behavior_mean,57.719833333299995
Former skeptics,education,Less than high school,behavior_mean,50.589999999999996
Former skeptics,education,High school diploma / GED,behavior_mean,53.589999999999996
Former skeptics,education,Some college or Associate's degree,behavior_mean,56.589999999999996
Former skeptics,education,Bachelor's degree,behavior_mean,60.589999999999996
Former skeptics,education,Master's degree / Professional degree,behavior_mean,63.589999999999996
Former skeptics,education,Doctorate degree / Ph.D.,behavior_mean,65.59
Former skeptics,income,"Less than $30,000",behavior_mean,52.51499999999999
Former skeptics,income,"$30,000 to $55,999",behavior_mean,54.51499999999999
Former skeptics,income,"$56,000 to $99,999",behavior_mean,57.51499999999999
Former skeptics,income,"$100,000 to $167,999",behavior_mean,59.51499999999999
Former skeptics,income,"$168,000 or more",behavior_mean,60.51499999999999
Former skeptics,party,Republican,behavior_mean,40.591499999999996
Former skeptics,party,Democrat,behavior_mean,74.4415
Former skeptics,party,Independent,behavior_mean,56.4915
Former skeptics,party,Other,behavior_mean,59.4915
Former skeptics,gender,Male,donation_ams,3.5981000000000005
Former skeptics,gender,Female,donation_ams,3.7981
Former skeptics,gender,Other,donation_ams,3.6981
Former skeptics,age_band,18-29,donation_ams,3.40183888887
Former skeptics,age_band,30-44,donation_ams,3.60183888887
Former skeptics,age_band,45-59,donation_ams,3.8018388888699994
Former skeptics,age_band,60+,donation_ams,3.90183888887
Former skeptics,race,White / Caucasian,donation_ams,3.7273222222299998
Former skeptics,race,Black / African American,donation_ams,3.62732222223
Former skeptics,race,Hispanic / Latino,donation_ams,3.5273222222299996
Former skeptics,race,Asian / Asian American,donation_ams,4.127322222229999
Former skeptics,race,Other,donation_ams,3.5273222222299996
Former skeptics,education,Less than high school,donation_ams,3.1176000000000004
Former skeptics,education,High school diploma / GED,donation_ams,3.3175999999999997
Former skeptics,education,Some college or Associate's degree,donation_ams,3.6176000000000004
Former skeptics,education,Bachelor's degree,donation_ams,4.1175999999999995
Former skeptics,education,Master's degree / Professional degree,donation_ams,4.3176
Former skeptics,education,Doctorate degree / Ph.D.,donation_ams,4.6175999999999995
Former skeptics,income,"Less than $30,000",donation_ams,3.0179999999999993
Former skeptics,income,"$30,000 to $55,999",donation_ams,3.317999999999999
Former skeptics,income,"$56,000 to $99,999",donation_ams,3.7179999999999995
Former skeptics,income,"$100,000 to $167,999",donation_ams,4.018
Former skeptics,income,"$168,000 or more",donation_ams,4.3180000000000005
Former skeptics,party,Republican,donation_ams,2.9079999999999995
Former skeptics,party,Democrat,donation_ams,4.808
Former skeptics,party,Independent,donation_ams,3.508
Former skeptics,party,Other,donation_ams,3.808
Former skeptics,gender,Male,newsletter_signup,0.17922
Former skeptics,gender,Female,newsletter_signup,0.21921999999999997
Former skeptics,gender,Other,newsletter_signup,0.23922
Former skeptics,age_band,18-29,newsletter_signup,0.24675388889299996
Former skeptics,age_band,30-44,newsletter_signup,0.226753888893
Former skeptics,age_band,45-59,newsletter_signup,0.18675388889299996
Former skeptics,age_band,60+,newsletter_signup,0.156753888893
Former skeptics,race,White / Caucasian,newsletter_signup,0.17521944444399998
Former skeptics,race,Black / African American,newsletter_signup,0.24521944444399998
Former skeptics,race,Hispanic / Latino,newsletter_signup,0.24521944444399998
Former skeptics,race,Asian / Asian American,newsletter_signup,0.215219444444
Former skeptics,race,Other,newsletter_signup,0.205219444444
Former skeptics,education,Less than high school,newsletter_signup,0.15403999999999998
Former skeptics,education,High school diploma / GED,newsletter_signup,0.17404
Former skeptics,education,Some college or Associate's degree,newsletter_signup,0.19404000000000002
Former skeptics,education,Bachelor's degree,newsletter_signup,0.22404
Former skeptics,education,Master's degree / Professional degree,newsletter_signup,0.25404
Former skeptics,education,Doctorate degree / Ph.D.,newsletter_signup,0.27404
Former skeptics,income,"Less than $30,000",newsletter_signup,0.15439999999999998
Former skeptics,income,"$30,000 to $55,999",newsletter_signup,0.1744
Former skeptics,income,"$56,000 to $99,999",newsletter_signup,0.20439999999999997
Former skeptics,income,"$100,000 to $167,999",newsletter_signup,0.2244
Former skeptics,income,"$168,000 or more",newsletter_signup,0.2344
Former skeptics,party,Republican,newsletter_signup,0.1217
Former skeptics,party,Democrat,newsletter_signup,0.29169999999999996
Former skeptics,party,Independent,newsletter_signup,0.1917
Former skeptics,party,Other,newsletter_signup,0.21170000000000003
High public trust,gender,Male,trust_multidimensional,56.84199999999999
High public trust,gender,Female,trust_multidimensional,60.84199999999999
High public trust,gender,Other,trust_multidimensional,60.84199999999999
High public trust,age_band,18-29,trust_multidimensional,60.774277777900004
High public trust,age_band,30-44,trust_multidimensional,59.774277777900004
High public trust,age_band,45-59,trust_multidimensional,57.774277777900004
High public trust,age_band,60+,trust_multidimensional,57.774277777900004
High public trust,race,White / Caucasian,trust_multidimensional,58.206055555599995
High public trust,race,Black / African American,trust_multidimensional,60.206055555599995
High public trust,race,Hispanic / Latino,trust_multidimensional,59.206055555599995
High public trust,race,Asian / Asian American,trust_multidimensional,62.206055555599995
High public trust,race,Other,trust_multidimensional,58.206055555599995
High public trust,education,Less than high school,trust_multidimensional,53.809
High public trust,education,High school diploma / GED,trust_multidimensional,56.809
High public trust,education,Some college or Associate's degree,trust_multidimensional,57.809
High public trust,education,Bachelor's degree,trust_multidimensional,61.809
High public trust,education,Master's degree / Professional degree,trust_multidimensional,63.809
High public trust,education,Doctorate degree / Ph.D.,trust_multidimensional,66.809
High public trust,income,"Less than $30,000",trust_multidimensional,54.78
High public trust,income,"$30,000 to $55,999",trust_multidimensional,56.78
High public trust,income,"$56,000 to $99,999",trust_multidimensional,58.78
High public trust,income,"$100,000 to $167,999",trust_multidimensional,60.78
High public trust,income,"$168,000 or more",trust_multidimensional,62.78
High public trust,party,Republican,trust_multidimensional,45.270999999999994
High public trust,party,Democrat,trust_multidimensional,73.071
High public trust,party,Independent,trust_multidimensional,58.57099999999999
High public trust,party,Other,trust_multidimensional,59.07099999999999
High public trust,gender,Male,trust_post,61.247400000000006
High public trust,gender,Female,trust_post,64.0474
High public trust,gender,Other,trust_post,65.2474
High public trust,age_band,18-29,trust_post,64.6200777779
High public trust,age_band,30-44,trust_post,63.62007777789999
High public trust,age_band,45-59,trust_post,61.42007777789999
High public trust,age_band,60+,trust_post,61.62007777789999
High public trust,race,White / Caucasian,trust_post,61.82092222224
High public trust,race,Black / African American,trust_post,64.62092222224
High public trust,race,Hispanic / Latino,trust_post,63.62092222224
High public trust,race,Asian / Asian American,trust_post,64.62092222224
High public trust,race,Other,trust_post,62.62092222224
High public trust,education,Less than high school,trust_post,57.955000000000005
High public trust,education,High school diploma / GED,trust_post,60.455000000000005
High public trust,education,Some college or Associate's degree,trust_post,61.955000000000005
High public trust,education,Bachelor's degree,trust_post,64.955
High public trust,education,Master's degree / Professional degree,trust_post,67.955
High public trust,education,Doctorate degree / Ph.D.,trust_post,70.955
High public trust,income,"Less than $30,000",trust_post,57.85
High public trust,income,"$30,000 to $55,999",trust_post,60.35
High public trust,income,"$56,000 to $99,999",trust_post,62.85
High public trust,income,"$100,000 to $167,999",trust_post,64.85
High public trust,income,"$168,000 or more",trust_post,66.85
High public trust,party,Republican,trust_post,49.683
High public trust,party,Democrat,trust_post,77.583
High public trust,party,Independent,trust_post,61.583
High public trust,party,Other,trust_post,62.583
High public trust,gender,Male,distrust_post,39.7435
High public trust,gender,Female,distrust_post,36.7435
High public trust,gender,Other,distrust_post,36.7435
High public trust,age_band,18-29,distrust_post,35.86230555534999
High public trust,age_band,30-44,distrust_post,36.86230555534999
High public trust,age_band,45-59,distrust_post,38.86230555534999
High public trust,age_band,60+,distrust_post,40.36230555534999
High public trust,race,White / Caucasian,distrust_post,38.87083333335
High public trust,race,Black / African American,distrust_post,36.87083333335
High public trust,race,Hispanic / Latino,distrust_post,37.37083333335
High public trust,race,Asian / Asian American,distrust_post,36.37083333335
High public trust,race,Other,distrust_post,39.37083333335
High public trust,education,Less than high school,distrust_post,42.796
High public trust,education,High school diploma / GED,distrust_post,40.796
High public trust,education,Some college or Associate's degree,distrust_post,38.796
High public trust,education,Bachelor's degree,distrust_post,35.796
High public trust,education,Master's degree / Professional degree,distrust_post,32.796
High public trust,education,Doctorate degree / Ph.D.,distrust_post,30.796000000000003
High public trust,income,"Less than $30,000",distrust_post,42.31999999999999
High public trust,income,"$30,000 to $55,999",distrust_post,40.31999999999999
High public trust,income,"$56,000 to $99,999",distrust_post,38.31999999999999
High public trust,income,"$100,000 to $167,999",distrust_post,36.31999999999999
High public trust,income,"$168,000 or more",distrust_post,34.31999999999999
High public trust,party,Republican,distrust_post,51.17349999999999
High public trust,party,Democrat,distrust_post,25.22349999999999
High public trust,party,Independent,distrust_post,38.223499999999994
High public trust,party,Other,distrust_post,37.223499999999994
High public trust,gender,Male,funding_perceptions,54.86475000000001
High public trust,gender,Female,funding_perceptions,59.36475000000001
High public trust,gender,Other,funding_perceptions,61.36475000000001
High public trust,age_band,18-29,funding_perceptions,60.87402777804999
High public trust,age_band,30-44,funding_perceptions,58.87402777804999
High public trust,age_band,45-59,funding_perceptions,55.87402777804999
High public trust,age_band,60+,funding_perceptions,54.37402777804999
High public trust,race,White / Caucasian,funding_perceptions,54.54438888890001
High public trust,race,Black / African American,funding_perceptions,62.54438888890001
High public trust,race,Hispanic / Latino,funding_perceptions,61.54438888890001
High public trust,race,Asian / Asian American,funding_perceptions,58.54438888890001
High public trust,race,Other,funding_perceptions,59.54438888890001
High public trust,education,Less than high school,funding_perceptions,51.332
High public trust,education,High school diploma / GED,funding_perceptions,54.332
High public trust,education,Some college or Associate's degree,funding_perceptions,56.332
High public trust,education,Bachelor's degree,funding_perceptions,60.332
High public trust,education,Master's degree / Professional degree,funding_perceptions,63.332
High public trust,education,Doctorate degree / Ph.D.,funding_perceptions,66.332
High public trust,income,"Less than $30,000",funding_perceptions,53.28
High public trust,income,"$30,000 to $55,999",funding_perceptions,55.28
High public trust,income,"$56,000 to $99,999",funding_perceptions,57.28
High public trust,income,"$100,000 to $167,999",funding_perceptions,59.28
High public trust,income,"$168,000 or more",funding_perceptions,60.28
High public trust,party,Republican,funding_perceptions,42.739999999999995
High public trust,party,Democrat,funding_perceptions,75.74
High public trust,party,Independent,funding_perceptions,54.739999999999995
High public trust,party,Other,funding_perceptions,57.739999999999995
High public trust,gender,Male,policy_role_mean,57.57424999999999
High public trust,gender,Female,policy_role_mean,61.07424999999999
High public trust,gender,Other,policy_role_mean,63.57424999999999
High public trust,age_band,18-29,policy_role_mean,62.560333333600006
High public trust,age_band,30-44,policy_role_mean,61.060333333600006
High public trust,age_band,45-59,policy_role_mean,58.560333333600006
High public trust,age_band,60+,policy_role_mean,56.560333333600006
High public trust,race,White / Caucasian,policy_role_mean,57.616
High public trust,race,Black / African American,policy_role_mean,63.616
High public trust,race,Hispanic / Latino,policy_role_mean,61.616
High public trust,race,Asian / Asian American,policy_role_mean,61.616
High public trust,race,Other,policy_role_mean,59.616
High public trust,education,Less than high school,policy_role_mean,53.888999999999996
High public trust,education,High school diploma / GED,policy_role_mean,56.888999999999996
High public trust,education,Some college or Associate's degree,policy_role_mean,58.888999999999996
High public trust,education,Bachelor's degree,policy_role_mean,61.888999999999996
High public trust,education,Master's degree / Professional degree,policy_role_mean,64.88900000000001
High public trust,education,Doctorate degree / Ph.D.,policy_role_mean,67.88900000000001
High public trust,income,"Less than $30,000",policy_role_mean,55.48
High public trust,income,"$30,000 to $55,999",policy_role_mean,57.48
High public trust,income,"$56,000 to $99,999",policy_role_mean,59.48
High public trust,income,"$100,000 to $167,999",policy_role_mean,61.48
High public trust,income,"$168,000 or more",policy_role_mean,62.48
High public trust,party,Republican,policy_role_mean,44.34499999999998
High public trust,party,Democrat,policy_role_mean,75.34499999999998
High public trust,party,Independent,policy_role_mean,58.84499999999998
High public trust,party,Other,policy_role_mean,60.34499999999998
High public trust,gender,Male,inst_trust_mean,52.17100000000001
High public trust,gender,Female,inst_trust_mean,54.17100000000001
High public trust,gender,Other,inst_trust_mean,54.17100000000001
High public trust,age_band,18-29,inst_trust_mean,52.9395555556
High public trust,age_band,30-44,inst_trust_mean,53.9395555556
High public trust,age_band,45-59,inst_trust_mean,52.9395555556
High public trust,age_band,60+,inst_trust_mean,52.9395555556
High public trust,race,White / Caucasian,inst_trust_mean,53.4443888889
High public trust,race,Black / African American,inst_trust_mean,53.4443888889
High public trust,race,Hispanic / Latino,inst_trust_mean,51.4443888889
High public trust,race,Asian / Asian American,inst_trust_mean,56.4443888889
High public trust,race,Other,inst_trust_mean,50.4443888889
High public trust,education,Less than high school,inst_trust_mean,47.47299999999999
High public trust,education,High school diploma / GED,inst_trust_mean,50.47299999999999
High public trust,education,Some college or Associate's degree,inst_trust_mean,52.47299999999999
High public trust,education,Bachelor's degree,inst_trust_mean,56.47299999999999
High public trust,education,Master's degree / Professional degree,inst_trust_mean,58.47299999999999
High public trust,education,Doctorate degree / Ph.D.,inst_trust_mean,61.47299999999999
High public trust,income,"Less than $30,000",inst_trust_mean,49.9
High public trust,income,"$30,000 to $55,999",inst_trust_mean,50.9
High public trust,income,"$56,000 to $99,999",inst_trust_mean,52.9
High public trust,income,"$100,000 to $167,999",inst_trust_mean,54.9
High public trust,income,"$168,000 or more",inst_trust_mean,56.9
High public trust,party,Republican,inst_trust_mean,42.379999999999995
High public trust,party,Democrat,inst_trust_mean,65.38000000000001
High public trust,party,Independent,inst_trust_mean,52.379999999999995
High public trust,party,Other,inst_trust_mean,53.379999999999995
High public trust,gender,Male,belief_post,65.63249999999998
High public trust,gender,Female,belief_post,70.63249999999998
High public trust,gender,Other,belief_post,72.63249999999998
High public trust,age_band,18-29,belief_post,72.7719444447
High public trust,age_band,30-44,belief_post,69.7719444447
High public trust,age_band,45-59,belief_post,65.7719444447
High public trust,age_band,60+,belief_post,65.7719444447
High public trust,race,White / Caucasian,belief_post,65.716
High public trust,race,Black / African American,belief_post,72.716
High public trust,race,Hispanic / Latino,belief_post,71.716
High public trust,race,Asian / Asian American,belief_post,73.716
High public trust,race,Other,belief_post,66.716
High public trust,education,Less than high school,belief_post,60.21099999999999
High public trust,education,High school diploma / GED,belief_post,63.21099999999999
High public trust,education,Some college or Associate's degree,belief_post,67.21099999999998
High public trust,education,Bachelor's degree,belief_post,73.21099999999998
High public trust,education,Master's degree / Professional degree,belief_post,77.21099999999998
High public trust,education,Doctorate degree / Ph.D.,belief_post,81.21099999999998
High public trust,income,"Less than $30,000",belief_post,62.64499999999999
High public trust,income,"$30,000 to $55,999",belief_post,65.64499999999998
High public trust,income,"$56,000 to $99,999",belief_post,68.64499999999998
High public trust,income,"$100,000 to $167,999",belief_post,70.64499999999998
High public trust,income,"$168,000 or more",belief_post,72.64499999999998
High public trust,party,Republican,belief_post,49.31324999999999
High public trust,party,Democrat,belief_post,87.16324999999999
High public trust,party,Independent,belief_post,68.18825
High public trust,party,Other,belief_post,69.16324999999999
High public trust,gender,Male,concern_mean,58.017999999999994
High public trust,gender,Female,concern_mean,64.018
High public trust,gender,Other,concern_mean,66.018
High public trust,age_band,18-29,concern_mean,64.9535000003
High public trust,age_band,30-44,concern_mean,62.9535000003
High public trust,age_band,45-59,concern_mean,59.9535000003
High public trust,age_band,60+,concern_mean,57.9535000003
High public trust,race,White / Caucasian,concern_mean,58.60755555549999
High public trust,race,Black / African American,concern_mean,65.60755555549999
High public trust,race,Hispanic / Latino,concern_mean,65.60755555549999
High public trust,race,Asian / Asian American,concern_mean,63.60755555549999
High public trust,race,Other,concern_mean,60.60755555549999
High public trust,education,Less than high school,concern_mean,55.38699999999999
High public trust,education,High school diploma / GED,concern_mean,57.88699999999999
High public trust,education,Some college or Associate's degree,concern_mean,60.38699999999999
High public trust,education,Bachelor's degree,concern_mean,64.387
High public trust,education,Master's degree / Professional degree,concern_mean,67.387
High public trust,education,Doctorate degree / Ph.D.,concern_mean,70.387
High public trust,income,"Less than $30,000",concern_mean,57.12500000000001
High public trust,income,"$30,000 to $55,999",concern_mean,59.12500000000001
High public trust,income,"$56,000 to $99,999",concern_mean,60.62500000000001
High public trust,income,"$100,000 to $167,999",concern_mean,63.12500000000001
High public trust,income,"$168,000 or more",concern_mean,65.125
High public trust,party,Republican,concern_mean,43.89675
High public trust,party,Democrat,concern_mean,78.79674999999999
High public trust,party,Independent,concern_mean,60.821749999999994
High public trust,party,Other,concern_mean,62.796749999999996
High public trust,gender,Male,policy_general,61.01200000000001
High public trust,gender,Female,policy_general,65.012
High public trust,gender,Other,policy_general,68.012
High public trust,age_band,18-29,policy_general,67.62091666705
High public trust,age_band,30-44,policy_general,65.62091666705
High public trust,age_band,45-59,policy_general,61.620916667050004
High public trust,age_band,60+,policy_general,59.120916667050004
High public trust,race,White / Caucasian,policy_general,60.11033333329999
High public trust,race,Black / African American,policy_general,69.61033333329999
High public trust,race,Hispanic / Latino,policy_general,67.61033333329999
High public trust,race,Asian / Asian American,policy_general,65.61033333329999
High public trust,race,Other,policy_general,63.61033333329999
High public trust,education,Less than high school,policy_general,55.559000000000005
High public trust,education,High school diploma / GED,policy_general,59.559000000000005
High public trust,education,Some college or Associate's degree,policy_general,62.559000000000005
High public trust,education,Bachelor's degree,policy_general,66.559
High public trust,education,Master's degree / Professional degree,policy_general,70.559
High public trust,education,Doctorate degree / Ph.D.,policy_general,73.559
High public trust,income,"Less than $30,000",policy_general,57.120000000000005
High public trust,income,"$30,000 to $55,999",policy_general,60.120000000000005
High public trust,income,"$56,000 to $99,999",policy_general,63.120000000000005
High public trust,income,"$100,000 to $167,999",policy_general,66.12
High public trust,income,"$168,000 or more",policy_general,68.12
High public trust,party,Republican,policy_general,44.02649999999999
High public trust,party,Democrat,policy_general,83.9765
High public trust,party,Independent,policy_general,61.976499999999994
High public trust,party,Other,policy_general,64.9765
High public trust,gender,Male,policy_specific_mean,55.98700000000001
High public trust,gender,Female,policy_specific_mean,59.98700000000001
High public trust,gender,Other,policy_specific_mean,62.98700000000001
High public trust,age_band,18-29,policy_specific_mean,62.4414444448
High public trust,age_band,30-44,policy_specific_mean,60.4414444448
High public trust,age_band,45-59,policy_specific_mean,56.4414444448
High public trust,age_band,60+,policy_specific_mean,54.4414444448
High public trust,race,White / Caucasian,policy_specific_mean,55.8328888888
High public trust,race,Black / African American,policy_specific_mean,62.8328888888
High public trust,race,Hispanic / Latino,policy_specific_mean,61.8328888888
High public trust,race,Asian / Asian American,policy_specific_mean,59.8328888888
High public trust,race,Other,policy_specific_mean,56.8328888888
High public trust,education,Less than high school,policy_specific_mean,51.85
High public trust,education,High school diploma / GED,policy_specific_mean,54.85
High public trust,education,Some college or Associate's degree,policy_specific_mean,56.85
High public trust,education,Bachelor's degree,policy_specific_mean,61.85
High public trust,education,Master's degree / Professional degree,policy_specific_mean,64.85000000000001
High public trust,education,Doctorate degree / Ph.D.,policy_specific_mean,67.85000000000001
High public trust,income,"Less than $30,000",policy_specific_mean,54.195
High public trust,income,"$30,000 to $55,999",policy_specific_mean,56.195
High public trust,income,"$56,000 to $99,999",policy_specific_mean,57.195
High public trust,income,"$100,000 to $167,999",policy_specific_mean,60.195
High public trust,income,"$168,000 or more",policy_specific_mean,62.195
High public trust,party,Republican,policy_specific_mean,39.55024999999999
High public trust,party,Democrat,policy_specific_mean,77.50025
High public trust,party,Independent,policy_specific_mean,57.525249999999986
High public trust,party,Other,policy_specific_mean,58.50024999999999
High public trust,gender,Male,behavior_mean,53.882999999999996
High public trust,gender,Female,behavior_mean,59.882999999999996
High public trust,gender,Other,behavior_mean,62.882999999999996
High public trust,age_band,18-29,behavior_mean,62.164833333699995
High public trust,age_band,30-44,behavior_mean,59.164833333699995
High public trust,age_band,45-59,behavior_mean,55.164833333699995
High public trust,age_band,60+,behavior_mean,53.164833333699995
High public trust,race,White / Caucasian,behavior_mean,54.64483333329999
High public trust,race,Black / African American,behavior_mean,60.64483333329999
High public trust,race,Hispanic / Latino,behavior_mean,61.64483333329999
High public trust,race,Asian / Asian American,behavior_mean,58.64483333329999
High public trust,race,Other,behavior_mean,57.64483333329999
High public trust,education,Less than high school,behavior_mean,50.515
High public trust,education,High school diploma / GED,behavior_mean,53.515
High public trust,education,Some college or Associate's degree,behavior_mean,56.515
High public trust,education,Bachelor's degree,behavior_mean,60.515
High public trust,education,Master's degree / Professional degree,behavior_mean,63.515
High public trust,education,Doctorate degree / Ph.D.,behavior_mean,65.515
High public trust,income,"Less than $30,000",behavior_mean,52.43999999999999
High public trust,income,"$30,000 to $55,999",behavior_mean,54.43999999999999
High public trust,income,"$56,000 to $99,999",behavior_mean,57.43999999999999
High public trust,income,"$100,000 to $167,999",behavior_mean,59.43999999999999
High public trust,income,"$168,000 or more",behavior_mean,60.43999999999999
High public trust,party,Republican,behavior_mean,40.43
High public trust,party,Democrat,behavior_mean,74.43
High public trust,party,Independent,behavior_mean,56.43
High public trust,party,Other,behavior_mean,59.43
High public trust,gender,Male,donation_ams,3.5981000000000005
High public trust,gender,Female,donation_ams,3.7981
High public trust,gender,Other,donation_ams,3.6981
High public trust,age_band,18-29,donation_ams,3.40183888887
High public trust,age_band,30-44,donation_ams,3.60183888887
High public trust,age_band,45-59,donation_ams,3.8018388888699994
High public trust,age_band,60+,donation_ams,3.90183888887
High public trust,race,White / Caucasian,donation_ams,3.7273222222299998
High public trust,race,Black / African American,donation_ams,3.62732222223
High public trust,race,Hispanic / Latino,donation_ams,3.5273222222299996
High public trust,race,Asian / Asian American,donation_ams,4.127322222229999
High public trust,race,Other,donation_ams,3.5273222222299996
High public trust,education,Less than high school,donation_ams,3.1176000000000004
High public trust,education,High school diploma / GED,donation_ams,3.3175999999999997
High public trust,education,Some college or Associate's degree,donation_ams,3.6176000000000004
High public trust,education,Bachelor's degree,donation_ams,4.1175999999999995
High public trust,education,Master's degree / Professional degree,donation_ams,4.3176
High public trust,education,Doctorate degree / Ph.D.,donation_ams,4.6175999999999995
High public trust,income,"Less than $30,000",donation_ams,3.0179999999999993
High public trust,income,"$30,000 to $55,999",donation_ams,3.317999999999999
High public trust,income,"$56,000 to $99,999",donation_ams,3.7179999999999995
High public trust,income,"$100,000 to $167,999",donation_ams,4.018
High public trust,income,"$168,000 or more",donation_ams,4.3180000000000005
High public trust,party,Republican,donation_ams,2.9079999999999995
High public trust,party,Democrat,donation_ams,4.808
High public trust,party,Independent,donation_ams,3.508
High public trust,party,Other,donation_ams,3.808
High public trust,gender,Male,newsletter_signup,0.17922
High public trust,gender,Female,newsletter_signup,0.21921999999999997
High public trust,gender,Other,newsletter_signup,0.23922
High public trust,age_band,18-29,newsletter_signup,0.24675388889299996
High public trust,age_band,30-44,newsletter_signup,0.226753888893
High public trust,age_band,45-59,newsletter_signup,0.18675388889299996
High public trust,age_band,60+,newsletter_signup,0.156753888893
High public trust,race,White / Caucasian,newsletter_signup,0.17521944444399998
High public trust,race,Black / African American,newsletter_signup,0.24521944444399998
High public trust,race,Hispanic / Latino,newsletter_signup,0.24521944444399998
High public trust,race,Asian / Asian American,newsletter_signup,0.215219444444
High public trust,race,Other,newsletter_signup,0.205219444444
High public trust,education,Less than high school,newsletter_signup,0.15403999999999998
High public trust,education,High school diploma / GED,newsletter_signup,0.17404
High public trust,education,Some college or Associate's degree,newsletter_signup,0.19404000000000002
High public trust,education,Bachelor's degree,newsletter_signup,0.22404
High public trust,education,Master's degree / Professional degree,newsletter_signup,0.25404
High public trust,education,Doctorate degree / Ph.D.,newsletter_signup,0.27404
High public trust,income,"Less than $30,000",newsletter_signup,0.15439999999999998
High public trust,income,"$30,000 to $55,999",newsletter_signup,0.1744
High public trust,income,"$56,000 to $99,999",newsletter_signup,0.20439999999999997
High public trust,income,"$100,000 to $167,999",newsletter_signup,0.2244
High public trust,income,"$168,000 or more",newsletter_signup,0.2344
High public trust,party,Republican,newsletter_signup,0.1217
High public trust,party,Democrat,newsletter_signup,0.29169999999999996
High public trust,party,Independent,newsletter_signup,0.1917
High public trust,party,Other,newsletter_signup,0.21170000000000003
Measurement & modeling (2),gender,Male,trust_multidimensional,56.592000000000006
Measurement & modeling (2),gender,Female,trust_multidimensional,60.592000000000006
Measurement & modeling (2),gender,Other,trust_multidimensional,60.592000000000006
Measurement & modeling (2),age_band,18-29,trust_multidimensional,60.52427777789999
Measurement & modeling (2),age_band,30-44,trust_multidimensional,59.52427777789999
Measurement & modeling (2),age_band,45-59,trust_multidimensional,57.52427777789999
Measurement & modeling (2),age_band,60+,trust_multidimensional,57.52427777789999
Measurement & modeling (2),race,White / Caucasian,trust_multidimensional,57.9560555556
Measurement & modeling (2),race,Black / African American,trust_multidimensional,59.9560555556
Measurement & modeling (2),race,Hispanic / Latino,trust_multidimensional,58.9560555556
Measurement & modeling (2),race,Asian / Asian American,trust_multidimensional,61.9560555556
Measurement & modeling (2),race,Other,trust_multidimensional,57.9560555556
Measurement & modeling (2),education,Less than high school,trust_multidimensional,53.51419999999999
Measurement & modeling (2),education,High school diploma / GED,trust_multidimensional,56.56419999999999
Measurement & modeling (2),education,Some college or Associate's degree,trust_multidimensional,57.56419999999999
Measurement & modeling (2),education,Bachelor's degree,trust_multidimensional,61.56419999999999
Measurement & modeling (2),education,Master's degree / Professional degree,trust_multidimensional,63.56419999999999
Measurement & modeling (2),education,Doctorate degree / Ph.D.,trust_multidimensional,66.56419999999999
Measurement & modeling (2),income,"Less than $30,000",trust_multidimensional,54.52999999999999
Measurement & modeling (2),income,"$30,000 to $55,999",trust_multidimensional,56.52999999999999
Measurement & modeling (2),income,"$56,000 to $99,999",trust_multidimensional,58.52999999999999
Measurement & modeling (2),income,"$100,000 to $167,999",trust_multidimensional,60.52999999999999
Measurement & modeling (2),income,"$168,000 or more",trust_multidimensional,62.52999999999999
Measurement & modeling (2),party,Republican,trust_multidimensional,44.838499999999996
Measurement & modeling (2),party,Democrat,trust_multidimensional,72.8885
Measurement & modeling (2),party,Independent,trust_multidimensional,58.38849999999999
Measurement & modeling (2),party,Other,trust_multidimensional,58.88849999999999
Measurement & modeling (2),gender,Male,trust_post,60.771674999999995
Measurement & modeling (2),gender,Female,trust_post,63.621674999999996
Measurement & modeling (2),gender,Other,trust_post,64.821675
Measurement & modeling (2),age_band,18-29,trust_post,64.21242222234999
Measurement & modeling (2),age_band,30-44,trust_post,63.21242222234999
Measurement & modeling (2),age_band,45-59,trust_post,60.962422222349986
Measurement & modeling (2),age_band,60+,trust_post,61.11242222234999
Measurement & modeling (2),race,White / Caucasian,trust_post,61.351011111130006
Measurement & modeling (2),race,Black / African American,trust_post,64.20101111113
Measurement & modeling (2),race,Hispanic / Latino,trust_post,63.20101111113
Measurement & modeling (2),race,Asian / Asian American,trust_post,64.20101111113
Measurement & modeling (2),race,Other,trust_post,62.20101111113
Measurement & modeling (2),education,Less than high school,trust_post,57.351800000000004
Measurement & modeling (2),education,High school diploma / GED,trust_post,59.951800000000006
Measurement & modeling (2),education,Some college or Associate's degree,trust_post,61.5518
Measurement & modeling (2),education,Bachelor's degree,trust_post,64.5518
Measurement & modeling (2),education,Master's degree / Professional degree,trust_post,67.5518
Measurement & modeling (2),education,Doctorate degree / Ph.D.,trust_post,70.5518
Measurement & modeling (2),income,"Less than $30,000",trust_post,57.359
Measurement & modeling (2),income,"$30,000 to $55,999",trust_post,59.909
Measurement & modeling (2),income,"$56,000 to $99,999",trust_post,62.409
Measurement & modeling (2),income,"$100,000 to $167,999",trust_post,64.409
Measurement & modeling (2),income,"$168,000 or more",trust_post,66.409
Measurement & modeling (2),party,Republican,trust_post,49.0145
Measurement & modeling (2),party,Democrat,trust_post,77.2145
Measurement & modeling (2),party,Independent,trust_post,61.214499999999994
Measurement & modeling (2),party,Other,trust_post,62.1645
Measurement & modeling (2),gender,Male,distrust_post,40.143499999999996
Measurement & modeling (2),gender,Female,distrust_post,37.143499999999996
Measurement & modeling (2),gender,Other,distrust_post,37.143499999999996
Measurement & modeling (2),age_band,18-29,distrust_post,36.246858333125
Measurement & modeling (2),age_band,30-44,distrust_post,37.246858333125
Measurement & modeling (2),age_band,45-59,distrust_post,39.246858333125
Measurement & modeling (2),age_band,60+,distrust_post,40.796858333124995
Measurement & modeling (2),race,White / Caucasian,distrust_post,39.270833333350005
Measurement & modeling (2),race,Black / African American,distrust_post,37.270833333350005
Measurement & modeling (2),race,Hispanic / Latino,distrust_post,37.770833333350005
Measurement & modeling (2),race,Asian / Asian American,distrust_post,36.770833333350005
Measurement & modeling (2),race,Other,distrust_post,39.770833333350005
Measurement & modeling (2),education,Less than high school,distrust_post,43.24080000000001
Measurement & modeling (2),education,High school diploma / GED,distrust_post,41.1908
Measurement & modeling (2),education,Some college or Associate's degree,distrust_post,39.1908
Measurement & modeling (2),education,Bachelor's degree,distrust_post,36.1908
Measurement & modeling (2),education,Master's degree / Professional degree,distrust_post,33.1908
Measurement & modeling (2),education,Doctorate degree / Ph.D.,distrust_post,31.190800000000003
Measurement & modeling (2),income,"Less than $30,000",distrust_post,42.72
Measurement & modeling (2),income,"$30,000 to $55,999",distrust_post,40.72
Measurement & modeling (2),income,"$56,000 to $99,999",distrust_post,38.72
Measurement & modeling (2),income,"$100,000 to $167,999",distrust_post,36.72
Measurement & modeling (2),income,"$168,000 or more",distrust_post,34.72
Measurement & modeling (2),party,Republican,distrust_post,51.64649999999999
Measurement & modeling (2),party,Democrat,distrust_post,25.596499999999995
Measurement & modeling (2),party,Independent,distrust_post,38.59649999999999
Measurement & modeling (2),party,Other,distrust_post,37.59649999999999
Measurement & modeling (2),gender,Male,funding_perceptions,54.91474999999999
Measurement & modeling (2),gender,Female,funding_perceptions,59.41474999999999
Measurement & modeling (2),gender,Other,funding_perceptions,61.41474999999999
Measurement & modeling (2),age_band,18-29,funding_perceptions,60.93947500027499
Measurement & modeling (2),age_band,30-44,funding_perceptions,58.93947500027499
Measurement & modeling (2),age_band,45-59,funding_perceptions,55.93947500027499
Measurement & modeling (2),age_band,60+,funding_perceptions,54.38947500027499
Measurement & modeling (2),race,White / Caucasian,funding_perceptions,54.594388888900006
Measurement & modeling (2),race,Black / African American,funding_perceptions,62.594388888900006
Measurement & modeling (2),race,Hispanic / Latino,funding_perceptions,61.594388888900006
Measurement & modeling (2),race,Asian / Asian American,funding_perceptions,58.594388888900006
Measurement & modeling (2),race,Other,funding_perceptions,59.594388888900006
Measurement & modeling (2),education,Less than high school,funding_perceptions,51.33719999999999
Measurement & modeling (2),education,High school diploma / GED,funding_perceptions,54.38719999999999
Measurement & modeling (2),education,Some college or Associate's degree,funding_perceptions,56.38719999999999
Measurement & modeling (2),education,Bachelor's degree,funding_perceptions,60.38719999999999
Measurement & modeling (2),education,Master's degree / Professional degree,funding_perceptions,63.38719999999999
Measurement & modeling (2),education,Doctorate degree / Ph.D.,funding_perceptions,66.38719999999999
Measurement & modeling (2),income,"Less than $30,000",funding_perceptions,53.32999999999999
Measurement & modeling (2),income,"$30,000 to $55,999",funding_perceptions,55.32999999999999
Measurement & modeling (2),income,"$56,000 to $99,999",funding_perceptions,57.32999999999999
Measurement & modeling (2),income,"$100,000 to $167,999",funding_perceptions,59.32999999999999
Measurement & modeling (2),income,"$168,000 or more",funding_perceptions,60.32999999999999
Measurement & modeling (2),party,Republican,funding_perceptions,42.71699999999999
Measurement & modeling (2),party,Democrat,funding_perceptions,75.817
Measurement & modeling (2),party,Independent,funding_perceptions,54.81699999999999
Measurement & modeling (2),party,Other,funding_perceptions,57.81699999999999
Measurement & modeling (2),gender,Male,policy_role_mean,57.52425
Measurement & modeling (2),gender,Female,policy_role_mean,61.02425
Measurement & modeling (2),gender,Other,policy_role_mean,63.52425
Measurement & modeling (2),age_band,18-29,policy_role_mean,62.525780555825
Measurement & modeling (2),age_band,30-44,policy_role_mean,61.025780555825
Measurement & modeling (2),age_band,45-59,policy_role_mean,58.525780555825
Measurement & modeling (2),age_band,60+,policy_role_mean,56.475780555825004
Measurement & modeling (2),race,White / Caucasian,policy_role_mean,57.566
Measurement & modeling (2),race,Black / African American,policy_role_mean,63.566
Measurement & modeling (2),race,Hispanic / Latino,policy_role_mean,61.566
Measurement & modeling (2),race,Asian / Asian American,policy_role_mean,61.566
Measurement & modeling (2),race,Other,policy_role_mean,59.566
Measurement & modeling (2),education,Less than high school,policy_role_mean,53.7624
Measurement & modeling (2),education,High school diploma / GED,policy_role_mean,56.8124
Measurement & modeling (2),education,Some college or Associate's degree,policy_role_mean,58.862399999999994
Measurement & modeling (2),education,Bachelor's degree,policy_role_mean,61.862399999999994
Measurement & modeling (2),education,Master's degree / Professional degree,policy_role_mean,64.8624
Measurement & modeling (2),education,Doctorate degree / Ph.D.,policy_role_mean,67.8624
Measurement & modeling (2),income,"Less than $30,000",policy_role_mean,55.43000000000001
Measurement & modeling (2),income,"$30,000 to $55,999",policy_role_mean,57.43000000000001
Measurement & modeling (2),income,"$56,000 to $99,999",policy_role_mean,59.43000000000001
Measurement & modeling (2),income,"$100,000 to $167,999",policy_role_mean,61.43000000000001
Measurement & modeling (2),income,"$168,000 or more",policy_role_mean,62.43000000000001
Measurement & modeling (2),party,Republican,policy_role_mean,44.221999999999994
Measurement & modeling (2),party,Democrat,policy_role_mean,75.32199999999999
Measurement & modeling (2),party,Independent,policy_role_mean,58.821999999999996
Measurement & modeling (2),party,Other,policy_role_mean,60.321999999999996
Measurement & modeling (2),gender,Male,inst_trust_mean,52.145999999999994
Measurement & modeling (2),gender,Female,inst_trust_mean,54.145999999999994
Measurement & modeling (2),gender,Other,inst_trust_mean,54.145999999999994
Measurement & modeling (2),age_band,18-29,inst_trust_mean,52.922279166712485
Measurement & modeling (2),age_band,30-44,inst_trust_mean,53.922279166712485
Measurement & modeling (2),age_band,45-59,inst_trust_mean,52.922279166712485
Measurement & modeling (2),age_band,60+,inst_trust_mean,52.89727916671249
Measurement & modeling (2),race,White / Caucasian,inst_trust_mean,53.419388888899995
Measurement & modeling (2),race,Black / African American,inst_trust_mean,53.419388888899995
Measurement & modeling (2),race,Hispanic / Latino,inst_trust_mean,51.419388888899995
Measurement & modeling (2),race,Asian / Asian American,inst_trust_mean,56.419388888899995
Measurement & modeling (2),race,Other,inst_trust_mean,50.419388888899995
Measurement & modeling (2),education,Less than high school,inst_trust_mean,47.425599999999996
Measurement & modeling (2),education,High school diploma / GED,inst_trust_mean,50.450599999999994
Measurement & modeling (2),education,Some college or Associate's degree,inst_trust_mean,52.450599999999994
Measurement & modeling (2),education,Bachelor's degree,inst_trust_mean,56.450599999999994
Measurement & modeling (2),education,Master's degree / Professional degree,inst_trust_mean,58.450599999999994
Measurement & modeling (2),education,Doctorate degree / Ph.D.,inst_trust_mean,61.450599999999994
Measurement & modeling (2),income,"Less than $30,000",inst_trust_mean,49.874999999999986
Measurement & modeling (2),income,"$30,000 to $55,999",inst_trust_mean,50.874999999999986
Measurement & modeling (2),income,"$56,000 to $99,999",inst_trust_mean,52.874999999999986
Measurement & modeling (2),income,"$100,000 to $167,999",inst_trust_mean,54.874999999999986
Measurement & modeling (2),income,"$168,000 or more",inst_trust_mean,56.874999999999986
Measurement & modeling (2),party,Republican,inst_trust_mean,42.30024999999999
Measurement & modeling (2),party,Democrat,inst_trust_mean,65.37525000000001
Measurement & modeling (2),party,Independent,inst_trust_mean,52.375249999999994
Measurement & modeling (2),party,Other,inst_trust_mean,53.375249999999994
Measurement & modeling (2),gender,Male,belief_post,65.682275
Measurement & modeling (2),gender,Female,belief_post,70.732275
Measurement & modeling (2),gender,Other,belief_post,72.682275
Measurement & modeling (2),age_band,18-29,belief_post,72.88928888914998
Measurement & modeling (2),age_band,30-44,belief_post,69.88928888914998
Measurement & modeling (2),age_band,45-59,belief_post,65.83928888914997
Measurement & modeling (2),age_band,60+,belief_post,65.78928888914997
Measurement & modeling (2),race,White / Caucasian,belief_post,65.77579166666499
Measurement & modeling (2),race,Black / African American,belief_post,72.82579166666498
Measurement & modeling (2),race,Hispanic / Latino,belief_post,71.82579166666498
Measurement & modeling (2),race,Asian / Asian American,belief_post,73.77579166666499
Measurement & modeling (2),race,Other,belief_post,66.77579166666499
Measurement & modeling (2),education,Less than high school,belief_post,60.23539999999999
Measurement & modeling (2),education,High school diploma / GED,belief_post,63.23539999999999
Measurement & modeling (2),education,Some college or Associate's degree,belief_post,67.28540000000001
Measurement & modeling (2),education,Bachelor's degree,belief_post,73.3354
Measurement & modeling (2),education,Master's degree / Professional degree,belief_post,77.3354
Measurement & modeling (2),education,Doctorate degree / Ph.D.,belief_post,81.3854
Measurement & modeling (2),income,"Less than $30,000",belief_post,62.7
Measurement & modeling (2),income,"$30,000 to $55,999",belief_post,65.7
Measurement & modeling (2),income,"$56,000 to $99,999",belief_post,68.7
Measurement & modeling (2),income,"$100,000 to $167,999",belief_post,70.75
Measurement & modeling (2),income,"$168,000 or more",belief_post,72.75
Measurement & modeling (2),party,Republican,belief_post,49.203999999999986
Measurement & modeling (2),party,Democrat,belief_post,87.35399999999998
Measurement & modeling (2),party,Independent,belief_post,68.30399999999997
Measurement & modeling (2),party,Other,belief_post,69.25399999999998
Measurement & modeling (2),gender,Male,concern_mean,58.017775
Measurement & modeling (2),gender,Female,concern_mean,64.067775
Measurement & modeling (2),gender,Other,concern_mean,66.017775
Measurement & modeling (2),age_band,18-29,concern_mean,65.02084444475
Measurement & modeling (2),age_band,30-44,concern_mean,63.02084444475
Measurement & modeling (2),age_band,45-59,concern_mean,59.97084444475
Measurement & modeling (2),age_band,60+,concern_mean,57.920844444749996
Measurement & modeling (2),race,White / Caucasian,concern_mean,58.617347222164994
Measurement & modeling (2),race,Black / African American,concern_mean,65.667347222165
Measurement & modeling (2),race,Hispanic / Latino,concern_mean,65.667347222165
Measurement & modeling (2),race,Asian / Asian American,concern_mean,63.617347222164994
Measurement & modeling (2),race,Other,concern_mean,60.617347222164994
Measurement & modeling (2),education,Less than high school,concern_mean,55.34935
Measurement & modeling (2),education,High school diploma / GED,concern_mean,57.89935
Measurement & modeling (2),education,Some college or Associate's degree,concern_mean,60.39935
Measurement & modeling (2),education,Bachelor's degree,concern_mean,64.44935
Measurement & modeling (2),education,Master's degree / Professional degree,concern_mean,67.44935
Measurement & modeling (2),education,Doctorate degree / Ph.D.,concern_mean,70.44935
Measurement & modeling (2),income,"Less than $30,000",concern_mean,57.13
Measurement & modeling (2),income,"$30,000 to $55,999",concern_mean,59.13
Measurement & modeling (2),income,"$56,000 to $99,999",concern_mean,60.63
Measurement & modeling (2),income,"$100,000 to $167,999",concern_mean,63.18
Measurement & modeling (2),income,"$168,000 or more",concern_mean,65.18
Measurement & modeling (2),party,Republican,concern_mean,43.809999999999995
Measurement & modeling (2),party,Democrat,concern_mean,78.91
Measurement & modeling (2),party,Independent,concern_mean,60.85999999999999
Measurement & modeling (2),party,Other,concern_mean,62.85999999999999
Measurement & modeling (2),gender,Male,policy_general,61.024387499999996
Measurement & modeling (2),gender,Female,policy_general,65.0493875
Measurement & modeling (2),gender,Other,policy_general,68.02438749999999
Measurement & modeling (2),age_band,18-29,policy_general,67.66708888927499
Measurement & modeling (2),age_band,30-44,policy_general,65.66708888927499
Measurement & modeling (2),age_band,45-59,policy_general,61.642088889274994
Measurement & modeling (2),age_band,60+,policy_general,59.117088889274996
Measurement & modeling (2),race,White / Caucasian,policy_general,60.1277291666325
Measurement & modeling (2),race,Black / African American,policy_general,69.6527291666325
Measurement & modeling (2),race,Hispanic / Latino,policy_general,67.6527291666325
Measurement & modeling (2),race,Asian / Asian American,policy_general,65.62772916663249
Measurement & modeling (2),race,Other,policy_general,63.6277291666325
Measurement & modeling (2),education,Less than high school,policy_general,55.55917499999999
Measurement & modeling (2),education,High school diploma / GED,policy_general,59.55917499999999
Measurement & modeling (2),education,Some college or Associate's degree,policy_general,62.58417499999999
Measurement & modeling (2),education,Bachelor's degree,policy_general,66.60917500000001
Measurement & modeling (2),education,Master's degree / Professional degree,policy_general,70.60917500000001
Measurement & modeling (2),education,Doctorate degree / Ph.D.,policy_general,73.60917500000001
Measurement & modeling (2),income,"Less than $30,000",policy_general,57.135000000000005
Measurement & modeling (2),income,"$30,000 to $55,999",policy_general,60.135000000000005
Measurement & modeling (2),income,"$56,000 to $99,999",policy_general,63.135000000000005
Measurement & modeling (2),income,"$100,000 to $167,999",policy_general,66.16
Measurement & modeling (2),income,"$168,000 or more",policy_general,68.16
Measurement & modeling (2),party,Republican,policy_general,43.94225
Measurement & modeling (2),party,Democrat,policy_general,84.04225
Measurement & modeling (2),party,Independent,policy_general,62.04225
Measurement & modeling (2),party,Other,policy_general,65.01725
Measurement & modeling (2),gender,Male,policy_specific_mean,55.97438749999999
Measurement & modeling (2),gender,Female,policy_specific_mean,59.99938749999999
Measurement & modeling (2),gender,Other,policy_specific_mean,62.97438749999999
Measurement & modeling (2),age_band,18-29,policy_specific_mean,62.462616667025
Measurement & modeling (2),age_band,30-44,policy_specific_mean,60.462616667025
Measurement & modeling (2),age_band,45-59,policy_specific_mean,56.437616667025004
Measurement & modeling (2),age_band,60+,policy_specific_mean,54.412616667025006
Measurement & modeling (2),race,White / Caucasian,policy_specific_mean,55.825284722132494
Measurement & modeling (2),race,Black / African American,policy_specific_mean,62.8502847221325
Measurement & modeling (2),race,Hispanic / Latino,policy_specific_mean,61.8502847221325
Measurement & modeling (2),race,Asian / Asian American,policy_specific_mean,59.825284722132494
Measurement & modeling (2),race,Other,policy_specific_mean,56.825284722132494
Measurement & modeling (2),education,Less than high school,policy_specific_mean,51.825175
Measurement & modeling (2),education,High school diploma / GED,policy_specific_mean,54.825175
Measurement & modeling (2),education,Some college or Associate's degree,policy_specific_mean,56.850175
Measurement & modeling (2),education,Bachelor's degree,policy_specific_mean,61.875175
Measurement & modeling (2),education,Master's degree / Professional degree,policy_specific_mean,64.87517499999998
Measurement & modeling (2),education,Doctorate degree / Ph.D.,policy_specific_mean,67.87517499999998
Measurement & modeling (2),income,"Less than $30,000",policy_specific_mean,54.185
Measurement & modeling (2),income,"$30,000 to $55,999",policy_specific_mean,56.185
Measurement & modeling (2),income,"$56,000 to $99,999",policy_specific_mean,57.185
Measurement & modeling (2),income,"$100,000 to $167,999",policy_specific_mean,60.21000000000001
Measurement & modeling (2),income,"$168,000 or more",policy_specific_mean,62.21000000000001
Measurement & modeling (2),party,Republican,policy_specific_mean,39.488749999999996
Measurement & modeling (2),party,Democrat,policy_specific_mean,77.53875
Measurement & modeling (2),party,Independent,policy_specific_mean,57.53874999999999
Measurement & modeling (2),party,Other,policy_specific_mean,58.513749999999995
Measurement & modeling (2),gender,Male,behavior_mean,53.908
Measurement & modeling (2),gender,Female,behavior_mean,59.908
Measurement & modeling (2),gender,Other,behavior_mean,62.908
Measurement & modeling (2),age_band,18-29,behavior_mean,62.1975569448125
Measurement & modeling (2),age_band,30-44,behavior_mean,59.1975569448125
Measurement & modeling (2),age_band,45-59,behavior_mean,55.1975569448125
Measurement & modeling (2),age_band,60+,behavior_mean,53.1725569448125
Measurement & modeling (2),race,White / Caucasian,behavior_mean,54.66983333329999
Measurement & modeling (2),race,Black / African American,behavior_mean,60.66983333329999
Measurement & modeling (2),race,Hispanic / Latino,behavior_mean,61.66983333329999
Measurement & modeling (2),race,Asian / Asian American,behavior_mean,58.66983333329999
Measurement & modeling (2),race,Other,behavior_mean,57.66983333329999
Measurement & modeling (2),education,Less than high school,behavior_mean,50.5176
Measurement & modeling (2),education,High school diploma / GED,behavior_mean,53.5426
Measurement & modeling (2),education,Some college or Associate's degree,behavior_mean,56.5426
Measurement & modeling (2),education,Bachelor's degree,behavior_mean,60.5426
Measurement & modeling (2),education,Master's degree / Professional degree,behavior_mean,63.5426
Measurement & modeling (2),education,Doctorate degree / Ph.D.,behavior_mean,65.54260000000001
Measurement & modeling (2),income,"Less than $30,000",behavior_mean,52.464999999999996
Measurement & modeling (2),income,"$30,000 to $55,999",behavior_mean,54.464999999999996
Measurement & modeling (2),income,"$56,000 to $99,999",behavior_mean,57.464999999999996
Measurement & modeling (2),income,"$100,000 to $167,999",behavior_mean,59.464999999999996
Measurement & modeling (2),income,"$168,000 or more",behavior_mean,60.464999999999996
Measurement & modeling (2),party,Republican,behavior_mean,40.43674999999999
Measurement & modeling (2),party,Democrat,behavior_mean,74.46175
Measurement & modeling (2),party,Independent,behavior_mean,56.461749999999995
Measurement & modeling (2),party,Other,behavior_mean,59.461749999999995
Measurement & modeling (2),gender,Male,donation_ams,3.5981000000000005
Measurement & modeling (2),gender,Female,donation_ams,3.7981
Measurement & modeling (2),gender,Other,donation_ams,3.6981
Measurement & modeling (2),age_band,18-29,donation_ams,3.40183888887
Measurement & modeling (2),age_band,30-44,donation_ams,3.60183888887
Measurement & modeling (2),age_band,45-59,donation_ams,3.8018388888699994
Measurement & modeling (2),age_band,60+,donation_ams,3.90183888887
Measurement & modeling (2),race,White / Caucasian,donation_ams,3.7273222222299998
Measurement & modeling (2),race,Black / African American,donation_ams,3.62732222223
Measurement & modeling (2),race,Hispanic / Latino,donation_ams,3.5273222222299996
Measurement & modeling (2),race,Asian / Asian American,donation_ams,4.127322222229999
Measurement & modeling (2),race,Other,donation_ams,3.5273222222299996
Measurement & modeling (2),education,Less than high school,donation_ams,3.1176000000000004
Measurement & modeling (2),education,High school diploma / GED,donation_ams,3.3175999999999997
Measurement & modeling (2),education,Some college or Associate's degree,donation_ams,3.6176000000000004
Measurement & modeling (2),education,Bachelor's degree,donation_ams,4.1175999999999995
Measurement & modeling (2),education,Master's degree / Professional degree,donation_ams,4.3176
Measurement & modeling (2),education,Doctorate degree / Ph.D.,donation_ams,4.6175999999999995
Measurement & modeling (2),income,"Less than $30,000",donation_ams,3.0179999999999993
Measurement & modeling (2),income,"$30,000 to $55,999",donation_ams,3.317999999999999
Measurement & modeling (2),income,"$56,000 to $99,999",donation_ams,3.7179999999999995
Measurement & modeling (2),income,"$100,000 to $167,999",donation_ams,4.018
Measurement & modeling (2),income,"$168,000 or more",donation_ams,4.3180000000000005
Measurement & modeling (2),party,Republican,donation_ams,2.9079999999999995
Measurement & modeling (2),party,Democrat,donation_ams,4.808
Measurement & modeling (2),party,Independent,donation_ams,3.508
Measurement & modeling (2),party,Other,donation_ams,3.808
Measurement & modeling (2),gender,Male,newsletter_signup,0.17922
Measurement & modeling (2),gender,Female,newsletter_signup,0.21921999999999997
Measurement & modeling (2),gender,Other,newsletter_signup,0.23922
Measurement & modeling (2),age_band,18-29,newsletter_signup,0.24675388889299996
Measurement & modeling (2),age_band,30-44,newsletter_signup,0.226753888893
Measurement & modeling (2),age_band,45-59,newsletter_signup,0.18675388889299996
Measurement & modeling (2),age_band,60+,newsletter_signup,0.156753888893
Measurement & modeling (2),race,White / Caucasian,newsletter_signup,0.17521944444399998
Measurement & modeling (2),race,Black / African American,newsletter_signup,0.24521944444399998
Measurement & modeling (2),race,Hispanic / Latino,newsletter_signup,0.24521944444399998
Measurement & modeling (2),race,Asian / Asian American,newsletter_signup,0.215219444444
Measurement & modeling (2),race,Other,newsletter_signup,0.205219444444
Measurement & modeling (2),education,Less than high school,newsletter_signup,0.15403999999999998
Measurement & modeling (2),education,High school diploma / GED,newsletter_signup,0.17404
Measurement & modeling (2),education,Some college or Associate's degree,newsletter_signup,0.19404000000000002
Measurement & modeling (2),education,Bachelor's degree,newsletter_signup,0.22404
Measurement & modeling (2),education,Master's degree / Professional degree,newsletter_signup,0.25404
Measurement & modeling (2),education,Doctorate degree / Ph.D.,newsletter_signup,0.27404
Measurement & modeling (2),income,"Less than $30,000",newsletter_signup,0.15439999999999998
Measurement & modeling (2),income,"$30,000 to $55,999",newsletter_signup,0.1744
Measurement & modeling (2),income,"$56,000 to $99,999",newsletter_signup,0.20439999999999997
Measurement & modeling (2),income,"$100,000 to $167,999",newsletter_signup,0.2244
Measurement & modeling (2),income,"$168,000 or more",newsletter_signup,0.2344
Measurement & modeling (2),party,Republican,newsletter_signup,0.1217
Measurement & modeling (2),party,Democrat,newsletter_signup,0.29169999999999996
Measurement & modeling (2),party,Independent,newsletter_signup,0.1917
Measurement & modeling (2),party,Other,newsletter_signup,0.21170000000000003
Peer-review,gender,Male,trust_multidimensional,56.99199999999999
Peer-review,gender,Female,trust_multidimensional,60.99199999999999
Peer-review,gender,Other,trust_multidimensional,60.99199999999999
Peer-review,age_band,18-29,trust_multidimensional,60.92427777789998
Peer-review,age_band,30-44,trust_multidimensional,59.92427777789998
Peer-review,age_band,45-59,trust_multidimensional,57.92427777789998
Peer-review,age_band,60+,trust_multidimensional,57.92427777789998
Peer-review,race,White / Caucasian,trust_multidimensional,58.356055555599994
Peer-review,race,Black / African American,trust_multidimensional,60.356055555599994
Peer-review,race,Hispanic / Latino,trust_multidimensional,59.356055555599994
Peer-review,race,Asian / Asian American,trust_multidimensional,62.356055555599994
Peer-review,race,Other,trust_multidimensional,58.356055555599994
Peer-review,education,Less than high school,trust_multidimensional,53.95899999999998
Peer-review,education,High school diploma / GED,trust_multidimensional,56.95899999999998
Peer-review,education,Some college or Associate's degree,trust_multidimensional,57.95899999999998
Peer-review,education,Bachelor's degree,trust_multidimensional,61.95899999999998
Peer-review,education,Master's degree / Professional degree,trust_multidimensional,63.95899999999998
Peer-review,education,Doctorate degree / Ph.D.,trust_multidimensional,66.95899999999999
Peer-review,income,"Less than $30,000",trust_multidimensional,54.929999999999986
Peer-review,income,"$30,000 to $55,999",trust_multidimensional,56.929999999999986
Peer-review,income,"$56,000 to $99,999",trust_multidimensional,58.929999999999986
Peer-review,income,"$100,000 to $167,999",trust_multidimensional,60.929999999999986
Peer-review,income,"$168,000 or more",trust_multidimensional,62.929999999999986
Peer-review,party,Republican,trust_multidimensional,45.27499999999999
Peer-review,party,Democrat,trust_multidimensional,73.27499999999999
Peer-review,party,Independent,trust_multidimensional,58.77499999999999
Peer-review,party,Other,trust_multidimensional,59.27499999999999
Peer-review,gender,Male,trust_post,61.19739999999999
Peer-review,gender,Female,trust_post,63.997399999999985
Peer-review,gender,Other,trust_post,65.1974
Peer-review,age_band,18-29,trust_post,64.5700777779
Peer-review,age_band,30-44,trust_post,63.570077777899996
Peer-review,age_band,45-59,trust_post,61.37007777789999
Peer-review,age_band,60+,trust_post,61.570077777899996
Peer-review,race,White / Caucasian,trust_post,61.770922222239996
Peer-review,race,Black / African American,trust_post,64.57092222224
Peer-review,race,Hispanic / Latino,trust_post,63.57092222223999
Peer-review,race,Asian / Asian American,trust_post,64.57092222224
Peer-review,race,Other,trust_post,62.57092222223999
Peer-review,education,Less than high school,trust_post,57.90499999999999
Peer-review,education,High school diploma / GED,trust_post,60.40499999999999
Peer-review,education,Some college or Associate's degree,trust_post,61.90499999999999
Peer-review,education,Bachelor's degree,trust_post,64.90499999999999
Peer-review,education,Master's degree / Professional degree,trust_post,67.90499999999999
Peer-review,education,Doctorate degree / Ph.D.,trust_post,70.90499999999999
Peer-review,income,"Less than $30,000",trust_post,57.8
Peer-review,income,"$30,000 to $55,999",trust_post,60.3
Peer-review,income,"$56,000 to $99,999",trust_post,62.8
Peer-review,income,"$100,000 to $167,999",trust_post,64.8
Peer-review,income,"$168,000 or more",trust_post,66.8
Peer-review,party,Republican,trust_post,49.55999999999999
Peer-review,party,Democrat,trust_post,77.56
Peer-review,party,Independent,trust_post,61.55999999999999
Peer-review,party,Other,trust_post,62.55999999999999
Peer-review,gender,Male,distrust_post,39.8935
Peer-review,gender,Female,distrust_post,36.8935
Peer-review,gender,Other,distrust_post,36.8935
Peer-review,age_band,18-29,distrust_post,36.012305555350004
Peer-review,age_band,30-44,distrust_post,37.012305555350004
Peer-review,age_band,45-59,distrust_post,39.012305555350004
Peer-review,age_band,60+,distrust_post,40.512305555350004
Peer-review,race,White / Caucasian,distrust_post,39.02083333335
Peer-review,race,Black / African American,distrust_post,37.02083333335
Peer-review,race,Hispanic / Latino,distrust_post,37.52083333335
Peer-review,race,Asian / Asian American,distrust_post,36.52083333335
Peer-review,race,Other,distrust_post,39.52083333335
Peer-review,education,Less than high school,distrust_post,42.946
Peer-review,education,High school diploma / GED,distrust_post,40.946
Peer-review,education,Some college or Associate's degree,distrust_post,38.946
Peer-review,education,Bachelor's degree,distrust_post,35.946
Peer-review,education,Master's degree / Professional degree,distrust_post,32.946
Peer-review,education,Doctorate degree / Ph.D.,distrust_post,30.945999999999998
Peer-review,income,"Less than $30,000",distrust_post,42.46999999999999
Peer-review,income,"$30,000 to $55,999",distrust_post,40.46999999999999
Peer-review,income,"$56,000 to $99,999",distrust_post,38.46999999999999
Peer-review,income,"$100,000 to $167,999",distrust_post,36.46999999999999
Peer-review,income,"$168,000 or more",distrust_post,34.46999999999999
Peer-review,party,Republican,distrust_post,51.35999999999999
Peer-review,party,Democrat,distrust_post,25.359999999999992
Peer-review,party,Independent,distrust_post,38.35999999999999
Peer-review,party,Other,distrust_post,37.35999999999999
Peer-review,gender,Male,funding_perceptions,54.91474999999999
Peer-review,gender,Female,funding_perceptions,59.41474999999999
Peer-review,gender,Other,funding_perceptions,61.41474999999999
Peer-review,age_band,18-29,funding_perceptions,60.92402777804999
Peer-review,age_band,30-44,funding_perceptions,58.92402777804999
Peer-review,age_band,45-59,funding_perceptions,55.92402777804999
Peer-review,age_band,60+,funding_perceptions,54.42402777804999
Peer-review,race,White / Caucasian,funding_perceptions,54.594388888900006
Peer-review,race,Black / African American,funding_perceptions,62.594388888900006
Peer-review,race,Hispanic / Latino,funding_perceptions,61.594388888900006
Peer-review,race,Asian / Asian American,funding_perceptions,58.594388888900006
Peer-review,race,Other,funding_perceptions,59.594388888900006
Peer-review,education,Less than high school,funding_perceptions,51.382
Peer-review,education,High school diploma / GED,funding_perceptions,54.382
Peer-review,education,Some college or Associate's degree,funding_perceptions,56.382
Peer-review,education,Bachelor's degree,funding_perceptions,60.382
Peer-review,education,Master's degree / Professional degree,funding_perceptions,63.382
Peer-review,education,Doctorate degree / Ph.D.,funding_perceptions,66.38199999999999
Peer-review,income,"Less than $30,000",funding_perceptions,53.32999999999999
Peer-review,income,"$30,000 to $55,999",funding_perceptions,55.32999999999999
Peer-review,income,"$56,000 to $99,999",funding_perceptions,57.32999999999999
Peer-review,income,"$100,000 to $167,999",funding_perceptions,59.32999999999999
Peer-review,income,"$168,000 or more",funding_perceptions,60.32999999999999
Peer-review,party,Republican,funding_perceptions,42.78999999999999
Peer-review,party,Democrat,funding_perceptions,75.78999999999999
Peer-review,party,Independent,funding_perceptions,54.78999999999999
Peer-review,party,Other,funding_perceptions,57.78999999999999
Peer-review,gender,Male,policy_role_mean,57.52425
Peer-review,gender,Female,policy_role_mean,61.02425
Peer-review,gender,Other,policy_role_mean,63.52425
Peer-review,age_band,18-29,policy_role_mean,62.5103333336
Peer-review,age_band,30-44,policy_role_mean,61.0103333336
Peer-review,age_band,45-59,policy_role_mean,58.5103333336
Peer-review,age_band,60+,policy_role_mean,56.5103333336
Peer-review,race,White / Caucasian,policy_role_mean,57.566
Peer-review,race,Black / African American,policy_role_mean,63.566
Peer-review,race,Hispanic / Latino,policy_role_mean,61.566
Peer-review,race,Asian / Asian American,policy_role_mean,61.566
Peer-review,race,Other,policy_role_mean,59.566
Peer-review,education,Less than high school,policy_role_mean,53.839
Peer-review,education,High school diploma / GED,policy_role_mean,56.839
Peer-review,education,Some college or Associate's degree,policy_role_mean,58.839
Peer-review,education,Bachelor's degree,policy_role_mean,61.839
Peer-review,education,Master's degree / Professional degree,policy_role_mean,64.83899999999998
Peer-review,education,Doctorate degree / Ph.D.,policy_role_mean,67.83899999999998
Peer-review,income,"Less than $30,000",policy_role_mean,55.43000000000001
Peer-review,income,"$30,000 to $55,999",policy_role_mean,57.43000000000001
Peer-review,income,"$56,000 to $99,999",policy_role_mean,59.43000000000001
Peer-review,income,"$100,000 to $167,999",policy_role_mean,61.43000000000001
Peer-review,income,"$168,000 or more",policy_role_mean,62.43000000000001
Peer-review,party,Republican,policy_role_mean,44.295
Peer-review,party,Democrat,policy_role_mean,75.29499999999999
Peer-review,party,Independent,policy_role_mean,58.795
Peer-review,party,Other,policy_role_mean,60.295
Peer-review,gender,Male,inst_trust_mean,52.17100000000001
Peer-review,gender,Female,inst_trust_mean,54.17100000000001
Peer-review,gender,Other,inst_trust_mean,54.17100000000001
Peer-review,age_band,18-29,inst_trust_mean,52.9395555556
Peer-review,age_band,30-44,inst_trust_mean,53.9395555556
Peer-review,age_band,45-59,inst_trust_mean,52.9395555556
Peer-review,age_band,60+,inst_trust_mean,52.9395555556
Peer-review,race,White / Caucasian,inst_trust_mean,53.4443888889
Peer-review,race,Black / African American,inst_trust_mean,53.4443888889
Peer-review,race,Hispanic / Latino,inst_trust_mean,51.4443888889
Peer-review,race,Asian / Asian American,inst_trust_mean,56.4443888889
Peer-review,race,Other,inst_trust_mean,50.4443888889
Peer-review,education,Less than high school,inst_trust_mean,47.47299999999999
Peer-review,education,High school diploma / GED,inst_trust_mean,50.47299999999999
Peer-review,education,Some college or Associate's degree,inst_trust_mean,52.47299999999999
Peer-review,education,Bachelor's degree,inst_trust_mean,56.47299999999999
Peer-review,education,Master's degree / Professional degree,inst_trust_mean,58.47299999999999
Peer-review,education,Doctorate degree / Ph.D.,inst_trust_mean,61.47299999999999
Peer-review,income,"Less than $30,000",inst_trust_mean,49.9
Peer-review,income,"$30,000 to $55,999",inst_trust_mean,50.9
Peer-review,income,"$56,000 to $99,999",inst_trust_mean,52.9
Peer-review,income,"$100,000 to $167,999",inst_trust_mean,54.9
Peer-review,income,"$168,000 or more",inst_trust_mean,56.9
Peer-review,party,Republican,inst_trust_mean,42.379999999999995
Peer-review,party,Democrat,inst_trust_mean,65.38000000000001
Peer-review,party,Independent,inst_trust_mean,52.379999999999995
Peer-review,party,Other,inst_trust_mean,53.379999999999995
Peer-review,gender,Male,belief_post,65.95749999999998
Peer-review,gender,Female,belief_post,70.95749999999998
Peer-review,gender,Other,belief_post,72.95749999999998
Peer-review,age_band,18-29,belief_post,73.0969444447
Peer-review,age_band,30-44,belief_post,70.0969444447
Peer-review,age_band,45-59,belief_post,66.0969444447
Peer-review,age_band,60+,belief_post,66.0969444447
Peer-review,race,White / Caucasian,belief_post,66.041
Peer-review,race,Black / African American,belief_post,73.041
Peer-review,race,Hispanic / Latino,belief_post,72.041
Peer-review,race,Asian / Asian American,belief_post,74.041
Peer-review,race,Other,belief_post,67.041
Peer-review,education,Less than high school,belief_post,60.53599999999999
Peer-review,education,High school diploma / GED,belief_post,63.53599999999999
Peer-review,education,Some college or Associate's degree,belief_post,67.53599999999999
Peer-review,education,Bachelor's degree,belief_post,73.53599999999999
Peer-review,education,Master's degree / Professional degree,belief_post,77.53599999999999
Peer-review,education,Doctorate degree / Ph.D.,belief_post,81.53599999999999
Peer-review,income,"Less than $30,000",belief_post,62.97
Peer-review,income,"$30,000 to $55,999",belief_post,65.96999999999998
Peer-review,income,"$56,000 to $99,999",belief_post,68.96999999999998
Peer-review,income,"$100,000 to $167,999",belief_post,70.96999999999998
Peer-review,income,"$168,000 or more",belief_post,72.96999999999998
Peer-review,party,Republican,belief_post,49.539999999999985
Peer-review,party,Democrat,belief_post,87.53999999999998
Peer-review,party,Independent,belief_post,68.53999999999998
Peer-review,party,Other,belief_post,69.53999999999998
Peer-review,gender,Male,concern_mean,58.093
Peer-review,gender,Female,concern_mean,64.093
Peer-review,gender,Other,concern_mean,66.093
Peer-review,age_band,18-29,concern_mean,65.0285000003
Peer-review,age_band,30-44,concern_mean,63.0285000003
Peer-review,age_band,45-59,concern_mean,60.0285000003
Peer-review,age_band,60+,concern_mean,58.0285000003
Peer-review,race,White / Caucasian,concern_mean,58.6825555555
Peer-review,race,Black / African American,concern_mean,65.6825555555
Peer-review,race,Hispanic / Latino,concern_mean,65.6825555555
Peer-review,race,Asian / Asian American,concern_mean,63.6825555555
Peer-review,race,Other,concern_mean,60.6825555555
Peer-review,education,Less than high school,concern_mean,55.462
Peer-review,education,High school diploma / GED,concern_mean,57.962
Peer-review,education,Some college or Associate's degree,concern_mean,60.462
Peer-review,education,Bachelor's degree,concern_mean,64.462
Peer-review,education,Master's degree / Professional degree,concern_mean,67.462
Peer-review,education,Doctorate degree / Ph.D.,concern_mean,70.462
Peer-review,income,"Less than $30,000",concern_mean,57.20000000000001
Peer-review,income,"$30,000 to $55,999",concern_mean,59.20000000000001
Peer-review,income,"$56,000 to $99,999",concern_mean,60.70000000000001
Peer-review,income,"$100,000 to $167,999",concern_mean,63.20000000000001
Peer-review,income,"$168,000 or more",concern_mean,65.2
Peer-review,party,Republican,concern_mean,43.910000000000004
Peer-review,party,Democrat,concern_mean,78.91
Peer-review,party,Independent,concern_mean,60.910000000000004
Peer-review,party,Other,concern_mean,62.910000000000004
Peer-review,gender,Male,policy_general,61.062
Peer-review,gender,Female,policy_general,65.06200000000001
Peer-review,gender,Other,policy_general,68.06200000000001
Peer-review,age_band,18-29,policy_general,67.67091666705
Peer-review,age_band,30-44,policy_general,65.67091666705
Peer-review,age_band,45-59,policy_general,61.67091666705
Peer-review,age_band,60+,policy_general,59.17091666705
Peer-review,race,White / Caucasian,policy_general,60.160333333299995
Peer-review,race,Black / African American,policy_general,69.6603333333
Peer-review,race,Hispanic / Latino,policy_general,67.6603333333
Peer-review,race,Asian / Asian American,policy_general,65.6603333333
Peer-review,race,Other,policy_general,63.660333333299995
Peer-review,education,Less than high school,policy_general,55.60899999999999
Peer-review,education,High school diploma / GED,policy_general,59.60899999999999
Peer-review,education,Some college or Associate's degree,policy_general,62.60899999999999
Peer-review,education,Bachelor's degree,policy_general,66.60900000000001
Peer-review,education,Master's degree / Professional degree,policy_general,70.60900000000001
Peer-review,education,Doctorate degree / Ph.D.,policy_general,73.60900000000001
Peer-review,income,"Less than $30,000",policy_general,57.16999999999999
Peer-review,income,"$30,000 to $55,999",policy_general,60.16999999999999
Peer-review,income,"$56,000 to $99,999",policy_general,63.16999999999999
Peer-review,income,"$100,000 to $167,999",policy_general,66.17
Peer-review,income,"$168,000 or more",policy_general,68.17
Peer-review,party,Republican,policy_general,44.03999999999999
Peer-review,party,Democrat,policy_general,84.04
Peer-review,party,Independent,policy_general,62.03999999999999
Peer-review,party,Other,policy_general,65.04
Peer-review,gender,Male,policy_specific_mean,56.01200000000001
Peer-review,gender,Female,policy_specific_mean,60.01200000000001
Peer-review,gender,Other,policy_specific_mean,63.01200000000001
Peer-review,age_band,18-29,policy_specific_mean,62.46644444479999
Peer-review,age_band,30-44,policy_specific_mean,60.46644444479999
Peer-review,age_band,45-59,policy_specific_mean,56.46644444479999
Peer-review,age_band,60+,policy_specific_mean,54.46644444479999
Peer-review,race,White / Caucasian,policy_specific_mean,55.8578888888
Peer-review,race,Black / African American,policy_specific_mean,62.8578888888
Peer-review,race,Hispanic / Latino,policy_specific_mean,61.8578888888
Peer-review,race,Asian / Asian American,policy_specific_mean,59.8578888888
Peer-review,race,Other,policy_specific_mean,56.8578888888
Peer-review,education,Less than high school,policy_specific_mean,51.875
Peer-review,education,High school diploma / GED,policy_specific_mean,54.875
Peer-review,education,Some college or Associate's degree,policy_specific_mean,56.875
Peer-review,education,Bachelor's degree,policy_specific_mean,61.875
Peer-review,education,Master's degree / Professional degree,policy_specific_mean,64.87499999999999
Peer-review,education,Doctorate degree / Ph.D.,policy_specific_mean,67.87499999999999
Peer-review,income,"Less than $30,000",policy_specific_mean,54.220000000000006
Peer-review,income,"$30,000 to $55,999",policy_specific_mean,56.220000000000006
Peer-review,income,"$56,000 to $99,999",policy_specific_mean,57.220000000000006
Peer-review,income,"$100,000 to $167,999",policy_specific_mean,60.220000000000006
Peer-review,income,"$168,000 or more",policy_specific_mean,62.220000000000006
Peer-review,party,Republican,policy_specific_mean,39.54999999999999
Peer-review,party,Democrat,policy_specific_mean,77.54999999999998
Peer-review,party,Independent,policy_specific_mean,57.54999999999999
Peer-review,party,Other,policy_specific_mean,58.54999999999999
Peer-review,gender,Male,behavior_mean,53.933
Peer-review,gender,Female,behavior_mean,59.933
Peer-review,gender,Other,behavior_mean,62.933
Peer-review,age_band,18-29,behavior_mean,62.21483333369999
Peer-review,age_band,30-44,behavior_mean,59.21483333369999
Peer-review,age_band,45-59,behavior_mean,55.21483333369999
Peer-review,age_band,60+,behavior_mean,53.21483333369999
Peer-review,race,White / Caucasian,behavior_mean,54.6948333333
Peer-review,race,Black / African American,behavior_mean,60.6948333333
Peer-review,race,Hispanic / Latino,behavior_mean,61.6948333333
Peer-review,race,Asian / Asian American,behavior_mean,58.6948333333
Peer-review,race,Other,behavior_mean,57.6948333333
Peer-review,education,Less than high school,behavior_mean,50.56499999999999
Peer-review,education,High school diploma / GED,behavior_mean,53.56499999999999
Peer-review,education,Some college or Associate's degree,behavior_mean,56.56499999999999
Peer-review,education,Bachelor's degree,behavior_mean,60.56499999999999
Peer-review,education,Master's degree / Professional degree,behavior_mean,63.56499999999999
Peer-review,education,Doctorate degree / Ph.D.,behavior_mean,65.56499999999998
Peer-review,income,"Less than $30,000",behavior_mean,52.48999999999999
Peer-review,income,"$30,000 to $55,999",behavior_mean,54.48999999999999
Peer-review,income,"$56,000 to $99,999",behavior_mean,57.48999999999999
Peer-review,income,"$100,000 to $167,999",behavior_mean,59.48999999999999
Peer-review,income,"$168,000 or more",behavior_mean,60.48999999999999
Peer-review,party,Republican,behavior_mean,40.47999999999999
Peer-review,party,Democrat,behavior_mean,74.48
Peer-review,party,Independent,behavior_mean,56.47999999999999
Peer-review,party,Other,behavior_mean,59.47999999999999
Peer-review,gender,Male,donation_ams,3.5981000000000005
Peer-review,gender,Female,donation_ams,3.7981
Peer-review,gender,Other,donation_ams,3.6981
Peer-review,age_band,18-29,donation_ams,3.40183888887
Peer-review,age_band,30-44,donation_ams,3.60183888887
Peer-review,age_band,45-59,donation_ams,3.8018388888699994
Peer-review,age_band,60+,donation_ams,3.90183888887
Peer-review,race,White / Caucasian,donation_ams,3.7273222222299998
Peer-review,race,Black / African American,donation_ams,3.62732222223
Peer-review,race,Hispanic / Latino,donation_ams,3.5273222222299996
Peer-review,race,Asian / Asian American,donation_ams,4.127322222229999
Peer-review,race,Other,donation_ams,3.5273222222299996
Peer-review,education,Less than high school,donation_ams,3.1176000000000004
Peer-review,education,High school diploma / GED,donation_ams,3.3175999999999997
Peer-review,education,Some college or Associate's degree,donation_ams,3.6176000000000004
Peer-review,education,Bachelor's degree,donation_ams,4.1175999999999995
Peer-review,education,Master's degree / Professional degree,donation_ams,4.3176
Peer-review,education,Doctorate degree / Ph.D.,donation_ams,4.6175999999999995
Peer-review,income,"Less than $30,000",donation_ams,3.0179999999999993
Peer-review,income,"$30,000 to $55,999",donation_ams,3.317999999999999
Peer-review,income,"$56,000 to $99,999",donation_ams,3.7179999999999995
Peer-review,income,"$100,000 to $167,999",donation_ams,4.018
Peer-review,income,"$168,000 or more",donation_ams,4.3180000000000005
Peer-review,party,Republican,donation_ams,2.9079999999999995
Peer-review,party,Democrat,donation_ams,4.808
Peer-review,party,Independent,donation_ams,3.508
Peer-review,party,Other,donation_ams,3.808
Peer-review,gender,Male,newsletter_signup,0.17922
Peer-review,gender,Female,newsletter_signup,0.21921999999999997
Peer-review,gender,Other,newsletter_signup,0.23922
Peer-review,age_band,18-29,newsletter_signup,0.24675388889299996
Peer-review,age_band,30-44,newsletter_signup,0.226753888893
Peer-review,age_band,45-59,newsletter_signup,0.18675388889299996
Peer-review,age_band,60+,newsletter_signup,0.156753888893
Peer-review,race,White / Caucasian,newsletter_signup,0.17521944444399998
Peer-review,race,Black / African American,newsletter_signup,0.24521944444399998
Peer-review,race,Hispanic / Latino,newsletter_signup,0.24521944444399998
Peer-review,race,Asian / Asian American,newsletter_signup,0.215219444444
Peer-review,race,Other,newsletter_signup,0.205219444444
Peer-review,education,Less than high school,newsletter_signup,0.15403999999999998
Peer-review,education,High school diploma / GED,newsletter_signup,0.17404
Peer-review,education,Some college or Associate's degree,newsletter_signup,0.19404000000000002
Peer-review,education,Bachelor's degree,newsletter_signup,0.22404
Peer-review,education,Master's degree / Professional degree,newsletter_signup,0.25404
Peer-review,education,Doctorate degree / Ph.D.,newsletter_signup,0.27404
Peer-review,income,"Less than $30,000",newsletter_signup,0.15439999999999998
Peer-review,income,"$30,000 to $55,999",newsletter_signup,0.1744
Peer-review,income,"$56,000 to $99,999",newsletter_signup,0.20439999999999997
Peer-review,income,"$100,000 to $167,999",newsletter_signup,0.2244
Peer-review,income,"$168,000 or more",newsletter_signup,0.2344
Peer-review,party,Republican,newsletter_signup,0.1217
Peer-review,party,Democrat,newsletter_signup,0.29169999999999996
Peer-review,party,Independent,newsletter_signup,0.1917
Peer-review,party,Other,newsletter_signup,0.21170000000000003
Scientist community helpers,gender,Male,trust_multidimensional,57.112
Scientist community helpers,gender,Female,trust_multidimensional,61.112
Scientist community helpers,gender,Other,trust_multidimensional,61.112
Scientist community helpers,age_band,18-29,trust_multidimensional,61.0442777779
Scientist community helpers,age_band,30-44,trust_multidimensional,60.0442777779
Scientist community helpers,age_band,45-59,trust_multidimensional,58.0442777779
Scientist community helpers,age_band,60+,trust_multidimensional,58.0442777779
Scientist community helpers,race,White / Caucasian,trust_multidimensional,58.472368888933005
Scientist community helpers,race,Black / African American,trust_multidimensional,60.502368888933006
Scientist community helpers,race,Hispanic / Latino,trust_multidimensional,59.472368888933005
Scientist community helpers,race,Asian / Asian American,trust_multidimensional,62.472368888933005
Scientist community helpers,race,Other,trust_multidimensional,58.472368888933005
Scientist community helpers,education,Less than high school,trust_multidimensional,54.078999999999986
Scientist community helpers,education,High school diploma / GED,trust_multidimensional,57.078999999999986
Scientist community helpers,education,Some college or Associate's degree,trust_multidimensional,58.078999999999986
Scientist community helpers,education,Bachelor's degree,trust_multidimensional,62.078999999999986
Scientist community helpers,education,Master's degree / Professional degree,trust_multidimensional,64.079
Scientist community helpers,education,Doctorate degree / Ph.D.,trust_multidimensional,67.079
Scientist community helpers,income,"Less than $30,000",trust_multidimensional,55.074600000000004
Scientist community helpers,income,"$30,000 to $55,999",trust_multidimensional,57.0446
Scientist community helpers,income,"$56,000 to $99,999",trust_multidimensional,59.0446
Scientist community helpers,income,"$100,000 to $167,999",trust_multidimensional,61.0446
Scientist community helpers,income,"$168,000 or more",trust_multidimensional,63.0446
Scientist community helpers,party,Republican,trust_multidimensional,45.6365
Scientist community helpers,party,Democrat,trust_multidimensional,73.0865
Scientist community helpers,party,Independent,trust_multidimensional,58.9365
Scientist community helpers,party,Other,trust_multidimensional,59.3365
Scientist community helpers,gender,Male,trust_post,61.07483250000001
Scientist community helpers,gender,Female,trust_post,63.8898325
Scientist community helpers,gender,Other,trust_post,65.0748325
Scientist community helpers,age_band,18-29,trust_post,64.46314694456748
Scientist community helpers,age_band,30-44,trust_post,63.4631469445675
Scientist community helpers,age_band,45-59,trust_post,61.248146944567495
Scientist community helpers,age_band,60+,trust_post,61.4481469445675
Scientist community helpers,race,White / Caucasian,trust_post,61.6513597222395
Scientist community helpers,race,Black / African American,trust_post,64.46635972223949
Scientist community helpers,race,Hispanic / Latino,trust_post,63.466359722239496
Scientist community helpers,race,Asian / Asian American,trust_post,64.45135972223949
Scientist community helpers,race,Other,trust_post,62.451359722239495
Scientist community helpers,education,Less than high school,trust_post,57.799539999999986
Scientist community helpers,education,High school diploma / GED,trust_post,60.299539999999986
Scientist community helpers,education,Some college or Associate's degree,trust_post,61.784539999999986
Scientist community helpers,education,Bachelor's degree,trust_post,64.78453999999999
Scientist community helpers,education,Master's degree / Professional degree,trust_post,67.78453999999999
Scientist community helpers,education,Doctorate degree / Ph.D.,trust_post,70.78453999999999
Scientist community helpers,income,"Less than $30,000",trust_post,57.694599999999994
Scientist community helpers,income,"$30,000 to $55,999",trust_post,60.194599999999994
Scientist community helpers,income,"$56,000 to $99,999",trust_post,62.67959999999999
Scientist community helpers,income,"$100,000 to $167,999",trust_post,64.6796
Scientist community helpers,income,"$168,000 or more",trust_post,66.6796
Scientist community helpers,party,Republican,trust_post,49.70899999999999
Scientist community helpers,party,Democrat,trust_post,77.15899999999999
Scientist community helpers,party,Independent,trust_post,61.45899999999999
Scientist community helpers,party,Other,trust_post,62.40899999999999
Scientist community helpers,gender,Male,distrust_post,39.7660675
Scientist community helpers,gender,Female,distrust_post,36.751067500000005
Scientist community helpers,gender,Other,distrust_post,36.7660675
Scientist community helpers,age_band,18-29,distrust_post,35.869236388682495
Scientist community helpers,age_band,30-44,distrust_post,36.869236388682495
Scientist community helpers,age_band,45-59,distrust_post,38.884236388682496
Scientist community helpers,age_band,60+,distrust_post,40.384236388682496
Scientist community helpers,race,White / Caucasian,distrust_post,38.8903958333505
Scientist community helpers,race,Black / African American,distrust_post,36.8753958333505
Scientist community helpers,race,Hispanic / Latino,distrust_post,37.3753958333505
Scientist community helpers,race,Asian / Asian American,distrust_post,36.3903958333505
Scientist community helpers,race,Other,distrust_post,39.3903958333505
Scientist community helpers,education,Less than high school,distrust_post,42.80145999999999
Scientist community helpers,education,High school diploma / GED,distrust_post,40.80145999999999
Scientist community helpers,education,Some college or Associate's degree,distrust_post,38.81645999999999
Scientist community helpers,education,Bachelor's degree,distrust_post,35.81645999999999
Scientist community helpers,education,Master's degree / Professional degree,distrust_post,32.81645999999999
Scientist community helpers,education,Doctorate degree / Ph.D.,distrust_post,30.816459999999996
Scientist community helpers,income,"Less than $30,000",distrust_post,42.3254
Scientist community helpers,income,"$30,000 to $55,999",distrust_post,40.3254
Scientist community helpers,income,"$56,000 to $99,999",distrust_post,38.3404
Scientist community helpers,income,"$100,000 to $167,999",distrust_post,36.3404
Scientist community helpers,income,"$168,000 or more",distrust_post,34.3404
Scientist community helpers,party,Republican,distrust_post,51.0475
Scientist community helpers,party,Democrat,distrust_post,25.447499999999998
Scientist community helpers,party,Independent,distrust_post,38.1975
Scientist community helpers,party,Other,distrust_post,37.247499999999995
Scientist community helpers,gender,Male,funding_perceptions,54.97475000000001
Scientist community helpers,gender,Female,funding_perceptions,59.47475000000001
Scientist community helpers,gender,Other,funding_perceptions,61.47475000000001
Scientist community helpers,age_band,18-29,funding_perceptions,60.987117222494994
Scientist community helpers,age_band,30-44,funding_perceptions,58.987117222494994
Scientist community helpers,age_band,45-59,funding_perceptions,55.987117222494994
Scientist community helpers,age_band,60+,funding_perceptions,54.477117222494996
Scientist community helpers,race,White / Caucasian,funding_perceptions,54.6543888889
Scientist community helpers,race,Black / African American,funding_perceptions,62.6543888889
Scientist community helpers,race,Hispanic / Latino,funding_perceptions,61.6543888889
Scientist community helpers,race,Asian / Asian American,funding_perceptions,58.6543888889
Scientist community helpers,race,Other,funding_perceptions,59.6543888889
Scientist community helpers,education,Less than high school,funding_perceptions,51.44219
Scientist community helpers,education,High school diploma / GED,funding_perceptions,54.44219
Scientist community helpers,education,Some college or Associate's degree,funding_perceptions,56.44219
Scientist community helpers,education,Bachelor's degree,funding_perceptions,60.44219
Scientist community helpers,education,Master's degree / Professional degree,funding_perceptions,63.44219
Scientist community helpers,education,Doctorate degree / Ph.D.,funding_perceptions,66.43218999999999
Scientist community helpers,income,"Less than $30,000",funding_perceptions,53.39200000000001
Scientist community helpers,income,"$30,000 to $55,999",funding_perceptions,55.39200000000001
Scientist community helpers,income,"$56,000 to $99,999",funding_perceptions,57.39200000000001
Scientist community helpers,income,"$100,000 to $167,999",funding_perceptions,59.39200000000001
Scientist community helpers,income,"$168,000 or more",funding_perceptions,60.38200000000001
Scientist community helpers,party,Republican,funding_perceptions,42.928000000000004
Scientist community helpers,party,Democrat,funding_perceptions,75.72800000000001
Scientist community helpers,party,Independent,funding_perceptions,54.87800000000001
Scientist community helpers,party,Other,funding_perceptions,57.778000000000006
Scientist community helpers,gender,Male,policy_role_mean,57.67159250000001
Scientist community helpers,gender,Female,policy_role_mean,61.206592500000006
Scientist community helpers,gender,Other,policy_role_mean,63.67159250000001
Scientist community helpers,age_band,18-29,policy_role_mean,62.694161389157486
Scientist community helpers,age_band,30-44,policy_role_mean,61.194161389157486
Scientist community helpers,age_band,45-59,policy_role_mean,58.65916138915749
Scientist community helpers,age_band,60+,policy_role_mean,56.65916138915749
Scientist community helpers,race,White / Caucasian,policy_role_mean,57.72035416666549
Scientist community helpers,race,Black / African American,policy_role_mean,63.755354166665484
Scientist community helpers,race,Hispanic / Latino,policy_role_mean,61.755354166665484
Scientist community helpers,race,Asian / Asian American,policy_role_mean,61.72035416666549
Scientist community helpers,race,Other,policy_role_mean,59.72035416666549
Scientist community helpers,education,Less than high school,policy_role_mean,54.02625999999999
Scientist community helpers,education,High school diploma / GED,policy_role_mean,57.02625999999999
Scientist community helpers,education,Some college or Associate's degree,policy_role_mean,58.99125999999999
Scientist community helpers,education,Bachelor's degree,policy_role_mean,61.99125999999999
Scientist community helpers,education,Master's degree / Professional degree,policy_role_mean,64.99126
Scientist community helpers,education,Doctorate degree / Ph.D.,policy_role_mean,67.99126
Scientist community helpers,income,"Less than $30,000",policy_role_mean,55.617399999999996
Scientist community helpers,income,"$30,000 to $55,999",policy_role_mean,57.617399999999996
Scientist community helpers,income,"$56,000 to $99,999",policy_role_mean,59.5824
Scientist community helpers,income,"$100,000 to $167,999",policy_role_mean,61.5824
Scientist community helpers,income,"$168,000 or more",policy_role_mean,62.5824
Scientist community helpers,party,Republican,policy_role_mean,44.6465
Scientist community helpers,party,Democrat,policy_role_mean,75.2965
Scientist community helpers,party,Independent,policy_role_mean,58.9465
Scientist community helpers,party,Other,policy_role_mean,60.4465
Scientist community helpers,gender,Male,inst_trust_mean,52.17100000000001
Scientist community helpers,gender,Female,inst_trust_mean,54.17100000000001
Scientist community helpers,gender,Other,inst_trust_mean,54.17100000000001
Scientist community helpers,age_band,18-29,inst_trust_mean,52.94573444449001
Scientist community helpers,age_band,30-44,inst_trust_mean,53.94573444449001
Scientist community helpers,age_band,45-59,inst_trust_mean,52.94573444449001
Scientist community helpers,age_band,60+,inst_trust_mean,52.925734444490004
Scientist community helpers,race,White / Caucasian,inst_trust_mean,53.4443888889
Scientist community helpers,race,Black / African American,inst_trust_mean,53.4443888889
Scientist community helpers,race,Hispanic / Latino,inst_trust_mean,51.4443888889
Scientist community helpers,race,Asian / Asian American,inst_trust_mean,56.4443888889
Scientist community helpers,race,Other,inst_trust_mean,50.4443888889
Scientist community helpers,education,Less than high school,inst_trust_mean,47.47337999999999
Scientist community helpers,education,High school diploma / GED,inst_trust_mean,50.47337999999999
Scientist community helpers,education,Some college or Associate's degree,inst_trust_mean,52.47337999999999
Scientist community helpers,education,Bachelor's degree,inst_trust_mean,56.47337999999999
Scientist community helpers,education,Master's degree / Professional degree,inst_trust_mean,58.47337999999999
Scientist community helpers,education,Doctorate degree / Ph.D.,inst_trust_mean,61.45337999999999
Scientist community helpers,income,"Less than $30,000",inst_trust_mean,49.903999999999996
Scientist community helpers,income,"$30,000 to $55,999",inst_trust_mean,50.903999999999996
Scientist community helpers,income,"$56,000 to $99,999",inst_trust_mean,52.903999999999996
Scientist community helpers,income,"$100,000 to $167,999",inst_trust_mean,54.903999999999996
Scientist community helpers,income,"$168,000 or more",inst_trust_mean,56.88399999999999
Scientist community helpers,party,Republican,inst_trust_mean,42.44349999999999
Scientist community helpers,party,Democrat,inst_trust_mean,65.29350000000001
Scientist community helpers,party,Independent,inst_trust_mean,52.393499999999996
Scientist community helpers,party,Other,inst_trust_mean,53.393499999999996
Scientist community helpers,gender,Male,belief_post,65.6225
Scientist community helpers,gender,Female,belief_post,70.6225
Scientist community helpers,gender,Other,belief_post,72.6225
Scientist community helpers,age_band,18-29,belief_post,72.76657861136748
Scientist community helpers,age_band,30-44,belief_post,69.76657861136748
Scientist community helpers,age_band,45-59,belief_post,65.76657861136748
Scientist community helpers,age_band,60+,belief_post,65.75157861136748
Scientist community helpers,race,White / Caucasian,belief_post,65.70599999999999
Scientist community helpers,race,Black / African American,belief_post,72.70599999999999
Scientist community helpers,race,Hispanic / Latino,belief_post,71.70599999999999
Scientist community helpers,race,Asian / Asian American,belief_post,73.70599999999999
Scientist community helpers,race,Other,belief_post,66.70599999999999
Scientist community helpers,education,Less than high school,belief_post,60.201285000000006
Scientist community helpers,education,High school diploma / GED,belief_post,63.201285000000006
Scientist community helpers,education,Some college or Associate's degree,belief_post,67.201285
Scientist community helpers,education,Bachelor's degree,belief_post,73.201285
Scientist community helpers,education,Master's degree / Professional degree,belief_post,77.201285
Scientist community helpers,education,Doctorate degree / Ph.D.,belief_post,81.186285
Scientist community helpers,income,"Less than $30,000",belief_post,62.637999999999984
Scientist community helpers,income,"$30,000 to $55,999",belief_post,65.63799999999999
Scientist community helpers,income,"$56,000 to $99,999",belief_post,68.63799999999999
Scientist community helpers,income,"$100,000 to $167,999",belief_post,70.63799999999999
Scientist community helpers,income,"$168,000 or more",belief_post,72.62299999999999
Scientist community helpers,party,Republican,belief_post,49.2915
Scientist community helpers,party,Democrat,belief_post,87.1415
Scientist community helpers,party,Independent,belief_post,68.19149999999999
Scientist community helpers,party,Other,belief_post,69.19149999999999
Scientist community helpers,gender,Male,concern_mean,58.24300000000001
Scientist community helpers,gender,Female,concern_mean,64.243
Scientist community helpers,gender,Other,concern_mean,66.243
Scientist community helpers,age_band,18-29,concern_mean,65.17850000029999
Scientist community helpers,age_band,30-44,concern_mean,63.178500000300005
Scientist community helpers,age_band,45-59,concern_mean,60.178500000300005
Scientist community helpers,age_band,60+,concern_mean,58.178500000300005
Scientist community helpers,race,White / Caucasian,concern_mean,58.832555555499994
Scientist community helpers,race,Black / African American,concern_mean,65.8325555555
Scientist community helpers,race,Hispanic / Latino,concern_mean,65.8325555555
Scientist community helpers,race,Asian / Asian American,concern_mean,63.832555555499994
Scientist community helpers,race,Other,concern_mean,60.832555555499994
Scientist community helpers,education,Less than high school,concern_mean,55.611999999999995
Scientist community helpers,education,High school diploma / GED,concern_mean,58.111999999999995
Scientist community helpers,education,Some college or Associate's degree,concern_mean,60.611999999999995
Scientist community helpers,education,Bachelor's degree,concern_mean,64.61199999999998
Scientist community helpers,education,Master's degree / Professional degree,concern_mean,67.61199999999998
Scientist community helpers,education,Doctorate degree / Ph.D.,concern_mean,70.61199999999998
Scientist community helpers,income,"Less than $30,000",concern_mean,57.349999999999994
Scientist community helpers,income,"$30,000 to $55,999",concern_mean,59.349999999999994
Scientist community helpers,income,"$56,000 to $99,999",concern_mean,60.849999999999994
Scientist community helpers,income,"$100,000 to $167,999",concern_mean,63.349999999999994
Scientist community helpers,income,"$168,000 or more",concern_mean,65.35
Scientist community helpers,party,Republican,concern_mean,44.1005
Scientist community helpers,party,Democrat,concern_mean,78.95049999999999
Scientist community helpers,party,Independent,concern_mean,61.1005
Scientist community helpers,party,Other,concern_mean,63.1005
Scientist community helpers,gender,Male,policy_general,61.162
Scientist community helpers,gender,Female,policy_general,65.162
Scientist community helpers,gender,Other,policy_general,68.162
Scientist community helpers,age_band,18-29,policy_general,67.78636388927498
Scientist community helpers,age_band,30-44,policy_general,65.78636388927498
Scientist community helpers,age_band,45-59,policy_general,61.78636388927499
Scientist community helpers,age_band,60+,policy_general,59.23636388927499
Scientist community helpers,race,White / Caucasian,policy_general,60.2603333333
Scientist community helpers,race,Black / African American,policy_general,69.7603333333
Scientist community helpers,race,Hispanic / Latino,policy_general,67.7603333333
Scientist community helpers,race,Asian / Asian American,policy_general,65.7603333333
Scientist community helpers,race,Other,policy_general,63.7603333333
Scientist community helpers,education,Less than high school,policy_general,55.70994999999999
Scientist community helpers,education,High school diploma / GED,policy_general,59.70994999999999
Scientist community helpers,education,Some college or Associate's degree,policy_general,62.70994999999999
Scientist community helpers,education,Bachelor's degree,policy_general,66.70995
Scientist community helpers,education,Master's degree / Professional degree,policy_general,70.70995
Scientist community helpers,education,Doctorate degree / Ph.D.,policy_general,73.65995000000001
Scientist community helpers,income,"Less than $30,000",policy_general,57.28
Scientist community helpers,income,"$30,000 to $55,999",policy_general,60.28
Scientist community helpers,income,"$56,000 to $99,999",policy_general,63.28
Scientist community helpers,income,"$100,000 to $167,999",policy_general,66.28
Scientist community helpers,income,"$168,000 or more",policy_general,68.22999999999999
Scientist community helpers,party,Republican,policy_general,44.166999999999994
Scientist community helpers,party,Democrat,policy_general,84.067
Scientist community helpers,party,Independent,policy_general,62.166999999999994
Scientist community helpers,party,Other,policy_general,65.16699999999999
Scientist community helpers,gender,Male,policy_specific_mean,56.062
Scientist community helpers,gender,Female,policy_specific_mean,60.062
Scientist community helpers,gender,Other,policy_specific_mean,63.062
Scientist community helpers,age_band,18-29,policy_specific_mean,62.521078611467495
Scientist community helpers,age_band,30-44,policy_specific_mean,60.521078611467495
Scientist community helpers,age_band,45-59,policy_specific_mean,56.521078611467495
Scientist community helpers,age_band,60+,policy_specific_mean,54.506078611467494
Scientist community helpers,race,White / Caucasian,policy_specific_mean,55.907888888799995
Scientist community helpers,race,Black / African American,policy_specific_mean,62.907888888799995
Scientist community helpers,race,Hispanic / Latino,policy_specific_mean,61.907888888799995
Scientist community helpers,race,Asian / Asian American,policy_specific_mean,59.907888888799995
Scientist community helpers,race,Other,policy_specific_mean,56.907888888799995
Scientist community helpers,education,Less than high school,policy_specific_mean,51.92528499999999
Scientist community helpers,education,High school diploma / GED,policy_specific_mean,54.92528499999999
Scientist community helpers,education,Some college or Associate's degree,policy_specific_mean,56.92528499999999
Scientist community helpers,education,Bachelor's degree,policy_specific_mean,61.92528499999999
Scientist community helpers,education,Master's degree / Professional degree,policy_specific_mean,64.92528499999999
Scientist community helpers,education,Doctorate degree / Ph.D.,policy_specific_mean,67.91028499999999
Scientist community helpers,income,"Less than $30,000",policy_specific_mean,54.27299999999999
Scientist community helpers,income,"$30,000 to $55,999",policy_specific_mean,56.27299999999999
Scientist community helpers,income,"$56,000 to $99,999",policy_specific_mean,57.27299999999999
Scientist community helpers,income,"$100,000 to $167,999",policy_specific_mean,60.27299999999999
Scientist community helpers,income,"$168,000 or more",policy_specific_mean,62.25799999999999
Scientist community helpers,party,Republican,policy_specific_mean,39.650000000000006
Scientist community helpers,party,Democrat,policy_specific_mean,77.54999999999998
Scientist community helpers,party,Independent,policy_specific_mean,57.6
Scientist community helpers,party,Other,policy_specific_mean,58.6
Scientist community helpers,gender,Male,behavior_mean,53.933
Scientist community helpers,gender,Female,behavior_mean,59.933
Scientist community helpers,gender,Other,behavior_mean,62.933
Scientist community helpers,age_band,18-29,behavior_mean,62.21483333369999
Scientist community helpers,age_band,30-44,behavior_mean,59.21483333369999
Scientist community helpers,age_band,45-59,behavior_mean,55.21483333369999
Scientist community helpers,age_band,60+,behavior_mean,53.21483333369999
Scientist community helpers,race,White / Caucasian,behavior_mean,54.6948333333
Scientist community helpers,race,Black / African American,behavior_mean,60.6948333333
Scientist community helpers,race,Hispanic / Latino,behavior_mean,61.6948333333
Scientist community helpers,race,Asian / Asian American,behavior_mean,58.6948333333
Scientist community helpers,race,Other,behavior_mean,57.6948333333
Scientist community helpers,education,Less than high school,behavior_mean,50.56499999999999
Scientist community helpers,education,High school diploma / GED,behavior_mean,53.56499999999999
Scientist community helpers,education,Some college or Associate's degree,behavior_mean,56.56499999999999
Scientist community helpers,education,Bachelor's degree,behavior_mean,60.56499999999999
Scientist community helpers,education,Master's degree / Professional degree,behavior_mean,63.56499999999999
Scientist community helpers,education,Doctorate degree / Ph.D.,behavior_mean,65.56499999999998
Scientist community helpers,income,"Less than $30,000",behavior_mean,52.48999999999999
Scientist community helpers,income,"$30,000 to $55,999",behavior_mean,54.48999999999999
Scientist community helpers,income,"$56,000 to $99,999",behavior_mean,57.48999999999999
Scientist community helpers,income,"$100,000 to $167,999",behavior_mean,59.48999999999999
Scientist community helpers,income,"$168,000 or more",behavior_mean,60.48999999999999
Scientist community helpers,party,Republican,behavior_mean,40.504999999999995
Scientist community helpers,party,Democrat,behavior_mean,74.455
Scientist community helpers,party,Independent,behavior_mean,56.47999999999999
Scientist community helpers,party,Other,behavior_mean,59.47999999999999
Scientist community helpers,gender,Male,donation_ams,3.5981000000000005
Scientist community helpers,gender,Female,donation_ams,3.7981
Scientist community helpers,gender,Other,donation_ams,3.6981
Scientist community helpers,age_band,18-29,donation_ams,3.40183888887
Scientist community helpers,age_band,30-44,donation_ams,3.60183888887
Scientist community helpers,age_band,45-59,donation_ams,3.8018388888699994
Scientist community helpers,age_band,60+,donation_ams,3.90183888887
Scientist community helpers,race,White / Caucasian,donation_ams,3.7273222222299998
Scientist community helpers,race,Black / African American,donation_ams,3.62732222223
Scientist community helpers,race,Hispanic / Latino,donation_ams,3.5273222222299996
Scientist community helpers,race,Asian / Asian American,donation_ams,4.127322222229999
Scientist community helpers,race,Other,donation_ams,3.5273222222299996
Scientist community helpers,education,Less than high school,donation_ams,3.1176000000000004
Scientist community helpers,education,High school diploma / GED,donation_ams,3.3175999999999997
Scientist community helpers,education,Some college or Associate's degree,donation_ams,3.6176000000000004
Scientist community helpers,education,Bachelor's degree,donation_ams,4.1175999999999995
Scientist community helpers,education,Master's degree / Professional degree,donation_ams,4.3176
Scientist community helpers,education,Doctorate degree / Ph.D.,donation_ams,4.6175999999999995
Scientist community helpers,income,"Less than $30,000",donation_ams,3.0179999999999993
Scientist community helpers,income,"$30,000 to $55,999",donation_ams,3.317999999999999
Scientist community helpers,income,"$56,000 to $99,999",donation_ams,3.7179999999999995
Scientist community helpers,income,"$100,000 to $167,999",donation_ams,4.018
Scientist community helpers,income,"$168,000 or more",donation_ams,4.3180000000000005
Scientist community helpers,party,Republican,donation_ams,2.915299999999999
Scientist community helpers,party,Democrat,donation_ams,4.8053
Scientist community helpers,party,Independent,donation_ams,3.5052999999999996
Scientist community helpers,party,Other,donation_ams,3.8052999999999995
Scientist community helpers,gender,Male,newsletter_signup,0.18022000000000002
Scientist community helpers,gender,Female,newsletter_signup,0.22022
Scientist community helpers,gender,Other,newsletter_signup,0.24022000000000002
Scientist community helpers,age_band,18-29,newsletter_signup,0.24790836111524997
Scientist community helpers,age_band,30-44,newsletter_signup,0.22790836111525
Scientist community helpers,age_band,45-59,newsletter_signup,0.18790836111524997
Scientist community helpers,age_band,60+,newsletter_signup,0.15740836111525
Scientist community helpers,race,White / Caucasian,newsletter_signup,0.17621944444399998
Scientist community helpers,race,Black / African American,newsletter_signup,0.24621944444399999
Scientist community helpers,race,Hispanic / Latino,newsletter_signup,0.24621944444399999
Scientist community helpers,race,Asian / Asian American,newsletter_signup,0.21621944444400001
Scientist community helpers,race,Other,newsletter_signup,0.206219444444
Scientist community helpers,education,Less than high school,newsletter_signup,0.15504949999999998
Scientist community helpers,education,High school diploma / GED,newsletter_signup,0.1750495
Scientist community helpers,education,Some college or Associate's degree,newsletter_signup,0.19504950000000001
Scientist community helpers,education,Bachelor's degree,newsletter_signup,0.22504949999999999
Scientist community helpers,education,Master's degree / Professional degree,newsletter_signup,0.25504950000000004
Scientist community helpers,education,Doctorate degree / Ph.D.,newsletter_signup,0.27454950000000006
Scientist community helpers,income,"Less than $30,000",newsletter_signup,0.1555
Scientist community helpers,income,"$30,000 to $55,999",newsletter_signup,0.17550000000000002
Scientist community helpers,income,"$56,000 to $99,999",newsletter_signup,0.2055
Scientist community helpers,income,"$100,000 to $167,999",newsletter_signup,0.2255
Scientist community helpers,income,"$168,000 or more",newsletter_signup,0.23500000000000001
Scientist community helpers,party,Republican,newsletter_signup,0.123705
Scientist community helpers,party,Democrat,newsletter_signup,0.29170499999999994
Scientist community helpers,party,Independent,newsletter_signup,0.19270500000000002
Scientist community helpers,party,Other,newsletter_signup,0.21220500000000003
Consensus,gender,Male,trust_multidimensional,56.541999999999994
Consensus,gender,Female,trust_multidimensional,60.541999999999994
Consensus,gender,Other,trust_multidimensional,60.541999999999994
Consensus,age_band,18-29,trust_multidimensional,60.47427777789999
Consensus,age_band,30-44,trust_multidimensional,59.47427777789999
Consensus,age_band,45-59,trust_multidimensional,57.47427777789999
Consensus,age_band,60+,trust_multidimensional,57.47427777789999
Consensus,race,White / Caucasian,trust_multidimensional,57.9060555556
Consensus,race,Black / African American,trust_multidimensional,59.9060555556
Consensus,race,Hispanic / Latino,trust_multidimensional,58.9060555556
Consensus,race,Asian / Asian American,trust_multidimensional,61.9060555556
Consensus,race,Other,trust_multidimensional,57.9060555556
Consensus,education,Less than high school,trust_multidimensional,53.50899999999999
Consensus,education,High school diploma / GED,trust_multidimensional,56.50899999999999
Consensus,education,Some college or Associate's degree,trust_multidimensional,57.50899999999999
Consensus,education,Bachelor's degree,trust_multidimensional,61.50899999999999
Consensus,education,Master's degree / Professional degree,trust_multidimensional,63.50899999999999
Consensus,education,Doctorate degree / Ph.D.,trust_multidimensional,66.50899999999999
Consensus,income,"Less than $30,000",trust_multidimensional,54.47999999999999
Consensus,income,"$30,000 to $55,999",trust_multidimensional,56.47999999999999
Consensus,income,"$56,000 to $99,999",trust_multidimensional,58.47999999999999
Consensus,income,"$100,000 to $167,999",trust_multidimensional,60.47999999999999
Consensus,income,"$168,000 or more",trust_multidimensional,62.47999999999999
Consensus,party,Republican,trust_multidimensional,44.824999999999996
Consensus,party,Democrat,trust_multidimensional,72.82499999999999
Consensus,party,Independent,trust_multidimensional,58.324999999999996
Consensus,party,Other,trust_multidimensional,58.824999999999996
Consensus,gender,Male,trust_post,60.59739999999999
Consensus,gender,Female,trust_post,63.39739999999999
Consensus,gender,Other,trust_post,64.5974
Consensus,age_band,18-29,trust_post,63.970077777899995
Consensus,age_band,30-44,trust_post,62.970077777899995
Consensus,age_band,45-59,trust_post,60.77007777789999
Consensus,age_band,60+,trust_post,60.970077777899995
Consensus,race,White / Caucasian,trust_post,61.17092222224
Consensus,race,Black / African American,trust_post,63.97092222224
Consensus,race,Hispanic / Latino,trust_post,62.97092222224
Consensus,race,Asian / Asian American,trust_post,63.97092222224
Consensus,race,Other,trust_post,61.97092222224
Consensus,education,Less than high school,trust_post,57.304999999999986
Consensus,education,High school diploma / GED,trust_post,59.804999999999986
Consensus,education,Some college or Associate's degree,trust_post,61.304999999999986
Consensus,education,Bachelor's degree,trust_post,64.30499999999999
Consensus,education,Master's degree / Professional degree,trust_post,67.30499999999999
Consensus,education,Doctorate degree / Ph.D.,trust_post,70.30499999999999
Consensus,income,"Less than $30,000",trust_post,57.199999999999996
Consensus,income,"$30,000 to $55,999",trust_post,59.699999999999996
Consensus,income,"$56,000 to $99,999",trust_post,62.199999999999996
Consensus,income,"$100,000 to $167,999",trust_post,64.19999999999999
Consensus,income,"$168,000 or more",trust_post,66.19999999999999
Consensus,party,Republican,trust_post,48.959999999999994
Consensus,party,Democrat,trust_post,76.96
Consensus,party,Independent,trust_post,60.959999999999994
Consensus,party,Other,trust_post,61.959999999999994
Consensus,gender,Male,distrust_post,40.143499999999996
Consensus,gender,Female,distrust_post,37.143499999999996
Consensus,gender,Other,distrust_post,37.143499999999996
Consensus,age_band,18-29,distrust_post,36.26230555535
Consensus,age_band,30-44,distrust_post,37.26230555535
Consensus,age_band,45-59,distrust_post,39.26230555535
Consensus,age_band,60+,distrust_post,40.76230555535
Consensus,race,White / Caucasian,distrust_post,39.270833333350005
Consensus,race,Black / African American,distrust_post,37.270833333350005
Consensus,race,Hispanic / Latino,distrust_post,37.770833333350005
Consensus,race,Asian / Asian American,distrust_post,36.770833333350005
Consensus,race,Other,distrust_post,39.770833333350005
Consensus,education,Less than high school,distrust_post,43.196000000000005
Consensus,education,High school diploma / GED,distrust_post,41.196000000000005
Consensus,education,Some college or Associate's degree,distrust_post,39.196000000000005
Consensus,education,Bachelor's degree,distrust_post,36.196000000000005
Consensus,education,Master's degree / Professional degree,distrust_post,33.196000000000005
Consensus,education,Doctorate degree / Ph.D.,distrust_post,31.196000000000005
Consensus,income,"Less than $30,000",distrust_post,42.72
Consensus,income,"$30,000 to $55,999",distrust_post,40.72
Consensus,income,"$56,000 to $99,999",distrust_post,38.72
Consensus,income,"$100,000 to $167,999",distrust_post,36.72
Consensus,income,"$168,000 or more",distrust_post,34.72
Consensus,party,Republican,distrust_post,51.60999999999999
Consensus,party,Democrat,distrust_post,25.609999999999996
Consensus,party,Independent,distrust_post,38.60999999999999
Consensus,party,Other,distrust_post,37.60999999999999
Consensus,gender,Male,funding_perceptions,54.91474999999999
Consensus,gender,Female,funding_perceptions,59.41474999999999
Consensus,gender,Other,funding_perceptions,61.41474999999999
Consensus,age_band,18-29,funding_perceptions,60.92402777804999
Consensus,age_band,30-44,funding_perceptions,58.92402777804999
Consensus,age_band,45-59,funding_perceptions,55.92402777804999
Consensus,age_band,60+,funding_perceptions,54.42402777804999
Consensus,race,White / Caucasian,funding_perceptions,54.594388888900006
Consensus,race,Black / African American,funding_perceptions,62.594388888900006
Consensus,race,Hispanic / Latino,funding_perceptions,61.594388888900006
Consensus,race,Asian / Asian American,funding_perceptions,58.594388888900006
Consensus,race,Other,funding_perceptions,59.594388888900006
Consensus,education,Less than high school,funding_perceptions,51.382
Consensus,education,High school diploma / GED,funding_perceptions,54.382
Consensus,education,Some college or Associate's degree,funding_perceptions,56.382
Consensus,education,Bachelor's degree,funding_perceptions,60.382
Consensus,education,Master's degree / Professional degree,funding_perceptions,63.382
Consensus,education,Doctorate degree / Ph.D.,funding_perceptions,66.38199999999999
Consensus,income,"Less than $30,000",funding_perceptions,53.32999999999999
Consensus,income,"$30,000 to $55,999",funding_perceptions,55.32999999999999
Consensus,income,"$56,000 to $99,999",funding_perceptions,57.32999999999999
Consensus,income,"$100,000 to $167,999",funding_perceptions,59.32999999999999
Consensus,income,"$168,000 or more",funding_perceptions,60.32999999999999
Consensus,party,Republican,funding_perceptions,42.78999999999999
Consensus,party,Democrat,funding_perceptions,75.78999999999999
Consensus,party,Independent,funding_perceptions,54.78999999999999
Consensus,party,Other,funding_perceptions,57.78999999999999
Consensus,gender,Male,policy_role_mean,57.37425000000001
Consensus,gender,Female,policy_role_mean,60.87425000000001
Consensus,gender,Other,policy_role_mean,63.37425000000001
Consensus,age_band,18-29,policy_role_mean,62.360333333599996
Consensus,age_band,30-44,policy_role_mean,60.860333333599996
Consensus,age_band,45-59,policy_role_mean,58.360333333599996
Consensus,age_band,60+,policy_role_mean,56.360333333599996
Consensus,race,White / Caucasian,policy_role_mean,57.41599999999998
Consensus,race,Black / African American,policy_role_mean,63.41599999999998
Consensus,race,Hispanic / Latino,policy_role_mean,61.41599999999998
Consensus,race,Asian / Asian American,policy_role_mean,61.41599999999998
Consensus,race,Other,policy_role_mean,59.41599999999998
Consensus,education,Less than high school,policy_role_mean,53.689
Consensus,education,High school diploma / GED,policy_role_mean,56.689
Consensus,education,Some college or Associate's degree,policy_role_mean,58.689
Consensus,education,Bachelor's degree,policy_role_mean,61.689
Consensus,education,Master's degree / Professional degree,policy_role_mean,64.689
Consensus,education,Doctorate degree / Ph.D.,policy_role_mean,67.689
Consensus,income,"Less than $30,000",policy_role_mean,55.28
Consensus,income,"$30,000 to $55,999",policy_role_mean,57.28
Consensus,income,"$56,000 to $99,999",policy_role_mean,59.28
Consensus,income,"$100,000 to $167,999",policy_role_mean,61.28
Consensus,income,"$168,000 or more",policy_role_mean,62.28
Consensus,party,Republican,policy_role_mean,44.144999999999996
Consensus,party,Democrat,policy_role_mean,75.145
Consensus,party,Independent,policy_role_mean,58.644999999999996
Consensus,party,Other,policy_role_mean,60.144999999999996
Consensus,gender,Male,inst_trust_mean,52.120999999999995
Consensus,gender,Female,inst_trust_mean,54.120999999999995
Consensus,gender,Other,inst_trust_mean,54.120999999999995
Consensus,age_band,18-29,inst_trust_mean,52.889555555600005
Consensus,age_band,30-44,inst_trust_mean,53.889555555600005
Consensus,age_band,45-59,inst_trust_mean,52.889555555600005
Consensus,age_band,60+,inst_trust_mean,52.889555555600005
Consensus,race,White / Caucasian,inst_trust_mean,53.3943888889
Consensus,race,Black / African American,inst_trust_mean,53.3943888889
Consensus,race,Hispanic / Latino,inst_trust_mean,51.3943888889
Consensus,race,Asian / Asian American,inst_trust_mean,56.3943888889
Consensus,race,Other,inst_trust_mean,50.3943888889
Consensus,education,Less than high school,inst_trust_mean,47.42299999999999
Consensus,education,High school diploma / GED,inst_trust_mean,50.42299999999999
Consensus,education,Some college or Associate's degree,inst_trust_mean,52.42299999999999
Consensus,education,Bachelor's degree,inst_trust_mean,56.42299999999999
Consensus,education,Master's degree / Professional degree,inst_trust_mean,58.42299999999999
Consensus,education,Doctorate degree / Ph.D.,inst_trust_mean,61.42299999999999
Consensus,income,"Less than $30,000",inst_trust_mean,49.849999999999994
Consensus,income,"$30,000 to $55,999",inst_trust_mean,50.849999999999994
Consensus,income,"$56,000 to $99,999",inst_trust_mean,52.849999999999994
Consensus,income,"$100,000 to $167,999",inst_trust_mean,54.849999999999994
Consensus,income,"$168,000 or more",inst_trust_mean,56.849999999999994
Consensus,party,Republican,inst_trust_mean,42.32999999999999
Consensus,party,Democrat,inst_trust_mean,65.33
Consensus,party,Independent,inst_trust_mean,52.32999999999999
Consensus,party,Other,inst_trust_mean,53.32999999999999
Consensus,gender,Male,belief_post,66.25749999999998
Consensus,gender,Female,belief_post,71.25749999999998
Consensus,gender,Other,belief_post,73.25749999999998
Consensus,age_band,18-29,belief_post,73.3969444447
Consensus,age_band,30-44,belief_post,70.3969444447
Consensus,age_band,45-59,belief_post,66.3969444447
Consensus,age_band,60+,belief_post,66.3969444447
Consensus,race,White / Caucasian,belief_post,66.341
Consensus,race,Black / African American,belief_post,73.341
Consensus,race,Hispanic / Latino,belief_post,72.341
Consensus,race,Asian / Asian American,belief_post,74.341
Consensus,race,Other,belief_post,67.341
Consensus,education,Less than high school,belief_post,60.835999999999984
Consensus,education,High school diploma / GED,belief_post,63.835999999999984
Consensus,education,Some college or Associate's degree,belief_post,67.83599999999998
Consensus,education,Bachelor's degree,belief_post,73.83599999999998
Consensus,education,Master's degree / Professional degree,belief_post,77.83599999999998
Consensus,education,Doctorate degree / Ph.D.,belief_post,81.83599999999998
Consensus,income,"Less than $30,000",belief_post,63.269999999999996
Consensus,income,"$30,000 to $55,999",belief_post,66.26999999999998
Consensus,income,"$56,000 to $99,999",belief_post,69.26999999999998
Consensus,income,"$100,000 to $167,999",belief_post,71.26999999999998
Consensus,income,"$168,000 or more",belief_post,73.26999999999998
Consensus,party,Republican,belief_post,49.839999999999975
Consensus,party,Democrat,belief_post,87.83999999999997
Consensus,party,Independent,belief_post,68.83999999999997
Consensus,party,Other,belief_post,69.83999999999997
Consensus,gender,Male,concern_mean,58.19299999999999
Consensus,gender,Female,concern_mean,64.193
Consensus,gender,Other,concern_mean,66.193
Consensus,age_band,18-29,concern_mean,65.1285000003
Consensus,age_band,30-44,concern_mean,63.128500000299994
Consensus,age_band,45-59,concern_mean,60.128500000299994
Consensus,age_band,60+,concern_mean,58.128500000299994
Consensus,race,White / Caucasian,concern_mean,58.7825555555
Consensus,race,Black / African American,concern_mean,65.7825555555
Consensus,race,Hispanic / Latino,concern_mean,65.7825555555
Consensus,race,Asian / Asian American,concern_mean,63.7825555555
Consensus,race,Other,concern_mean,60.7825555555
Consensus,education,Less than high school,concern_mean,55.56199999999998
Consensus,education,High school diploma / GED,concern_mean,58.06199999999998
Consensus,education,Some college or Associate's degree,concern_mean,60.56199999999998
Consensus,education,Bachelor's degree,concern_mean,64.56199999999998
Consensus,education,Master's degree / Professional degree,concern_mean,67.56199999999998
Consensus,education,Doctorate degree / Ph.D.,concern_mean,70.56199999999998
Consensus,income,"Less than $30,000",concern_mean,57.3
Consensus,income,"$30,000 to $55,999",concern_mean,59.3
Consensus,income,"$56,000 to $99,999",concern_mean,60.8
Consensus,income,"$100,000 to $167,999",concern_mean,63.3
Consensus,income,"$168,000 or more",concern_mean,65.3
Consensus,party,Republican,concern_mean,44.01
Consensus,party,Democrat,concern_mean,79.00999999999999
Consensus,party,Independent,concern_mean,61.01
Consensus,party,Other,concern_mean,63.01
Consensus,gender,Male,policy_general,61.062
Consensus,gender,Female,policy_general,65.06200000000001
Consensus,gender,Other,policy_general,68.06200000000001
Consensus,age_band,18-29,policy_general,67.67091666705
Consensus,age_band,30-44,policy_general,65.67091666705
Consensus,age_band,45-59,policy_general,61.67091666705
Consensus,age_band,60+,policy_general,59.17091666705
Consensus,race,White / Caucasian,policy_general,60.160333333299995
Consensus,race,Black / African American,policy_general,69.6603333333
Consensus,race,Hispanic / Latino,policy_general,67.6603333333
Consensus,race,Asian / Asian American,policy_general,65.6603333333
Consensus,race,Other,policy_general,63.660333333299995
Consensus,education,Less than high school,policy_general,55.60899999999999
Consensus,education,High school diploma / GED,policy_general,59.60899999999999
Consensus,education,Some college or Associate's degree,policy_general,62.60899999999999
Consensus,education,Bachelor's degree,policy_general,66.60900000000001
Consensus,education,Master's degree / Professional degree,policy_general,70.60900000000001
Consensus,education,Doctorate degree / Ph.D.,policy_general,73.60900000000001
Consensus,income,"Less than $30,000",policy_general,57.16999999999999
Consensus,income,"$30,000 to $55,999",policy_general,60.16999999999999
Consensus,income,"$56,000 to $99,999",policy_general,63.16999999999999
Consensus,income,"$100,000 to $167,999",policy_general,66.17
Consensus,income,"$168,000 or more",policy_general,68.17
Consensus,party,Republican,policy_general,44.03999999999999
Consensus,party,Democrat,policy_general,84.04
Consensus,party,Independent,policy_general,62.03999999999999
Consensus,party,Other,policy_general,65.04
Consensus,gender,Male,policy_specific_mean,56.01200000000001
Consensus,gender,Female,policy_specific_mean,60.01200000000001
Consensus,gender,Other,policy_specific_mean,63.01200000000001
Consensus,age_band,18-29,policy_specific_mean,62.46644444479999
Consensus,age_band,30-44,policy_specific_mean,60.46644444479999
Consensus,age_band,45-59,policy_specific_mean,56.46644444479999
Consensus,age_band,60+,policy_specific_mean,54.46644444479999
Consensus,race,White / Caucasian,policy_specific_mean,55.8578888888
Consensus,race,Black / African American,policy_specific_mean,62.8578888888
Consensus,race,Hispanic / Latino,policy_specific_mean,61.8578888888
Consensus,race,Asian / Asian American,policy_specific_mean,59.8578888888
Consensus,race,Other,policy_specific_mean,56.8578888888
Consensus,education,Less than high school,policy_specific_mean,51.875
Consensus,education,High school diploma / GED,policy_specific_mean,54.875
Consensus,education,Some college or Associate's degree,policy_specific_mean,56.875
Consensus,education,Bachelor's degree,policy_specific_mean,61.875
Consensus,education,Master's degree / Professional degree,policy_specific_mean,64.87499999999999
Consensus,education,Doctorate degree / Ph.D.,policy_specific_mean,67.87499999999999
Consensus,income,"Less than $30,000",policy_specific_mean,54.220000000000006
Consensus,income,"$30,000 to $55,999",policy_specific_mean,56.220000000000006
Consensus,income,"$56,000 to $99,999",policy_specific_mean,57.220000000000006
Consensus,income,"$100,000 to $167,999",policy_specific_mean,60.220000000000006
Consensus,income,"$168,000 or more",policy_specific_mean,62.220000000000006
Consensus,party,Republican,policy_specific_mean,39.54999999999999
Consensus,party,Democrat,policy_specific_mean,77.54999999999998
Consensus,party,Independent,policy_specific_mean,57.54999999999999
Consensus,party,Other,policy_specific_mean,58.54999999999999
Consensus,gender,Male,behavior_mean,53.908
Consensus,gender,Female,behavior_mean,59.908
Consensus,gender,Other,behavior_mean,62.908
Consensus,age_band,18-29,behavior_mean,62.1898333337
Consensus,age_band,30-44,behavior_mean,59.1898333337
Consensus,age_band,45-59,behavior_mean,55.1898333337
Consensus,age_band,60+,behavior_mean,53.1898333337
Consensus,race,White / Caucasian,behavior_mean,54.66983333329999
Consensus,race,Black / African American,behavior_mean,60.66983333329999
Consensus,race,Hispanic / Latino,behavior_mean,61.66983333329999
Consensus,race,Asian / Asian American,behavior_mean,58.66983333329999
Consensus,race,Other,behavior_mean,57.66983333329999
Consensus,education,Less than high school,behavior_mean,50.539999999999985
Consensus,education,High school diploma / GED,behavior_mean,53.539999999999985
Consensus,education,Some college or Associate's degree,behavior_mean,56.539999999999985
Consensus,education,Bachelor's degree,behavior_mean,60.539999999999985
Consensus,education,Master's degree / Professional degree,behavior_mean,63.539999999999985
Consensus,education,Doctorate degree / Ph.D.,behavior_mean,65.53999999999999
Consensus,income,"Less than $30,000",behavior_mean,52.464999999999996
Consensus,income,"$30,000 to $55,999",behavior_mean,54.464999999999996
Consensus,income,"$56,000 to $99,999",behavior_mean,57.464999999999996
Consensus,income,"$100,000 to $167,999",behavior_mean,59.464999999999996
Consensus,income,"$168,000 or more",behavior_mean,60.464999999999996
Consensus,party,Republican,behavior_mean,40.455
Consensus,party,Democrat,behavior_mean,74.45500000000001
Consensus,party,Independent,behavior_mean,56.455
Consensus,party,Other,behavior_mean,59.455
Consensus,gender,Male,donation_ams,3.5981000000000005
Consensus,gender,Female,donation_ams,3.7981
Consensus,gender,Other,donation_ams,3.6981
Consensus,age_band,18-29,donation_ams,3.40183888887
Consensus,age_band,30-44,donation_ams,3.60183888887
Consensus,age_band,45-59,donation_ams,3.8018388888699994
Consensus,age_band,60+,donation_ams,3.90183888887
Consensus,race,White / Caucasian,donation_ams,3.7273222222299998
Consensus,race,Black / African American,donation_ams,3.62732222223
Consensus,race,Hispanic / Latino,donation_ams,3.5273222222299996
Consensus,race,Asian / Asian American,donation_ams,4.127322222229999
Consensus,race,Other,donation_ams,3.5273222222299996
Consensus,education,Less than high school,donation_ams,3.1176000000000004
Consensus,education,High school diploma / GED,donation_ams,3.3175999999999997
Consensus,education,Some college or Associate's degree,donation_ams,3.6176000000000004
Consensus,education,Bachelor's degree,donation_ams,4.1175999999999995
Consensus,education,Master's degree / Professional degree,donation_ams,4.3176
Consensus,education,Doctorate degree / Ph.D.,donation_ams,4.6175999999999995
Consensus,income,"Less than $30,000",donation_ams,3.0179999999999993
Consensus,income,"$30,000 to $55,999",donation_ams,3.317999999999999
Consensus,income,"$56,000 to $99,999",donation_ams,3.7179999999999995
Consensus,income,"$100,000 to $167,999",donation_ams,4.018
Consensus,income,"$168,000 or more",donation_ams,4.3180000000000005
Consensus,party,Republican,donation_ams,2.9079999999999995
Consensus,party,Democrat,donation_ams,4.808
Consensus,party,Independent,donation_ams,3.508
Consensus,party,Other,donation_ams,3.808
Consensus,gender,Male,newsletter_signup,0.17922
Consensus,gender,Female,newsletter_signup,0.21921999999999997
Consensus,gender,Other,newsletter_signup,0.23922
Consensus,age_band,18-29,newsletter_signup,0.24675388889299996
Consensus,age_band,30-44,newsletter_signup,0.226753888893
Consensus,age_band,45-59,newsletter_signup,0.18675388889299996
Consensus,age_band,60+,newsletter_signup,0.156753888893
Consensus,race,White / Caucasian,newsletter_signup,0.17521944444399998
Consensus,race,Black / African American,newsletter_signup,0.24521944444399998
Consensus,race,Hispanic / Latino,newsletter_signup,0.24521944444399998
Consensus,race,Asian / Asian American,newsletter_signup,0.215219444444
Consensus,race,Other,newsletter_signup,0.205219444444
Consensus,education,Less than high school,newsletter_signup,0.15403999999999998
Consensus,education,High school diploma / GED,newsletter_signup,0.17404
Consensus,education,Some college or Associate's degree,newsletter_signup,0.19404000000000002
Consensus,education,Bachelor's degree,newsletter_signup,0.22404
Consensus,education,Master's degree / Professional degree,newsletter_signup,0.25404
Consensus,education,Doctorate degree / Ph.D.,newsletter_signup,0.27404
Consensus,income,"Less than $30,000",newsletter_signup,0.15439999999999998
Consensus,income,"$30,000 to $55,999",newsletter_signup,0.1744
Consensus,income,"$56,000 to $99,999",newsletter_signup,0.20439999999999997
Consensus,income,"$100,000 to $167,999",newsletter_signup,0.2244
Consensus,income,"$168,000 or more",newsletter_signup,0.2344
Consensus,party,Republican,newsletter_signup,0.1217
Consensus,party,Democrat,newsletter_signup,0.29169999999999996
Consensus,party,Independent,newsletter_signup,0.1917
Consensus,party,Other,newsletter_signup,0.21170000000000003
Portrait Prof. Cherry,gender,Male,trust_multidimensional,56.99199999999999
Portrait Prof. Cherry,gender,Female,trust_multidimensional,60.99199999999999
Portrait Prof. Cherry,gender,Other,trust_multidimensional,60.99199999999999
Portrait Prof. Cherry,age_band,18-29,trust_multidimensional,60.92427777789998
Portrait Prof. Cherry,age_band,30-44,trust_multidimensional,59.92427777789998
Portrait Prof. Cherry,age_band,45-59,trust_multidimensional,57.92427777789998
Portrait Prof. Cherry,age_band,60+,trust_multidimensional,57.92427777789998
Portrait Prof. Cherry,race,White / Caucasian,trust_multidimensional,58.356055555599994
Portrait Prof. Cherry,race,Black / African American,trust_multidimensional,60.356055555599994
Portrait Prof. Cherry,race,Hispanic / Latino,trust_multidimensional,59.356055555599994
Portrait Prof. Cherry,race,Asian / Asian American,trust_multidimensional,62.356055555599994
Portrait Prof. Cherry,race,Other,trust_multidimensional,58.356055555599994
Portrait Prof. Cherry,education,Less than high school,trust_multidimensional,53.95899999999998
Portrait Prof. Cherry,education,High school diploma / GED,trust_multidimensional,56.95899999999998
Portrait Prof. Cherry,education,Some college or Associate's degree,trust_multidimensional,57.95899999999998
Portrait Prof. Cherry,education,Bachelor's degree,trust_multidimensional,61.95899999999998
Portrait Prof. Cherry,education,Master's degree / Professional degree,trust_multidimensional,63.95899999999998
Portrait Prof. Cherry,education,Doctorate degree / Ph.D.,trust_multidimensional,66.95899999999999
Portrait Prof. Cherry,income,"Less than $30,000",trust_multidimensional,54.929999999999986
Portrait Prof. Cherry,income,"$30,000 to $55,999",trust_multidimensional,56.929999999999986
Portrait Prof. Cherry,income,"$56,000 to $99,999",trust_multidimensional,58.929999999999986
Portrait Prof. Cherry,income,"$100,000 to $167,999",trust_multidimensional,60.929999999999986
Portrait Prof. Cherry,income,"$168,000 or more",trust_multidimensional,62.929999999999986
Portrait Prof. Cherry,party,Republican,trust_multidimensional,45.397999999999996
Portrait Prof. Cherry,party,Democrat,trust_multidimensional,73.198
Portrait Prof. Cherry,party,Independent,trust_multidimensional,58.748
Portrait Prof. Cherry,party,Other,trust_multidimensional,59.248
Portrait Prof. Cherry,gender,Male,trust_post,61.1474
Portrait Prof. Cherry,gender,Female,trust_post,63.947399999999995
Portrait Prof. Cherry,gender,Other,trust_post,65.14739999999999
Portrait Prof. Cherry,age_band,18-29,trust_post,64.5200777779
Portrait Prof. Cherry,age_band,30-44,trust_post,63.5200777779
Portrait Prof. Cherry,age_band,45-59,trust_post,61.320077777899996
Portrait Prof. Cherry,age_band,60+,trust_post,61.5200777779
Portrait Prof. Cherry,race,White / Caucasian,trust_post,61.72092222224
Portrait Prof. Cherry,race,Black / African American,trust_post,64.52092222223999
Portrait Prof. Cherry,race,Hispanic / Latino,trust_post,63.520922222239996
Portrait Prof. Cherry,race,Asian / Asian American,trust_post,64.52092222223999
Portrait Prof. Cherry,race,Other,trust_post,62.520922222239996
Portrait Prof. Cherry,education,Less than high school,trust_post,57.855000000000004
Portrait Prof. Cherry,education,High school diploma / GED,trust_post,60.355000000000004
Portrait Prof. Cherry,education,Some college or Associate's degree,trust_post,61.855000000000004
Portrait Prof. Cherry,education,Bachelor's degree,trust_post,64.85499999999999
Portrait Prof. Cherry,education,Master's degree / Professional degree,trust_post,67.85499999999999
Portrait Prof. Cherry,education,Doctorate degree / Ph.D.,trust_post,70.85499999999999
Portrait Prof. Cherry,income,"Less than $30,000",trust_post,57.75
Portrait Prof. Cherry,income,"$30,000 to $55,999",trust_post,60.25
Portrait Prof. Cherry,income,"$56,000 to $99,999",trust_post,62.75
Portrait Prof. Cherry,income,"$100,000 to $167,999",trust_post,64.74999999999999
Portrait Prof. Cherry,income,"$168,000 or more",trust_post,66.74999999999999
Portrait Prof. Cherry,party,Republican,trust_post,49.52349999999999
Portrait Prof. Cherry,party,Democrat,trust_post,77.47349999999999
Portrait Prof. Cherry,party,Independent,trust_post,61.52349999999999
Portrait Prof. Cherry,party,Other,trust_post,62.52349999999999
Portrait Prof. Cherry,gender,Male,distrust_post,39.843500000000006
Portrait Prof. Cherry,gender,Female,distrust_post,36.843500000000006
Portrait Prof. Cherry,gender,Other,distrust_post,36.843500000000006
Portrait Prof. Cherry,age_band,18-29,distrust_post,35.962305555349985
Portrait Prof. Cherry,age_band,30-44,distrust_post,36.962305555349985
Portrait Prof. Cherry,age_band,45-59,distrust_post,38.962305555349985
Portrait Prof. Cherry,age_band,60+,distrust_post,40.462305555349985
Portrait Prof. Cherry,race,White / Caucasian,distrust_post,38.97083333334999
Portrait Prof. Cherry,race,Black / African American,distrust_post,36.97083333334999
Portrait Prof. Cherry,race,Hispanic / Latino,distrust_post,37.47083333334999
Portrait Prof. Cherry,race,Asian / Asian American,distrust_post,36.47083333334999
Portrait Prof. Cherry,race,Other,distrust_post,39.47083333334999
Portrait Prof. Cherry,education,Less than high school,distrust_post,42.895999999999994
Portrait Prof. Cherry,education,High school diploma / GED,distrust_post,40.895999999999994
Portrait Prof. Cherry,education,Some college or Associate's degree,distrust_post,38.895999999999994
Portrait Prof. Cherry,education,Bachelor's degree,distrust_post,35.895999999999994
Portrait Prof. Cherry,education,Master's degree / Professional degree,distrust_post,32.895999999999994
Portrait Prof. Cherry,education,Doctorate degree / Ph.D.,distrust_post,30.895999999999997
Portrait Prof. Cherry,income,"Less than $30,000",distrust_post,42.41999999999999
Portrait Prof. Cherry,income,"$30,000 to $55,999",distrust_post,40.41999999999999
Portrait Prof. Cherry,income,"$56,000 to $99,999",distrust_post,38.41999999999999
Portrait Prof. Cherry,income,"$100,000 to $167,999",distrust_post,36.41999999999999
Portrait Prof. Cherry,income,"$168,000 or more",distrust_post,34.41999999999999
Portrait Prof. Cherry,party,Republican,distrust_post,51.27349999999999
Portrait Prof. Cherry,party,Democrat,distrust_post,25.3235
Portrait Prof. Cherry,party,Independent,distrust_post,38.32349999999999
Portrait Prof. Cherry,party,Other,distrust_post,37.32349999999999
Portrait Prof. Cherry,gender,Male,funding_perceptions,55.26475000000001
Portrait Prof. Cherry,gender,Female,funding_perceptions,59.76475000000001
Portrait Prof. Cherry,gender,Other,funding_perceptions,61.76475000000001
Portrait Prof. Cherry,age_band,18-29,funding_perceptions,61.274027778050005
Portrait Prof. Cherry,age_band,30-44,funding_perceptions,59.274027778050005
Portrait Prof. Cherry,age_band,45-59,funding_perceptions,56.274027778050005
Portrait Prof. Cherry,age_band,60+,funding_perceptions,54.774027778050005
Portrait Prof. Cherry,race,White / Caucasian,funding_perceptions,54.9443888889
Portrait Prof. Cherry,race,Black / African American,funding_perceptions,62.9443888889
Portrait Prof. Cherry,race,Hispanic / Latino,funding_perceptions,61.9443888889
Portrait Prof. Cherry,race,Asian / Asian American,funding_perceptions,58.9443888889
Portrait Prof. Cherry,race,Other,funding_perceptions,59.9443888889
Portrait Prof. Cherry,education,Less than high school,funding_perceptions,51.732000000000006
Portrait Prof. Cherry,education,High school diploma / GED,funding_perceptions,54.732000000000006
Portrait Prof. Cherry,education,Some college or Associate's degree,funding_perceptions,56.732000000000006
Portrait Prof. Cherry,education,Bachelor's degree,funding_perceptions,60.732000000000006
Portrait Prof. Cherry,education,Master's degree / Professional degree,funding_perceptions,63.732000000000006
Portrait Prof. Cherry,education,Doctorate degree / Ph.D.,funding_perceptions,66.732
Portrait Prof. Cherry,income,"Less than $30,000",funding_perceptions,53.68
Portrait Prof. Cherry,income,"$30,000 to $55,999",funding_perceptions,55.68
Portrait Prof. Cherry,income,"$56,000 to $99,999",funding_perceptions,57.68
Portrait Prof. Cherry,income,"$100,000 to $167,999",funding_perceptions,59.68
Portrait Prof. Cherry,income,"$168,000 or more",funding_perceptions,60.68
Portrait Prof. Cherry,party,Republican,funding_perceptions,43.153499999999994
Portrait Prof. Cherry,party,Democrat,funding_perceptions,76.1035
Portrait Prof. Cherry,party,Independent,funding_perceptions,55.153499999999994
Portrait Prof. Cherry,party,Other,funding_perceptions,58.153499999999994
Portrait Prof. Cherry,gender,Male,policy_role_mean,57.87425000000001
Portrait Prof. Cherry,gender,Female,policy_role_mean,61.37425000000001
Portrait Prof. Cherry,gender,Other,policy_role_mean,63.87425000000001
Portrait Prof. Cherry,age_band,18-29,policy_role_mean,62.860333333599996
Portrait Prof. Cherry,age_band,30-44,policy_role_mean,61.360333333599996
Portrait Prof. Cherry,age_band,45-59,policy_role_mean,58.860333333599996
Portrait Prof. Cherry,age_band,60+,policy_role_mean,56.860333333599996
Portrait Prof. Cherry,race,White / Caucasian,policy_role_mean,57.91600000000001
Portrait Prof. Cherry,race,Black / African American,policy_role_mean,63.91600000000001
Portrait Prof. Cherry,race,Hispanic / Latino,policy_role_mean,61.91600000000001
Portrait Prof. Cherry,race,Asian / Asian American,policy_role_mean,61.91600000000001
Portrait Prof. Cherry,race,Other,policy_role_mean,59.91600000000001
Portrait Prof. Cherry,education,Less than high school,policy_role_mean,54.18899999999999
Portrait Prof. Cherry,education,High school diploma / GED,policy_role_mean,57.18899999999999
Portrait Prof. Cherry,education,Some college or Associate's degree,policy_role_mean,59.18899999999999
Portrait Prof. Cherry,education,Bachelor's degree,policy_role_mean,62.18899999999999
Portrait Prof. Cherry,education,Master's degree / Professional degree,policy_role_mean,65.189
Portrait Prof. Cherry,education,Doctorate degree / Ph.D.,policy_role_mean,68.189
Portrait Prof. Cherry,income,"Less than $30,000",policy_role_mean,55.779999999999994
Portrait Prof. Cherry,income,"$30,000 to $55,999",policy_role_mean,57.779999999999994
Portrait Prof. Cherry,income,"$56,000 to $99,999",policy_role_mean,59.779999999999994
Portrait Prof. Cherry,income,"$100,000 to $167,999",policy_role_mean,61.779999999999994
Portrait Prof. Cherry,income,"$168,000 or more",policy_role_mean,62.779999999999994
Portrait Prof. Cherry,party,Republican,policy_role_mean,44.64499999999999
Portrait Prof. Cherry,party,Democrat,policy_role_mean,75.645
Portrait Prof. Cherry,party,Independent,policy_role_mean,59.14499999999999
Portrait Prof. Cherry,party,Other,policy_role_mean,60.64499999999999
Portrait Prof. Cherry,gender,Male,inst_trust_mean,52.221
Portrait Prof. Cherry,gender,Female,inst_trust_mean,54.221
Portrait Prof. Cherry,gender,Other,inst_trust_mean,54.221
Portrait Prof. Cherry,age_band,18-29,inst_trust_mean,52.98955555559999
Portrait Prof. Cherry,age_band,30-44,inst_trust_mean,53.98955555559999
Portrait Prof. Cherry,age_band,45-59,inst_trust_mean,52.98955555559999
Portrait Prof. Cherry,age_band,60+,inst_trust_mean,52.98955555559999
Portrait Prof. Cherry,race,White / Caucasian,inst_trust_mean,53.4943888889
Portrait Prof. Cherry,race,Black / African American,inst_trust_mean,53.4943888889
Portrait Prof. Cherry,race,Hispanic / Latino,inst_trust_mean,51.4943888889
Portrait Prof. Cherry,race,Asian / Asian American,inst_trust_mean,56.4943888889
Portrait Prof. Cherry,race,Other,inst_trust_mean,50.4943888889
Portrait Prof. Cherry,education,Less than high school,inst_trust_mean,47.523
Portrait Prof. Cherry,education,High school diploma / GED,inst_trust_mean,50.523
Portrait Prof. Cherry,education,Some college or Associate's degree,inst_trust_mean,52.523
Portrait Prof. Cherry,education,Bachelor's degree,inst_trust_mean,56.523
Portrait Prof. Cherry,education,Master's degree / Professional degree,inst_trust_mean,58.523
Portrait Prof. Cherry,education,Doctorate degree / Ph.D.,inst_trust_mean,61.523
Portrait Prof. Cherry,income,"Less than $30,000",inst_trust_mean,49.94999999999999
Portrait Prof. Cherry,income,"$30,000 to $55,999",inst_trust_mean,50.94999999999999
Portrait Prof. Cherry,income,"$56,000 to $99,999",inst_trust_mean,52.94999999999999
Portrait Prof. Cherry,income,"$100,000 to $167,999",inst_trust_mean,54.94999999999999
Portrait Prof. Cherry,income,"$168,000 or more",inst_trust_mean,56.94999999999999
Portrait Prof. Cherry,party,Republican,inst_trust_mean,42.44349999999999
Portrait Prof. Cherry,party,Democrat,inst_trust_mean,65.39349999999999
Portrait Prof. Cherry,party,Independent,inst_trust_mean,52.44349999999999
Portrait Prof. Cherry,party,Other,inst_trust_mean,53.44349999999999
Portrait Prof. Cherry,gender,Male,belief_post,65.7575
Portrait Prof. Cherry,gender,Female,belief_post,70.7575
Portrait Prof. Cherry,gender,Other,belief_post,72.7575
Portrait Prof. Cherry,age_band,18-29,belief_post,72.89694444469998
Portrait Prof. Cherry,age_band,30-44,belief_post,69.89694444469998
Portrait Prof. Cherry,age_band,45-59,belief_post,65.89694444469998
Portrait Prof. Cherry,age_band,60+,belief_post,65.89694444469998
Portrait Prof. Cherry,race,White / Caucasian,belief_post,65.84099999999998
Portrait Prof. Cherry,race,Black / African American,belief_post,72.84099999999998
Portrait Prof. Cherry,race,Hispanic / Latino,belief_post,71.84099999999998
Portrait Prof. Cherry,race,Asian / Asian American,belief_post,73.84099999999998
Portrait Prof. Cherry,race,Other,belief_post,66.84099999999998
Portrait Prof. Cherry,education,Less than high school,belief_post,60.33599999999999
Portrait Prof. Cherry,education,High school diploma / GED,belief_post,63.33599999999999
Portrait Prof. Cherry,education,Some college or Associate's degree,belief_post,67.33599999999998
Portrait Prof. Cherry,education,Bachelor's degree,belief_post,73.33599999999998
Portrait Prof. Cherry,education,Master's degree / Professional degree,belief_post,77.33599999999998
Portrait Prof. Cherry,education,Doctorate degree / Ph.D.,belief_post,81.33599999999998
Portrait Prof. Cherry,income,"Less than $30,000",belief_post,62.77
Portrait Prof. Cherry,income,"$30,000 to $55,999",belief_post,65.76999999999998
Portrait Prof. Cherry,income,"$56,000 to $99,999",belief_post,68.76999999999998
Portrait Prof. Cherry,income,"$100,000 to $167,999",belief_post,70.76999999999998
Portrait Prof. Cherry,income,"$168,000 or more",belief_post,72.76999999999998
Portrait Prof. Cherry,party,Republican,belief_post,49.33999999999999
Portrait Prof. Cherry,party,Democrat,belief_post,87.33999999999997
Portrait Prof. Cherry,party,Independent,belief_post,68.33999999999997
Portrait Prof. Cherry,party,Other,belief_post,69.33999999999997
Portrait Prof. Cherry,gender,Male,concern_mean,58.19299999999999
Portrait Prof. Cherry,gender,Female,concern_mean,64.193
Portrait Prof. Cherry,gender,Other,concern_mean,66.193
Portrait Prof. Cherry,age_band,18-29,concern_mean,65.1285000003
Portrait Prof. Cherry,age_band,30-44,concern_mean,63.128500000299994
Portrait Prof. Cherry,age_band,45-59,concern_mean,60.128500000299994
Portrait Prof. Cherry,age_band,60+,concern_mean,58.128500000299994
Portrait Prof. Cherry,race,White / Caucasian,concern_mean,58.7825555555
Portrait Prof. Cherry,race,Black / African American,concern_mean,65.7825555555
Portrait Prof. Cherry,race,Hispanic / Latino,concern_mean,65.7825555555
Portrait Prof. Cherry,race,Asian / Asian American,concern_mean,63.7825555555
Portrait Prof. Cherry,race,Other,concern_mean,60.7825555555
Portrait Prof. Cherry,education,Less than high school,concern_mean,55.56199999999998
Portrait Prof. Cherry,education,High school diploma / GED,concern_mean,58.06199999999998
Portrait Prof. Cherry,education,Some college or Associate's degree,concern_mean,60.56199999999998
Portrait Prof. Cherry,education,Bachelor's degree,concern_mean,64.56199999999998
Portrait Prof. Cherry,education,Master's degree / Professional degree,concern_mean,67.56199999999998
Portrait Prof. Cherry,education,Doctorate degree / Ph.D.,concern_mean,70.56199999999998
Portrait Prof. Cherry,income,"Less than $30,000",concern_mean,57.3
Portrait Prof. Cherry,income,"$30,000 to $55,999",concern_mean,59.3
Portrait Prof. Cherry,income,"$56,000 to $99,999",concern_mean,60.8
Portrait Prof. Cherry,income,"$100,000 to $167,999",concern_mean,63.3
Portrait Prof. Cherry,income,"$168,000 or more",concern_mean,65.3
Portrait Prof. Cherry,party,Republican,concern_mean,44.09649999999999
Portrait Prof. Cherry,party,Democrat,concern_mean,78.9465
Portrait Prof. Cherry,party,Independent,concern_mean,60.99649999999999
Portrait Prof. Cherry,party,Other,concern_mean,62.99649999999999
Portrait Prof. Cherry,gender,Male,policy_general,61.211999999999996
Portrait Prof. Cherry,gender,Female,policy_general,65.21199999999999
Portrait Prof. Cherry,gender,Other,policy_general,68.21199999999999
Portrait Prof. Cherry,age_band,18-29,policy_general,67.82091666704999
Portrait Prof. Cherry,age_band,30-44,policy_general,65.82091666704999
Portrait Prof. Cherry,age_band,45-59,policy_general,61.82091666705
Portrait Prof. Cherry,age_band,60+,policy_general,59.32091666705
Portrait Prof. Cherry,race,White / Caucasian,policy_general,60.3103333333
Portrait Prof. Cherry,race,Black / African American,policy_general,69.8103333333
Portrait Prof. Cherry,race,Hispanic / Latino,policy_general,67.8103333333
Portrait Prof. Cherry,race,Asian / Asian American,policy_general,65.8103333333
Portrait Prof. Cherry,race,Other,policy_general,63.8103333333
Portrait Prof. Cherry,education,Less than high school,policy_general,55.75899999999998
Portrait Prof. Cherry,education,High school diploma / GED,policy_general,59.75899999999998
Portrait Prof. Cherry,education,Some college or Associate's degree,policy_general,62.75899999999998
Portrait Prof. Cherry,education,Bachelor's degree,policy_general,66.75899999999999
Portrait Prof. Cherry,education,Master's degree / Professional degree,policy_general,70.75899999999999
Portrait Prof. Cherry,education,Doctorate degree / Ph.D.,policy_general,73.75899999999999
Portrait Prof. Cherry,income,"Less than $30,000",policy_general,57.319999999999986
Portrait Prof. Cherry,income,"$30,000 to $55,999",policy_general,60.319999999999986
Portrait Prof. Cherry,income,"$56,000 to $99,999",policy_general,63.319999999999986
Portrait Prof. Cherry,income,"$100,000 to $167,999",policy_general,66.32
Portrait Prof. Cherry,income,"$168,000 or more",policy_general,68.32
Portrait Prof. Cherry,party,Republican,policy_general,44.20349999999999
Portrait Prof. Cherry,party,Democrat,policy_general,84.1535
Portrait Prof. Cherry,party,Independent,policy_general,62.20349999999999
Portrait Prof. Cherry,party,Other,policy_general,65.2035
Portrait Prof. Cherry,gender,Male,policy_specific_mean,56.112
Portrait Prof. Cherry,gender,Female,policy_specific_mean,60.112
Portrait Prof. Cherry,gender,Other,policy_specific_mean,63.112
Portrait Prof. Cherry,age_band,18-29,policy_specific_mean,62.5664444448
Portrait Prof. Cherry,age_band,30-44,policy_specific_mean,60.5664444448
Portrait Prof. Cherry,age_band,45-59,policy_specific_mean,56.5664444448
Portrait Prof. Cherry,age_band,60+,policy_specific_mean,54.5664444448
Portrait Prof. Cherry,race,White / Caucasian,policy_specific_mean,55.9578888888
Portrait Prof. Cherry,race,Black / African American,policy_specific_mean,62.9578888888
Portrait Prof. Cherry,race,Hispanic / Latino,policy_specific_mean,61.9578888888
Portrait Prof. Cherry,race,Asian / Asian American,policy_specific_mean,59.9578888888
Portrait Prof. Cherry,race,Other,policy_specific_mean,56.9578888888
Portrait Prof. Cherry,education,Less than high school,policy_specific_mean,51.975
Portrait Prof. Cherry,education,High school diploma / GED,policy_specific_mean,54.975
Portrait Prof. Cherry,education,Some college or Associate's degree,policy_specific_mean,56.975
Portrait Prof. Cherry,education,Bachelor's degree,policy_specific_mean,61.975
Portrait Prof. Cherry,education,Master's degree / Professional degree,policy_specific_mean,64.975
Portrait Prof. Cherry,education,Doctorate degree / Ph.D.,policy_specific_mean,67.975
Portrait Prof. Cherry,income,"Less than $30,000",policy_specific_mean,54.32000000000001
Portrait Prof. Cherry,income,"$30,000 to $55,999",policy_specific_mean,56.32000000000001
Portrait Prof. Cherry,income,"$56,000 to $99,999",policy_specific_mean,57.32000000000001
Portrait Prof. Cherry,income,"$100,000 to $167,999",policy_specific_mean,60.32000000000001
Portrait Prof. Cherry,income,"$168,000 or more",policy_specific_mean,62.32000000000001
Portrait Prof. Cherry,party,Republican,policy_specific_mean,39.66349999999999
Portrait Prof. Cherry,party,Democrat,policy_specific_mean,77.61349999999999
Portrait Prof. Cherry,party,Independent,policy_specific_mean,57.66349999999999
Portrait Prof. Cherry,party,Other,policy_specific_mean,58.66349999999999
Portrait Prof. Cherry,gender,Male,behavior_mean,53.933
Portrait Prof. Cherry,gender,Female,behavior_mean,59.933
Portrait Prof. Cherry,gender,Other,behavior_mean,62.933
Portrait Prof. Cherry,age_band,18-29,behavior_mean,62.21483333369999
Portrait Prof. Cherry,age_band,30-44,behavior_mean,59.21483333369999
Portrait Prof. Cherry,age_band,45-59,behavior_mean,55.21483333369999
Portrait Prof. Cherry,age_band,60+,behavior_mean,53.21483333369999
Portrait Prof. Cherry,race,White / Caucasian,behavior_mean,54.6948333333
Portrait Prof. Cherry,race,Black / African American,behavior_mean,60.6948333333
Portrait Prof. Cherry,race,Hispanic / Latino,behavior_mean,61.6948333333
Portrait Prof. Cherry,race,Asian / Asian American,behavior_mean,58.6948333333
Portrait Prof. Cherry,race,Other,behavior_mean,57.6948333333
Portrait Prof. Cherry,education,Less than high school,behavior_mean,50.56499999999999
Portrait Prof. Cherry,education,High school diploma / GED,behavior_mean,53.56499999999999
Portrait Prof. Cherry,education,Some college or Associate's degree,behavior_mean,56.56499999999999
Portrait Prof. Cherry,education,Bachelor's degree,behavior_mean,60.56499999999999
Portrait Prof. Cherry,education,Master's degree / Professional degree,behavior_mean,63.56499999999999
Portrait Prof. Cherry,education,Doctorate degree / Ph.D.,behavior_mean,65.56499999999998
Portrait Prof. Cherry,income,"Less than $30,000",behavior_mean,52.48999999999999
Portrait Prof. Cherry,income,"$30,000 to $55,999",behavior_mean,54.48999999999999
Portrait Prof. Cherry,income,"$56,000 to $99,999",behavior_mean,57.48999999999999
Portrait Prof. Cherry,income,"$100,000 to $167,999",behavior_mean,59.48999999999999
Portrait Prof. Cherry,income,"$168,000 or more",behavior_mean,60.48999999999999
Portrait Prof. Cherry,party,Republican,behavior_mean,40.47999999999999
Portrait Prof. Cherry,party,Democrat,behavior_mean,74.48
Portrait Prof. Cherry,party,Independent,behavior_mean,56.47999999999999
Portrait Prof. Cherry,party,Other,behavior_mean,59.47999999999999
Portrait Prof. Cherry,gender,Male,donation_ams,3.5981000000000005
Portrait Prof. Cherry,gender,Female,donation_ams,3.7981
Portrait Prof. Cherry,gender,Other,donation_ams,3.6981
Portrait Prof. Cherry,age_band,18-29,donation_ams,3.40183888887
Portrait Prof. Cherry,age_band,30-44,donation_ams,3.60183888887
Portrait Prof. Cherry,age_band,45-59,donation_ams,3.8018388888699994
Portrait Prof. Cherry,age_band,60+,donation_ams,3.90183888887
Portrait Prof. Cherry,race,White / Caucasian,donation_ams,3.7273222222299998
Portrait Prof. Cherry,race,Black / African American,donation_ams,3.62732222223
Portrait Prof. Cherry,race,Hispanic / Latino,donation_ams,3.5273222222299996
Portrait Prof. Cherry,race,Asian / Asian American,donation_ams,4.127322222229999
Portrait Prof. Cherry,race,Other,donation_ams,3.5273222222299996
Portrait Prof. Cherry,education,Less than high school,donation_ams,3.1176000000000004
Portrait Prof. Cherry,education,High school diploma / GED,donation_ams,3.3175999999999997
Portrait Prof. Cherry,education,Some college or Associate's degree,donation_ams,3.6176000000000004
Portrait Prof. Cherry,education,Bachelor's degree,donation_ams,4.1175999999999995
Portrait Prof. Cherry,education,Master's degree / Professional degree,donation_ams,4.3176
Portrait Prof. Cherry,education,Doctorate degree / Ph.D.,donation_ams,4.6175999999999995
Portrait Prof. Cherry,income,"Less than $30,000",donation_ams,3.0179999999999993
Portrait Prof. Cherry,income,"$30,000 to $55,999",donation_ams,3.317999999999999
Portrait Prof. Cherry,income,"$56,000 to $99,999",donation_ams,3.7179999999999995
Portrait Prof. Cherry,income,"$100,000 to $167,999",donation_ams,4.018
Portrait Prof. Cherry,income,"$168,000 or more",donation_ams,4.3180000000000005
Portrait Prof. Cherry,party,Republican,donation_ams,2.9079999999999995
Portrait Prof. Cherry,party,Democrat,donation_ams,4.808
Portrait Prof. Cherry,party,Independent,donation_ams,3.508
Portrait Prof. Cherry,party,Other,donation_ams,3.808
Portrait Prof. Cherry,gender,Male,newsletter_signup,0.17972000000000005
Portrait Prof. Cherry,gender,Female,newsletter_signup,0.21972000000000003
Portrait Prof. Cherry,gender,Other,newsletter_signup,0.23972000000000004
Portrait Prof. Cherry,age_band,18-29,newsletter_signup,0.24725388889299996
Portrait Prof. Cherry,age_band,30-44,newsletter_signup,0.227253888893
Portrait Prof. Cherry,age_band,45-59,newsletter_signup,0.18725388889299996
Portrait Prof. Cherry,age_band,60+,newsletter_signup,0.157253888893
Portrait Prof. Cherry,race,White / Caucasian,newsletter_signup,0.175719444444
Portrait Prof. Cherry,race,Black / African American,newsletter_signup,0.245719444444
Portrait Prof. Cherry,race,Hispanic / Latino,newsletter_signup,0.245719444444
Portrait Prof. Cherry,race,Asian / Asian American,newsletter_signup,0.21571944444400004
Portrait Prof. Cherry,race,Other,newsletter_signup,0.20571944444400003
Portrait Prof. Cherry,education,Less than high school,newsletter_signup,0.15453999999999998
Portrait Prof. Cherry,education,High school diploma / GED,newsletter_signup,0.17454
Portrait Prof. Cherry,education,Some college or Associate's degree,newsletter_signup,0.19454000000000002
Portrait Prof. Cherry,education,Bachelor's degree,newsletter_signup,0.22454
Portrait Prof. Cherry,education,Master's degree / Professional degree,newsletter_signup,0.25454
Portrait Prof. Cherry,education,Doctorate degree / Ph.D.,newsletter_signup,0.27454
Portrait Prof. Cherry,income,"Less than $30,000",newsletter_signup,0.1549
Portrait Prof. Cherry,income,"$30,000 to $55,999",newsletter_signup,0.17490000000000003
Portrait Prof. Cherry,income,"$56,000 to $99,999",newsletter_signup,0.2049
Portrait Prof. Cherry,income,"$100,000 to $167,999",newsletter_signup,0.22490000000000002
Portrait Prof. Cherry,income,"$168,000 or more",newsletter_signup,0.23490000000000003
Portrait Prof. Cherry,party,Republican,newsletter_signup,0.12219999999999998
Portrait Prof. Cherry,party,Democrat,newsletter_signup,0.29219999999999996
Portrait Prof. Cherry,party,Independent,newsletter_signup,0.19219999999999998
Portrait Prof. Cherry,party,Other,newsletter_signup,0.2122
Model accuracy,gender,Male,trust_multidimensional,56.892
Model accuracy,gender,Female,trust_multidimensional,60.892
Model accuracy,gender,Other,trust_multidimensional,60.892
Model accuracy,age_band,18-29,trust_multidimensional,60.824277777899994
Model accuracy,age_band,30-44,trust_multidimensional,59.824277777899994
Model accuracy,age_band,45-59,trust_multidimensional,57.824277777899994
Model accuracy,age_band,60+,trust_multidimensional,57.824277777899994
Model accuracy,race,White / Caucasian,trust_multidimensional,58.2560555556
Model accuracy,race,Black / African American,trust_multidimensional,60.2560555556
Model accuracy,race,Hispanic / Latino,trust_multidimensional,59.2560555556
Model accuracy,race,Asian / Asian American,trust_multidimensional,62.2560555556
Model accuracy,race,Other,trust_multidimensional,58.2560555556
Model accuracy,education,Less than high school,trust_multidimensional,53.858999999999995
Model accuracy,education,High school diploma / GED,trust_multidimensional,56.858999999999995
Model accuracy,education,Some college or Associate's degree,trust_multidimensional,57.858999999999995
Model accuracy,education,Bachelor's degree,trust_multidimensional,61.858999999999995
Model accuracy,education,Master's degree / Professional degree,trust_multidimensional,63.858999999999995
Model accuracy,education,Doctorate degree / Ph.D.,trust_multidimensional,66.859
Model accuracy,income,"Less than $30,000",trust_multidimensional,54.83
Model accuracy,income,"$30,000 to $55,999",trust_multidimensional,56.83
Model accuracy,income,"$56,000 to $99,999",trust_multidimensional,58.83
Model accuracy,income,"$100,000 to $167,999",trust_multidimensional,60.83
Model accuracy,income,"$168,000 or more",trust_multidimensional,62.83
Model accuracy,party,Republican,trust_multidimensional,45.175
Model accuracy,party,Democrat,trust_multidimensional,73.175
Model accuracy,party,Independent,trust_multidimensional,58.675
Model accuracy,party,Other,trust_multidimensional,59.175
Model accuracy,gender,Male,trust_post,61.047399999999996
Model accuracy,gender,Female,trust_post,63.84739999999999
Model accuracy,gender,Other,trust_post,65.0474
Model accuracy,age_band,18-29,trust_post,64.4200777779
Model accuracy,age_band,30-44,trust_post,63.4200777779
Model accuracy,age_band,45-59,trust_post,61.220077777899995
Model accuracy,age_band,60+,trust_post,61.4200777779
Model accuracy,race,White / Caucasian,trust_post,61.62092222224
Model accuracy,race,Black / African American,trust_post,64.42092222224
Model accuracy,race,Hispanic / Latino,trust_post,63.420922222239994
Model accuracy,race,Asian / Asian American,trust_post,64.42092222224
Model accuracy,race,Other,trust_post,62.420922222239994
Model accuracy,education,Less than high school,trust_post,57.755
Model accuracy,education,High school diploma / GED,trust_post,60.255
Model accuracy,education,Some college or Associate's degree,trust_post,61.755
Model accuracy,education,Bachelor's degree,trust_post,64.755
Model accuracy,education,Master's degree / Professional degree,trust_post,67.755
Model accuracy,education,Doctorate degree / Ph.D.,trust_post,70.755
Model accuracy,income,"Less than $30,000",trust_post,57.65
Model accuracy,income,"$30,000 to $55,999",trust_post,60.15
Model accuracy,income,"$56,000 to $99,999",trust_post,62.65
Model accuracy,income,"$100,000 to $167,999",trust_post,64.64999999999999
Model accuracy,income,"$168,000 or more",trust_post,66.64999999999999
Model accuracy,party,Republican,trust_post,49.40999999999999
Model accuracy,party,Democrat,trust_post,77.41
Model accuracy,party,Independent,trust_post,61.40999999999999
Model accuracy,party,Other,trust_post,62.40999999999999
Model accuracy,gender,Male,distrust_post,39.843500000000006
Model accuracy,gender,Female,distrust_post,36.843500000000006
Model accuracy,gender,Other,distrust_post,36.843500000000006
Model accuracy,age_band,18-29,distrust_post,35.962305555349985
Model accuracy,age_band,30-44,distrust_post,36.962305555349985
Model accuracy,age_band,45-59,distrust_post,38.962305555349985
Model accuracy,age_band,60+,distrust_post,40.462305555349985
Model accuracy,race,White / Caucasian,distrust_post,38.97083333334999
Model accuracy,race,Black / African American,distrust_post,36.97083333334999
Model accuracy,race,Hispanic / Latino,distrust_post,37.47083333334999
Model accuracy,race,Asian / Asian American,distrust_post,36.47083333334999
Model accuracy,race,Other,distrust_post,39.47083333334999
Model accuracy,education,Less than high school,distrust_post,42.895999999999994
Model accuracy,education,High school diploma / GED,distrust_post,40.895999999999994
Model accuracy,education,Some college or Associate's degree,distrust_post,38.895999999999994
Model accuracy,education,Bachelor's degree,distrust_post,35.895999999999994
Model accuracy,education,Master's degree / Professional degree,distrust_post,32.895999999999994
Model accuracy,education,Doctorate degree / Ph.D.,distrust_post,30.895999999999997
Model accuracy,income,"Less than $30,000",distrust_post,42.41999999999999
Model accuracy,income,"$30,000 to $55,999",distrust_post,40.41999999999999
Model accuracy,income,"$56,000 to $99,999",distrust_post,38.41999999999999
Model accuracy,income,"$100,000 to $167,999",distrust_post,36.41999999999999
Model accuracy,income,"$168,000 or more",distrust_post,34.41999999999999
Model accuracy,party,Republican,distrust_post,51.30999999999999
Model accuracy,party,Democrat,distrust_post,25.31
Model accuracy,party,Independent,distrust_post,38.30999999999999
Model accuracy,party,Other,distrust_post,37.30999999999999
Model accuracy,gender,Male,funding_perceptions,54.964749999999995
Model accuracy,gender,Female,funding_perceptions,59.464749999999995
Model accuracy,gender,Other,funding_perceptions,61.464749999999995
Model accuracy,age_band,18-29,funding_perceptions,60.974027778049994
Model accuracy,age_band,30-44,funding_perceptions,58.974027778049994
Model accuracy,age_band,45-59,funding_perceptions,55.974027778049994
Model accuracy,age_band,60+,funding_perceptions,54.474027778049994
Model accuracy,race,White / Caucasian,funding_perceptions,54.64438888889999
Model accuracy,race,Black / African American,funding_perceptions,62.64438888889999
Model accuracy,race,Hispanic / Latino,funding_perceptions,61.64438888889999
Model accuracy,race,Asian / Asian American,funding_perceptions,58.64438888889999
Model accuracy,race,Other,funding_perceptions,59.64438888889999
Model accuracy,education,Less than high school,funding_perceptions,51.43199999999999
Model accuracy,education,High school diploma / GED,funding_perceptions,54.43199999999999
Model accuracy,education,Some college or Associate's degree,funding_perceptions,56.43199999999999
Model accuracy,education,Bachelor's degree,funding_perceptions,60.43199999999999
Model accuracy,education,Master's degree / Professional degree,funding_perceptions,63.43199999999999
Model accuracy,education,Doctorate degree / Ph.D.,funding_perceptions,66.43199999999999
Model accuracy,income,"Less than $30,000",funding_perceptions,53.379999999999995
Model accuracy,income,"$30,000 to $55,999",funding_perceptions,55.379999999999995
Model accuracy,income,"$56,000 to $99,999",funding_perceptions,57.379999999999995
Model accuracy,income,"$100,000 to $167,999",funding_perceptions,59.379999999999995
Model accuracy,income,"$168,000 or more",funding_perceptions,60.379999999999995
Model accuracy,party,Republican,funding_perceptions,42.83999999999998
Model accuracy,party,Democrat,funding_perceptions,75.83999999999999
Model accuracy,party,Independent,funding_perceptions,54.83999999999998
Model accuracy,party,Other,funding_perceptions,57.83999999999998
Model accuracy,gender,Male,policy_role_mean,57.57424999999999
Model accuracy,gender,Female,policy_role_mean,61.07424999999999
Model accuracy,gender,Other,policy_role_mean,63.57424999999999
Model accuracy,age_band,18-29,policy_role_mean,62.560333333600006
Model accuracy,age_band,30-44,policy_role_mean,61.060333333600006
Model accuracy,age_band,45-59,policy_role_mean,58.560333333600006
Model accuracy,age_band,60+,policy_role_mean,56.560333333600006
Model accuracy,race,White / Caucasian,policy_role_mean,57.616
Model accuracy,race,Black / African American,policy_role_mean,63.616
Model accuracy,race,Hispanic / Latino,policy_role_mean,61.616
Model accuracy,race,Asian / Asian American,policy_role_mean,61.616
Model accuracy,race,Other,policy_role_mean,59.616
Model accuracy,education,Less than high school,policy_role_mean,53.888999999999996
Model accuracy,education,High school diploma / GED,policy_role_mean,56.888999999999996
Model accuracy,education,Some college or Associate's degree,policy_role_mean,58.888999999999996
Model accuracy,education,Bachelor's degree,policy_role_mean,61.888999999999996
Model accuracy,education,Master's degree / Professional degree,policy_role_mean,64.88900000000001
Model accuracy,education,Doctorate degree / Ph.D.,policy_role_mean,67.88900000000001
Model accuracy,income,"Less than $30,000",policy_role_mean,55.48
Model accuracy,income,"$30,000 to $55,999",policy_role_mean,57.48
Model accuracy,income,"$56,000 to $99,999",policy_role_mean,59.48
Model accuracy,income,"$100,000 to $167,999",policy_role_mean,61.48
Model accuracy,income,"$168,000 or more",policy_role_mean,62.48
Model accuracy,party,Republican,policy_role_mean,44.34499999999998
Model accuracy,party,Democrat,policy_role_mean,75.34499999999998
Model accuracy,party,Independent,policy_role_mean,58.84499999999998
Model accuracy,party,Other,policy_role_mean,60.34499999999998
Model accuracy,gender,Male,inst_trust_mean,52.196000000000005
Model accuracy,gender,Female,inst_trust_mean,54.196000000000005
Model accuracy,gender,Other,inst_trust_mean,54.196000000000005
Model accuracy,age_band,18-29,inst_trust_mean,52.9645555556
Model accuracy,age_band,30-44,inst_trust_mean,53.9645555556
Model accuracy,age_band,45-59,inst_trust_mean,52.9645555556
Model accuracy,age_band,60+,inst_trust_mean,52.9645555556
Model accuracy,race,White / Caucasian,inst_trust_mean,53.4693888889
Model accuracy,race,Black / African American,inst_trust_mean,53.4693888889
Model accuracy,race,Hispanic / Latino,inst_trust_mean,51.4693888889
Model accuracy,race,Asian / Asian American,inst_trust_mean,56.4693888889
Model accuracy,race,Other,inst_trust_mean,50.4693888889
Model accuracy,education,Less than high school,inst_trust_mean,47.498
Model accuracy,education,High school diploma / GED,inst_trust_mean,50.498
Model accuracy,education,Some college or Associate's degree,inst_trust_mean,52.498
Model accuracy,education,Bachelor's degree,inst_trust_mean,56.498
Model accuracy,education,Master's degree / Professional degree,inst_trust_mean,58.498
Model accuracy,education,Doctorate degree / Ph.D.,inst_trust_mean,61.498
Model accuracy,income,"Less than $30,000",inst_trust_mean,49.925000000000004
Model accuracy,income,"$30,000 to $55,999",inst_trust_mean,50.925000000000004
Model accuracy,income,"$56,000 to $99,999",inst_trust_mean,52.925000000000004
Model accuracy,income,"$100,000 to $167,999",inst_trust_mean,54.925000000000004
Model accuracy,income,"$168,000 or more",inst_trust_mean,56.925000000000004
Model accuracy,party,Republican,inst_trust_mean,42.404999999999994
Model accuracy,party,Democrat,inst_trust_mean,65.405
Model accuracy,party,Independent,inst_trust_mean,52.404999999999994
Model accuracy,party,Other,inst_trust_mean,53.404999999999994
Model accuracy,gender,Male,belief_post,66.15749999999998
Model accuracy,gender,Female,belief_post,71.15749999999998
Model accuracy,gender,Other,belief_post,73.15749999999998
Model accuracy,age_band,18-29,belief_post,73.2969444447
Model accuracy,age_band,30-44,belief_post,70.2969444447
Model accuracy,age_band,45-59,belief_post,66.2969444447
Model accuracy,age_band,60+,belief_post,66.2969444447
Model accuracy,race,White / Caucasian,belief_post,66.24099999999999
Model accuracy,race,Black / African American,belief_post,73.24099999999999
Model accuracy,race,Hispanic / Latino,belief_post,72.24099999999999
Model accuracy,race,Asian / Asian American,belief_post,74.24099999999999
Model accuracy,race,Other,belief_post,67.24099999999999
Model accuracy,education,Less than high school,belief_post,60.73599999999999
Model accuracy,education,High school diploma / GED,belief_post,63.73599999999999
Model accuracy,education,Some college or Associate's degree,belief_post,67.736
Model accuracy,education,Bachelor's degree,belief_post,73.736
Model accuracy,education,Master's degree / Professional degree,belief_post,77.736
Model accuracy,education,Doctorate degree / Ph.D.,belief_post,81.736
Model accuracy,income,"Less than $30,000",belief_post,63.17
Model accuracy,income,"$30,000 to $55,999",belief_post,66.16999999999999
Model accuracy,income,"$56,000 to $99,999",belief_post,69.16999999999999
Model accuracy,income,"$100,000 to $167,999",belief_post,71.16999999999999
Model accuracy,income,"$168,000 or more",belief_post,73.16999999999999
Model accuracy,party,Republican,belief_post,49.73999999999999
Model accuracy,party,Democrat,belief_post,87.74
Model accuracy,party,Independent,belief_post,68.74
Model accuracy,party,Other,belief_post,69.74
Model accuracy,gender,Male,concern_mean,58.24300000000001
Model accuracy,gender,Female,concern_mean,64.243
Model accuracy,gender,Other,concern_mean,66.243
Model accuracy,age_band,18-29,concern_mean,65.17850000029999
Model accuracy,age_band,30-44,concern_mean,63.178500000300005
Model accuracy,age_band,45-59,concern_mean,60.178500000300005
Model accuracy,age_band,60+,concern_mean,58.178500000300005
Model accuracy,race,White / Caucasian,concern_mean,58.832555555499994
Model accuracy,race,Black / African American,concern_mean,65.8325555555
Model accuracy,race,Hispanic / Latino,concern_mean,65.8325555555
Model accuracy,race,Asian / Asian American,concern_mean,63.832555555499994
Model accuracy,race,Other,concern_mean,60.832555555499994
Model accuracy,education,Less than high school,concern_mean,55.611999999999995
Model accuracy,education,High school diploma / GED,concern_mean,58.111999999999995
Model accuracy,education,Some college or Associate's degree,concern_mean,60.611999999999995
Model accuracy,education,Bachelor's degree,concern_mean,64.61199999999998
Model accuracy,education,Master's degree / Professional degree,concern_mean,67.61199999999998
Model accuracy,education,Doctorate degree / Ph.D.,concern_mean,70.61199999999998
Model accuracy,income,"Less than $30,000",concern_mean,57.349999999999994
Model accuracy,income,"$30,000 to $55,999",concern_mean,59.349999999999994
Model accuracy,income,"$56,000 to $99,999",concern_mean,60.849999999999994
Model accuracy,income,"$100,000 to $167,999",concern_mean,63.349999999999994
Model accuracy,income,"$168,000 or more",concern_mean,65.35
Model accuracy,party,Republican,concern_mean,44.05999999999999
Model accuracy,party,Democrat,concern_mean,79.05999999999999
Model accuracy,party,Independent,concern_mean,61.05999999999999
Model accuracy,party,Other,concern_mean,63.05999999999999
Model accuracy,gender,Male,policy_general,61.112
Model accuracy,gender,Female,policy_general,65.11200000000001
Model accuracy,gender,Other,policy_general,68.11200000000001
Model accuracy,age_band,18-29,policy_general,67.72091666704999
Model accuracy,age_band,30-44,policy_general,65.72091666704999
Model accuracy,age_band,45-59,policy_general,61.72091666705
Model accuracy,age_band,60+,policy_general,59.22091666705
Model accuracy,race,White / Caucasian,policy_general,60.21033333330001
Model accuracy,race,Black / African American,policy_general,69.7103333333
Model accuracy,race,Hispanic / Latino,policy_general,67.7103333333
Model accuracy,race,Asian / Asian American,policy_general,65.7103333333
Model accuracy,race,Other,policy_general,63.71033333330001
Model accuracy,education,Less than high school,policy_general,55.65899999999999
Model accuracy,education,High school diploma / GED,policy_general,59.65899999999999
Model accuracy,education,Some college or Associate's degree,policy_general,62.65899999999999
Model accuracy,education,Bachelor's degree,policy_general,66.659
Model accuracy,education,Master's degree / Professional degree,policy_general,70.659
Model accuracy,education,Doctorate degree / Ph.D.,policy_general,73.659
Model accuracy,income,"Less than $30,000",policy_general,57.22
Model accuracy,income,"$30,000 to $55,999",policy_general,60.22
Model accuracy,income,"$56,000 to $99,999",policy_general,63.22
Model accuracy,income,"$100,000 to $167,999",policy_general,66.22
Model accuracy,income,"$168,000 or more",policy_general,68.22
Model accuracy,party,Republican,policy_general,44.089999999999996
Model accuracy,party,Democrat,policy_general,84.08999999999999
Model accuracy,party,Independent,policy_general,62.089999999999996
Model accuracy,party,Other,policy_general,65.08999999999999
Model accuracy,gender,Male,policy_specific_mean,56.01200000000001
Model accuracy,gender,Female,policy_specific_mean,60.01200000000001
Model accuracy,gender,Other,policy_specific_mean,63.01200000000001
Model accuracy,age_band,18-29,policy_specific_mean,62.46644444479999
Model accuracy,age_band,30-44,policy_specific_mean,60.46644444479999
Model accuracy,age_band,45-59,policy_specific_mean,56.46644444479999
Model accuracy,age_band,60+,policy_specific_mean,54.46644444479999
Model accuracy,race,White / Caucasian,policy_specific_mean,55.8578888888
Model accuracy,race,Black / African American,policy_specific_mean,62.8578888888
Model accuracy,race,Hispanic / Latino,policy_specific_mean,61.8578888888
Model accuracy,race,Asian / Asian American,policy_specific_mean,59.8578888888
Model accuracy,race,Other,policy_specific_mean,56.8578888888
Model accuracy,education,Less than high school,policy_specific_mean,51.875
Model accuracy,education,High school diploma / GED,policy_specific_mean,54.875
Model accuracy,education,Some college or Associate's degree,policy_specific_mean,56.875
Model accuracy,education,Bachelor's degree,policy_specific_mean,61.875
Model accuracy,education,Master's degree / Professional degree,policy_specific_mean,64.87499999999999
Model accuracy,education,Doctorate degree / Ph.D.,policy_specific_mean,67.87499999999999
Model accuracy,income,"Less than $30,000",policy_specific_mean,54.220000000000006
Model accuracy,income,"$30,000 to $55,999",policy_specific_mean,56.220000000000006
Model accuracy,income,"$56,000 to $99,999",policy_specific_mean,57.220000000000006
Model accuracy,income,"$100,000 to $167,999",policy_specific_mean,60.220000000000006
Model accuracy,income,"$168,000 or more",policy_specific_mean,62.220000000000006
Model accuracy,party,Republican,policy_specific_mean,39.54999999999999
Model accuracy,party,Democrat,policy_specific_mean,77.54999999999998
Model accuracy,party,Independent,policy_specific_mean,57.54999999999999
Model accuracy,party,Other,policy_specific_mean,58.54999999999999
Model accuracy,gender,Male,behavior_mean,53.933
Model accuracy,gender,Female,behavior_mean,59.933
Model accuracy,gender,Other,behavior_mean,62.933
Model accuracy,age_band,18-29,behavior_mean,62.21483333369999
Model accuracy,age_band,30-44,behavior_mean,59.21483333369999
Model accuracy,age_band,45-59,behavior_mean,55.21483333369999
Model accuracy,age_band,60+,behavior_mean,53.21483333369999
Model accuracy,race,White / Caucasian,behavior_mean,54.6948333333
Model accuracy,race,Black / African American,behavior_mean,60.6948333333
Model accuracy,race,Hispanic / Latino,behavior_mean,61.6948333333
Model accuracy,race,Asian / Asian American,behavior_mean,58.6948333333
Model accuracy,race,Other,behavior_mean,57.6948333333
Model accuracy,education,Less than high school,behavior_mean,50.56499999999999
Model accuracy,education,High school diploma / GED,behavior_mean,53.56499999999999
Model accuracy,education,Some college or Associate's degree,behavior_mean,56.56499999999999
Model accuracy,education,Bachelor's degree,behavior_mean,60.56499999999999
Model accuracy,education,Master's degree / Professional degree,behavior_mean,63.56499999999999
Model accuracy,education,Doctorate degree / Ph.D.,behavior_mean,65.56499999999998
Model accuracy,income,"Less than $30,000",behavior_mean,52.48999999999999
Model accuracy,income,"$30,000 to $55,999",behavior_mean,54.48999999999999
Model accuracy,income,"$56,000 to $99,999",behavior_mean,57.48999999999999
Model accuracy,income,"$100,000 to $167,999",behavior_mean,59.48999999999999
Model accuracy,income,"$168,000 or more",behavior_mean,60.48999999999999
Model accuracy,party,Republican,behavior_mean,40.47999999999999
Model accuracy,party,Democrat,behavior_mean,74.48
Model accuracy,party,Independent,behavior_mean,56.47999999999999
Model accuracy,party,Other,behavior_mean,59.47999999999999
Model accuracy,gender,Male,donation_ams,3.5981000000000005
Model accuracy,gender,Female,donation_ams,3.7981
Model accuracy,gender,Other,donation_ams,3.6981
Model accuracy,age_band,18-29,donation_ams,3.40183888887
Model accuracy,age_band,30-44,donation_ams,3.60183888887
Model accuracy,age_band,45-59,donation_ams,3.8018388888699994
Model accuracy,age_band,60+,donation_ams,3.90183888887
Model accuracy,race,White / Caucasian,donation_ams,3.7273222222299998
Model accuracy,race,Black / African American,donation_ams,3.62732222223
Model accuracy,race,Hispanic / Latino,donation_ams,3.5273222222299996
Model accuracy,race,Asian / Asian American,donation_ams,4.127322222229999
Model accuracy,race,Other,donation_ams,3.5273222222299996
Model accuracy,education,Less than high school,donation_ams,3.1176000000000004
Model accuracy,education,High school diploma / GED,donation_ams,3.3175999999999997
Model accuracy,education,Some college or Associate's degree,donation_ams,3.6176000000000004
Model accuracy,education,Bachelor's degree,donation_ams,4.1175999999999995
Model accuracy,education,Master's degree / Professional degree,donation_ams,4.3176
Model accuracy,education,Doctorate degree / Ph.D.,donation_ams,4.6175999999999995
Model accuracy,income,"Less than $30,000",donation_ams,3.0179999999999993
Model accuracy,income,"$30,000 to $55,999",donation_ams,3.317999999999999
Model accuracy,income,"$56,000 to $99,999",donation_ams,3.7179999999999995
Model accuracy,income,"$100,000 to $167,999",donation_ams,4.018
Model accuracy,income,"$168,000 or more",donation_ams,4.3180000000000005
Model accuracy,party,Republican,donation_ams,2.9079999999999995
Model accuracy,party,Democrat,donation_ams,4.808
Model accuracy,party,Independent,donation_ams,3.508
Model accuracy,party,Other,donation_ams,3.808
Model accuracy,gender,Male,newsletter_signup,0.17922
Model accuracy,gender,Female,newsletter_signup,0.21921999999999997
Model accuracy,gender,Other,newsletter_signup,0.23922
Model accuracy,age_band,18-29,newsletter_signup,0.24675388889299996
Model accuracy,age_band,30-44,newsletter_signup,0.226753888893
Model accuracy,age_band,45-59,newsletter_signup,0.18675388889299996
Model accuracy,age_band,60+,newsletter_signup,0.156753888893
Model accuracy,race,White / Caucasian,newsletter_signup,0.17521944444399998
Model accuracy,race,Black / African American,newsletter_signup,0.24521944444399998
Model accuracy,race,Hispanic / Latino,newsletter_signup,0.24521944444399998
Model accuracy,race,Asian / Asian American,newsletter_signup,0.215219444444
Model accuracy,race,Other,newsletter_signup,0.205219444444
Model accuracy,education,Less than high school,newsletter_signup,0.15403999999999998
Model accuracy,education,High school diploma / GED,newsletter_signup,0.17404
Model accuracy,education,Some college or Associate's degree,newsletter_signup,0.19404000000000002
Model accuracy,education,Bachelor's degree,newsletter_signup,0.22404
Model accuracy,education,Master's degree / Professional degree,newsletter_signup,0.25404
Model accuracy,education,Doctorate degree / Ph.D.,newsletter_signup,0.27404
Model accuracy,income,"Less than $30,000",newsletter_signup,0.15439999999999998
Model accuracy,income,"$30,000 to $55,999",newsletter_signup,0.1744
Model accuracy,income,"$56,000 to $99,999",newsletter_signup,0.20439999999999997
Model accuracy,income,"$100,000 to $167,999",newsletter_signup,0.2244
Model accuracy,income,"$168,000 or more",newsletter_signup,0.2344
Model accuracy,party,Republican,newsletter_signup,0.1217
Model accuracy,party,Democrat,newsletter_signup,0.29169999999999996
Model accuracy,party,Independent,newsletter_signup,0.1917
Model accuracy,party,Other,newsletter_signup,0.21170000000000003
Interview Prof. Sebille,gender,Male,trust_multidimensional,56.942
Interview Prof. Sebille,gender,Female,trust_multidimensional,60.942
Interview Prof. Sebille,gender,Other,trust_multidimensional,60.942
Interview Prof. Sebille,age_band,18-29,trust_multidimensional,60.8742777779
Interview Prof. Sebille,age_band,30-44,trust_multidimensional,59.8742777779
Interview Prof. Sebille,age_band,45-59,trust_multidimensional,57.8742777779
Interview Prof. Sebille,age_band,60+,trust_multidimensional,57.8742777779
Interview Prof. Sebille,race,White / Caucasian,trust_multidimensional,58.30605555560001
Interview Prof. Sebille,race,Black / African American,trust_multidimensional,60.30605555560001
Interview Prof. Sebille,race,Hispanic / Latino,trust_multidimensional,59.30605555560001
Interview Prof. Sebille,race,Asian / Asian American,trust_multidimensional,62.30605555560001
Interview Prof. Sebille,race,Other,trust_multidimensional,58.30605555560001
Interview Prof. Sebille,education,Less than high school,trust_multidimensional,53.90899999999999
Interview Prof. Sebille,education,High school diploma / GED,trust_multidimensional,56.90899999999999
Interview Prof. Sebille,education,Some college or Associate's degree,trust_multidimensional,57.90899999999999
Interview Prof. Sebille,education,Bachelor's degree,trust_multidimensional,61.90899999999999
Interview Prof. Sebille,education,Master's degree / Professional degree,trust_multidimensional,63.90899999999999
Interview Prof. Sebille,education,Doctorate degree / Ph.D.,trust_multidimensional,66.90899999999999
Interview Prof. Sebille,income,"Less than $30,000",trust_multidimensional,54.87999999999999
Interview Prof. Sebille,income,"$30,000 to $55,999",trust_multidimensional,56.87999999999999
Interview Prof. Sebille,income,"$56,000 to $99,999",trust_multidimensional,58.87999999999999
Interview Prof. Sebille,income,"$100,000 to $167,999",trust_multidimensional,60.87999999999999
Interview Prof. Sebille,income,"$168,000 or more",trust_multidimensional,62.87999999999999
Interview Prof. Sebille,party,Republican,trust_multidimensional,44.706
Interview Prof. Sebille,party,Democrat,trust_multidimensional,73.356
Interview Prof. Sebille,party,Independent,trust_multidimensional,58.956
Interview Prof. Sebille,party,Other,trust_multidimensional,59.306000000000004
Interview Prof. Sebille,gender,Male,trust_post,60.94645000000001
Interview Prof. Sebille,gender,Female,trust_post,63.846450000000004
Interview Prof. Sebille,gender,Other,trust_post,64.99645000000001
Interview Prof. Sebille,age_band,18-29,trust_post,64.32113333346001
Interview Prof. Sebille,age_band,30-44,trust_post,63.42113333346
Interview Prof. Sebille,age_band,45-59,trust_post,61.221133333459996
Interview Prof. Sebille,age_band,60+,trust_post,61.32113333346
Interview Prof. Sebille,race,White / Caucasian,trust_post,61.555713888905004
Interview Prof. Sebille,race,Black / African American,trust_post,64.405713888905
Interview Prof. Sebille,race,Hispanic / Latino,trust_post,63.405713888905
Interview Prof. Sebille,race,Asian / Asian American,trust_post,64.355713888905
Interview Prof. Sebille,race,Other,trust_post,62.355713888905
Interview Prof. Sebille,education,Less than high school,trust_post,57.6035
Interview Prof. Sebille,education,High school diploma / GED,trust_post,60.153499999999994
Interview Prof. Sebille,education,Some college or Associate's degree,trust_post,61.7035
Interview Prof. Sebille,education,Bachelor's degree,trust_post,64.7535
Interview Prof. Sebille,education,Master's degree / Professional degree,trust_post,67.8035
Interview Prof. Sebille,education,Doctorate degree / Ph.D.,trust_post,70.8035
Interview Prof. Sebille,income,"Less than $30,000",trust_post,57.549
Interview Prof. Sebille,income,"$30,000 to $55,999",trust_post,60.099
Interview Prof. Sebille,income,"$56,000 to $99,999",trust_post,62.599
Interview Prof. Sebille,income,"$100,000 to $167,999",trust_post,64.59899999999999
Interview Prof. Sebille,income,"$168,000 or more",trust_post,66.64899999999999
Interview Prof. Sebille,party,Republican,trust_post,48.931999999999995
Interview Prof. Sebille,party,Democrat,trust_post,77.582
Interview Prof. Sebille,party,Independent,trust_post,61.482
Interview Prof. Sebille,party,Other,trust_post,62.431999999999995
Interview Prof. Sebille,gender,Male,distrust_post,39.8935
Interview Prof. Sebille,gender,Female,distrust_post,36.8935
Interview Prof. Sebille,gender,Other,distrust_post,36.8935
Interview Prof. Sebille,age_band,18-29,distrust_post,36.012305555350004
Interview Prof. Sebille,age_band,30-44,distrust_post,37.012305555350004
Interview Prof. Sebille,age_band,45-59,distrust_post,39.012305555350004
Interview Prof. Sebille,age_band,60+,distrust_post,40.512305555350004
Interview Prof. Sebille,race,White / Caucasian,distrust_post,39.02083333335
Interview Prof. Sebille,race,Black / African American,distrust_post,37.02083333335
Interview Prof. Sebille,race,Hispanic / Latino,distrust_post,37.52083333335
Interview Prof. Sebille,race,Asian / Asian American,distrust_post,36.52083333335
Interview Prof. Sebille,race,Other,distrust_post,39.52083333335
Interview Prof. Sebille,education,Less than high school,distrust_post,42.946
Interview Prof. Sebille,education,High school diploma / GED,distrust_post,40.946
Interview Prof. Sebille,education,Some college or Associate's degree,distrust_post,38.946
Interview Prof. Sebille,education,Bachelor's degree,distrust_post,35.946
Interview Prof. Sebille,education,Master's degree / Professional degree,distrust_post,32.946
Interview Prof. Sebille,education,Doctorate degree / Ph.D.,distrust_post,30.945999999999998
Interview Prof. Sebille,income,"Less than $30,000",distrust_post,42.46999999999999
Interview Prof. Sebille,income,"$30,000 to $55,999",distrust_post,40.46999999999999
Interview Prof. Sebille,income,"$56,000 to $99,999",distrust_post,38.46999999999999
Interview Prof. Sebille,income,"$100,000 to $167,999",distrust_post,36.46999999999999
Interview Prof. Sebille,income,"$168,000 or more",distrust_post,34.46999999999999
Interview Prof. Sebille,party,Republican,distrust_post,51.73299999999999
Interview Prof. Sebille,party,Democrat,distrust_post,25.282999999999994
Interview Prof. Sebille,party,Independent,distrust_post,38.18299999999999
Interview Prof. Sebille,party,Other,distrust_post,37.33299999999999
Interview Prof. Sebille,gender,Male,funding_perceptions,55.164750000000005
Interview Prof. Sebille,gender,Female,funding_perceptions,59.664750000000005
Interview Prof. Sebille,gender,Other,funding_perceptions,61.664750000000005
Interview Prof. Sebille,age_band,18-29,funding_perceptions,61.17402777804999
Interview Prof. Sebille,age_band,30-44,funding_perceptions,59.17402777804999
Interview Prof. Sebille,age_band,45-59,funding_perceptions,56.17402777804999
Interview Prof. Sebille,age_band,60+,funding_perceptions,54.67402777804999
Interview Prof. Sebille,race,White / Caucasian,funding_perceptions,54.84438888889999
Interview Prof. Sebille,race,Black / African American,funding_perceptions,62.84438888889999
Interview Prof. Sebille,race,Hispanic / Latino,funding_perceptions,61.84438888889999
Interview Prof. Sebille,race,Asian / Asian American,funding_perceptions,58.84438888889999
Interview Prof. Sebille,race,Other,funding_perceptions,59.84438888889999
Interview Prof. Sebille,education,Less than high school,funding_perceptions,51.632000000000005
Interview Prof. Sebille,education,High school diploma / GED,funding_perceptions,54.632000000000005
Interview Prof. Sebille,education,Some college or Associate's degree,funding_perceptions,56.632000000000005
Interview Prof. Sebille,education,Bachelor's degree,funding_perceptions,60.632000000000005
Interview Prof. Sebille,education,Master's degree / Professional degree,funding_perceptions,63.632000000000005
Interview Prof. Sebille,education,Doctorate degree / Ph.D.,funding_perceptions,66.632
Interview Prof. Sebille,income,"Less than $30,000",funding_perceptions,53.58
Interview Prof. Sebille,income,"$30,000 to $55,999",funding_perceptions,55.58
Interview Prof. Sebille,income,"$56,000 to $99,999",funding_perceptions,57.58
Interview Prof. Sebille,income,"$100,000 to $167,999",funding_perceptions,59.58
Interview Prof. Sebille,income,"$168,000 or more",funding_perceptions,60.58
Interview Prof. Sebille,party,Republican,funding_perceptions,42.72875
Interview Prof. Sebille,party,Democrat,funding_perceptions,76.07874999999999
Interview Prof. Sebille,party,Independent,funding_perceptions,55.20375
Interview Prof. Sebille,party,Other,funding_perceptions,58.02875
Interview Prof. Sebille,gender,Male,policy_role_mean,57.87425000000001
Interview Prof. Sebille,gender,Female,policy_role_mean,61.37425000000001
Interview Prof. Sebille,gender,Other,policy_role_mean,63.87425000000001
Interview Prof. Sebille,age_band,18-29,policy_role_mean,62.860333333599996
Interview Prof. Sebille,age_band,30-44,policy_role_mean,61.360333333599996
Interview Prof. Sebille,age_band,45-59,policy_role_mean,58.860333333599996
Interview Prof. Sebille,age_band,60+,policy_role_mean,56.860333333599996
Interview Prof. Sebille,race,White / Caucasian,policy_role_mean,57.91600000000001
Interview Prof. Sebille,race,Black / African American,policy_role_mean,63.91600000000001
Interview Prof. Sebille,race,Hispanic / Latino,policy_role_mean,61.91600000000001
Interview Prof. Sebille,race,Asian / Asian American,policy_role_mean,61.91600000000001
Interview Prof. Sebille,race,Other,policy_role_mean,59.91600000000001
Interview Prof. Sebille,education,Less than high school,policy_role_mean,54.18899999999999
Interview Prof. Sebille,education,High school diploma / GED,policy_role_mean,57.18899999999999
Interview Prof. Sebille,education,Some college or Associate's degree,policy_role_mean,59.18899999999999
Interview Prof. Sebille,education,Bachelor's degree,policy_role_mean,62.18899999999999
Interview Prof. Sebille,education,Master's degree / Professional degree,policy_role_mean,65.189
Interview Prof. Sebille,education,Doctorate degree / Ph.D.,policy_role_mean,68.189
Interview Prof. Sebille,income,"Less than $30,000",policy_role_mean,55.779999999999994
Interview Prof. Sebille,income,"$30,000 to $55,999",policy_role_mean,57.779999999999994
Interview Prof. Sebille,income,"$56,000 to $99,999",policy_role_mean,59.779999999999994
Interview Prof. Sebille,income,"$100,000 to $167,999",policy_role_mean,61.779999999999994
Interview Prof. Sebille,income,"$168,000 or more",policy_role_mean,62.779999999999994
Interview Prof. Sebille,party,Republican,policy_role_mean,44.19049999999999
Interview Prof. Sebille,party,Democrat,policy_role_mean,75.6905
Interview Prof. Sebille,party,Independent,policy_role_mean,59.390499999999996
Interview Prof. Sebille,party,Other,policy_role_mean,60.640499999999996
Interview Prof. Sebille,gender,Male,inst_trust_mean,52.221
Interview Prof. Sebille,gender,Female,inst_trust_mean,54.221
Interview Prof. Sebille,gender,Other,inst_trust_mean,54.221
Interview Prof. Sebille,age_band,18-29,inst_trust_mean,52.98955555559999
Interview Prof. Sebille,age_band,30-44,inst_trust_mean,53.98955555559999
Interview Prof. Sebille,age_band,45-59,inst_trust_mean,52.98955555559999
Interview Prof. Sebille,age_band,60+,inst_trust_mean,52.98955555559999
Interview Prof. Sebille,race,White / Caucasian,inst_trust_mean,53.4943888889
Interview Prof. Sebille,race,Black / African American,inst_trust_mean,53.4943888889
Interview Prof. Sebille,race,Hispanic / Latino,inst_trust_mean,51.4943888889
Interview Prof. Sebille,race,Asian / Asian American,inst_trust_mean,56.4943888889
Interview Prof. Sebille,race,Other,inst_trust_mean,50.4943888889
Interview Prof. Sebille,education,Less than high school,inst_trust_mean,47.523
Interview Prof. Sebille,education,High school diploma / GED,inst_trust_mean,50.523
Interview Prof. Sebille,education,Some college or Associate's degree,inst_trust_mean,52.523
Interview Prof. Sebille,education,Bachelor's degree,inst_trust_mean,56.523
Interview Prof. Sebille,education,Master's degree / Professional degree,inst_trust_mean,58.523
Interview Prof. Sebille,education,Doctorate degree / Ph.D.,inst_trust_mean,61.523
Interview Prof. Sebille,income,"Less than $30,000",inst_trust_mean,49.94999999999999
Interview Prof. Sebille,income,"$30,000 to $55,999",inst_trust_mean,50.94999999999999
Interview Prof. Sebille,income,"$56,000 to $99,999",inst_trust_mean,52.94999999999999
Interview Prof. Sebille,income,"$100,000 to $167,999",inst_trust_mean,54.94999999999999
Interview Prof. Sebille,income,"$168,000 or more",inst_trust_mean,56.94999999999999
Interview Prof. Sebille,party,Republican,inst_trust_mean,42.26424999999998
Interview Prof. Sebille,party,Democrat,inst_trust_mean,65.43924999999999
Interview Prof. Sebille,party,Independent,inst_trust_mean,52.52424999999999
Interview Prof. Sebille,party,Other,inst_trust_mean,53.41424999999999
Interview Prof. Sebille,gender,Male,belief_post,66.15749999999998
Interview Prof. Sebille,gender,Female,belief_post,71.15749999999998
Interview Prof. Sebille,gender,Other,belief_post,73.15749999999998
Interview Prof. Sebille,age_band,18-29,belief_post,73.2969444447
Interview Prof. Sebille,age_band,30-44,belief_post,70.2969444447
Interview Prof. Sebille,age_band,45-59,belief_post,66.2969444447
Interview Prof. Sebille,age_band,60+,belief_post,66.2969444447
Interview Prof. Sebille,race,White / Caucasian,belief_post,66.24099999999999
Interview Prof. Sebille,race,Black / African American,belief_post,73.24099999999999
Interview Prof. Sebille,race,Hispanic / Latino,belief_post,72.24099999999999
Interview Prof. Sebille,race,Asian / Asian American,belief_post,74.24099999999999
Interview Prof. Sebille,race,Other,belief_post,67.24099999999999
Interview Prof. Sebille,education,Less than high school,belief_post,60.69119999999999
Interview Prof. Sebille,education,High school diploma / GED,belief_post,63.74119999999999
Interview Prof. Sebille,education,Some college or Associate's degree,belief_post,67.74119999999999
Interview Prof. Sebille,education,Bachelor's degree,belief_post,73.74119999999999
Interview Prof. Sebille,education,Master's degree / Professional degree,belief_post,77.74119999999999
Interview Prof. Sebille,education,Doctorate degree / Ph.D.,belief_post,81.74119999999999
Interview Prof. Sebille,income,"Less than $30,000",belief_post,63.17
Interview Prof. Sebille,income,"$30,000 to $55,999",belief_post,66.16999999999999
Interview Prof. Sebille,income,"$56,000 to $99,999",belief_post,69.16999999999999
Interview Prof. Sebille,income,"$100,000 to $167,999",belief_post,71.16999999999999
Interview Prof. Sebille,income,"$168,000 or more",belief_post,73.16999999999999
Interview Prof. Sebille,party,Republican,belief_post,49.38949999999999
Interview Prof. Sebille,party,Democrat,belief_post,87.83949999999999
Interview Prof. Sebille,party,Independent,belief_post,68.88949999999998
Interview Prof. Sebille,party,Other,belief_post,69.78949999999998
Interview Prof. Sebille,gender,Male,concern_mean,58.966325
Interview Prof. Sebille,gender,Female,concern_mean,65.116325
Interview Prof. Sebille,gender,Other,concern_mean,67.066325
Interview Prof. Sebille,age_band,18-29,concern_mean,65.92955555585999
Interview Prof. Sebille,age_band,30-44,concern_mean,64.02955555586
Interview Prof. Sebille,age_band,45-59,concern_mean,61.02955555586
Interview Prof. Sebille,age_band,60+,concern_mean,58.929555555860006
Interview Prof. Sebille,race,White / Caucasian,concern_mean,59.617347222164994
Interview Prof. Sebille,race,Black / African American,concern_mean,66.667347222165
Interview Prof. Sebille,race,Hispanic / Latino,concern_mean,66.667347222165
Interview Prof. Sebille,race,Asian / Asian American,concern_mean,64.617347222165
Interview Prof. Sebille,race,Other,concern_mean,61.617347222164994
Interview Prof. Sebille,education,Less than high school,concern_mean,56.31754999999999
Interview Prof. Sebille,education,High school diploma / GED,concern_mean,58.867549999999994
Interview Prof. Sebille,education,Some college or Associate's degree,concern_mean,61.41754999999999
Interview Prof. Sebille,education,Bachelor's degree,concern_mean,65.46755
Interview Prof. Sebille,education,Master's degree / Professional degree,concern_mean,68.46755
Interview Prof. Sebille,education,Doctorate degree / Ph.D.,concern_mean,71.46755
Interview Prof. Sebille,income,"Less than $30,000",concern_mean,58.09899999999999
Interview Prof. Sebille,income,"$30,000 to $55,999",concern_mean,60.148999999999994
Interview Prof. Sebille,income,"$56,000 to $99,999",concern_mean,61.648999999999994
Interview Prof. Sebille,income,"$100,000 to $167,999",concern_mean,64.149
Interview Prof. Sebille,income,"$168,000 or more",concern_mean,66.199
Interview Prof. Sebille,party,Republican,concern_mean,44.29949999999999
Interview Prof. Sebille,party,Democrat,concern_mean,80.09949999999999
Interview Prof. Sebille,party,Independent,concern_mean,62.04949999999999
Interview Prof. Sebille,party,Other,concern_mean,63.99949999999998
Interview Prof. Sebille,gender,Male,policy_general,61.56105
Interview Prof. Sebille,gender,Female,policy_general,65.66104999999999
Interview Prof. Sebille,gender,Other,policy_general,68.61104999999999
Interview Prof. Sebille,age_band,18-29,policy_general,68.17197222261001
Interview Prof. Sebille,age_band,30-44,policy_general,66.27197222261
Interview Prof. Sebille,age_band,45-59,policy_general,62.27197222261
Interview Prof. Sebille,age_band,60+,policy_general,59.67197222261
Interview Prof. Sebille,race,White / Caucasian,policy_general,60.695124999965
Interview Prof. Sebille,race,Black / African American,policy_general,70.245124999965
Interview Prof. Sebille,race,Hispanic / Latino,policy_general,68.245124999965
Interview Prof. Sebille,race,Asian / Asian American,policy_general,66.195124999965
Interview Prof. Sebille,race,Other,policy_general,64.195124999965
Interview Prof. Sebille,education,Less than high school,policy_general,56.10934999999999
Interview Prof. Sebille,education,High school diploma / GED,policy_general,60.10934999999999
Interview Prof. Sebille,education,Some college or Associate's degree,policy_general,63.15934999999999
Interview Prof. Sebille,education,Bachelor's degree,policy_general,67.20934999999999
Interview Prof. Sebille,education,Master's degree / Professional degree,policy_general,71.20934999999999
Interview Prof. Sebille,education,Doctorate degree / Ph.D.,policy_general,74.20934999999999
Interview Prof. Sebille,income,"Less than $30,000",policy_general,57.669
Interview Prof. Sebille,income,"$30,000 to $55,999",policy_general,60.718999999999994
Interview Prof. Sebille,income,"$56,000 to $99,999",policy_general,63.718999999999994
Interview Prof. Sebille,income,"$100,000 to $167,999",policy_general,66.719
Interview Prof. Sebille,income,"$168,000 or more",policy_general,68.76899999999999
Interview Prof. Sebille,party,Republican,policy_general,44.17549999999999
Interview Prof. Sebille,party,Democrat,policy_general,84.7755
Interview Prof. Sebille,party,Independent,policy_general,62.7255
Interview Prof. Sebille,party,Other,policy_general,65.6755
Interview Prof. Sebille,gender,Male,policy_specific_mean,56.362
Interview Prof. Sebille,gender,Female,policy_specific_mean,60.362
Interview Prof. Sebille,gender,Other,policy_specific_mean,63.362
Interview Prof. Sebille,age_band,18-29,policy_specific_mean,62.8164444448
Interview Prof. Sebille,age_band,30-44,policy_specific_mean,60.8164444448
Interview Prof. Sebille,age_band,45-59,policy_specific_mean,56.8164444448
Interview Prof. Sebille,age_band,60+,policy_specific_mean,54.8164444448
Interview Prof. Sebille,race,White / Caucasian,policy_specific_mean,56.20788888880001
Interview Prof. Sebille,race,Black / African American,policy_specific_mean,63.20788888880001
Interview Prof. Sebille,race,Hispanic / Latino,policy_specific_mean,62.20788888880001
Interview Prof. Sebille,race,Asian / Asian American,policy_specific_mean,60.20788888880001
Interview Prof. Sebille,race,Other,policy_specific_mean,57.20788888880001
Interview Prof. Sebille,education,Less than high school,policy_specific_mean,52.17315
Interview Prof. Sebille,education,High school diploma / GED,policy_specific_mean,55.22315
Interview Prof. Sebille,education,Some college or Associate's degree,policy_specific_mean,57.22315
Interview Prof. Sebille,education,Bachelor's degree,policy_specific_mean,62.22315
Interview Prof. Sebille,education,Master's degree / Professional degree,policy_specific_mean,65.27315
Interview Prof. Sebille,education,Doctorate degree / Ph.D.,policy_specific_mean,68.27315
Interview Prof. Sebille,income,"Less than $30,000",policy_specific_mean,54.57
Interview Prof. Sebille,income,"$30,000 to $55,999",policy_specific_mean,56.57
Interview Prof. Sebille,income,"$56,000 to $99,999",policy_specific_mean,57.57
Interview Prof. Sebille,income,"$100,000 to $167,999",policy_specific_mean,60.57
Interview Prof. Sebille,income,"$168,000 or more",policy_specific_mean,62.57
Interview Prof. Sebille,party,Republican,policy_specific_mean,39.594500000000004
Interview Prof. Sebille,party,Democrat,policy_specific_mean,78.04449999999999
Interview Prof. Sebille,party,Independent,policy_specific_mean,57.9945
Interview Prof. Sebille,party,Other,policy_specific_mean,58.9945
Interview Prof. Sebille,gender,Male,behavior_mean,54.133
Interview Prof. Sebille,gender,Female,behavior_mean,60.133
Interview Prof. Sebille,gender,Other,behavior_mean,63.133
Interview Prof. Sebille,age_band,18-29,behavior_mean,62.41483333369999
Interview Prof. Sebille,age_band,30-44,behavior_mean,59.41483333369999
Interview Prof. Sebille,age_band,45-59,behavior_mean,55.41483333369999
Interview Prof. Sebille,age_band,60+,behavior_mean,53.41483333369999
Interview Prof. Sebille,race,White / Caucasian,behavior_mean,54.8948333333
Interview Prof. Sebille,race,Black / African American,behavior_mean,60.8948333333
Interview Prof. Sebille,race,Hispanic / Latino,behavior_mean,61.8948333333
Interview Prof. Sebille,race,Asian / Asian American,behavior_mean,58.8948333333
Interview Prof. Sebille,race,Other,behavior_mean,57.8948333333
Interview Prof. Sebille,education,Less than high school,behavior_mean,50.76499999999999
Interview Prof. Sebille,education,High school diploma / GED,behavior_mean,53.76499999999999
Interview Prof. Sebille,education,Some college or Associate's degree,behavior_mean,56.76499999999999
Interview Prof. Sebille,education,Bachelor's degree,behavior_mean,60.76499999999999
Interview Prof. Sebille,education,Master's degree / Professional degree,behavior_mean,63.76499999999999
Interview Prof. Sebille,education,Doctorate degree / Ph.D.,behavior_mean,65.76499999999999
Interview Prof. Sebille,income,"Less than $30,000",behavior_mean,52.69
Interview Prof. Sebille,income,"$30,000 to $55,999",behavior_mean,54.69
Interview Prof. Sebille,income,"$56,000 to $99,999",behavior_mean,57.69
Interview Prof. Sebille,income,"$100,000 to $167,999",behavior_mean,59.69
Interview Prof. Sebille,income,"$168,000 or more",behavior_mean,60.69
Interview Prof. Sebille,party,Republican,behavior_mean,40.52724999999999
Interview Prof. Sebille,party,Democrat,behavior_mean,74.75224999999999
Interview Prof. Sebille,party,Independent,behavior_mean,56.727249999999984
Interview Prof. Sebille,party,Other,behavior_mean,59.727249999999984
Interview Prof. Sebille,gender,Male,donation_ams,3.5981000000000005
Interview Prof. Sebille,gender,Female,donation_ams,3.7981
Interview Prof. Sebille,gender,Other,donation_ams,3.6981
Interview Prof. Sebille,age_band,18-29,donation_ams,3.40183888887
Interview Prof. Sebille,age_band,30-44,donation_ams,3.60183888887
Interview Prof. Sebille,age_band,45-59,donation_ams,3.8018388888699994
Interview Prof. Sebille,age_band,60+,donation_ams,3.90183888887
Interview Prof. Sebille,race,White / Caucasian,donation_ams,3.7273222222299998
Interview Prof. Sebille,race,Black / African American,donation_ams,3.62732222223
Interview Prof. Sebille,race,Hispanic / Latino,donation_ams,3.5273222222299996
Interview Prof. Sebille,race,Asian / Asian American,donation_ams,4.127322222229999
Interview Prof. Sebille,race,Other,donation_ams,3.5273222222299996
Interview Prof. Sebille,education,Less than high school,donation_ams,3.1176000000000004
Interview Prof. Sebille,education,High school diploma / GED,donation_ams,3.3175999999999997
Interview Prof. Sebille,education,Some college or Associate's degree,donation_ams,3.6176000000000004
Interview Prof. Sebille,education,Bachelor's degree,donation_ams,4.1175999999999995
Interview Prof. Sebille,education,Master's degree / Professional degree,donation_ams,4.3176
Interview Prof. Sebille,education,Doctorate degree / Ph.D.,donation_ams,4.6175999999999995
Interview Prof. Sebille,income,"Less than $30,000",donation_ams,3.0179999999999993
Interview Prof. Sebille,income,"$30,000 to $55,999",donation_ams,3.317999999999999
Interview Prof. Sebille,income,"$56,000 to $99,999",donation_ams,3.7179999999999995
Interview Prof. Sebille,income,"$100,000 to $167,999",donation_ams,4.018
Interview Prof. Sebille,income,"$168,000 or more",donation_ams,4.3180000000000005
Interview Prof. Sebille,party,Republican,donation_ams,2.904399999999999
Interview Prof. Sebille,party,Democrat,donation_ams,4.809399999999999
Interview Prof. Sebille,party,Independent,donation_ams,3.5093999999999994
Interview Prof. Sebille,party,Other,donation_ams,3.8043999999999993
Interview Prof. Sebille,gender,Male,newsletter_signup,0.18022000000000002
Interview Prof. Sebille,gender,Female,newsletter_signup,0.22022
Interview Prof. Sebille,gender,Other,newsletter_signup,0.24022000000000002
Interview Prof. Sebille,age_band,18-29,newsletter_signup,0.24775388889299998
Interview Prof. Sebille,age_band,30-44,newsletter_signup,0.22775388889300002
Interview Prof. Sebille,age_band,45-59,newsletter_signup,0.187753888893
Interview Prof. Sebille,age_band,60+,newsletter_signup,0.15775388889300002
Interview Prof. Sebille,race,White / Caucasian,newsletter_signup,0.17621944444399998
Interview Prof. Sebille,race,Black / African American,newsletter_signup,0.24621944444399999
Interview Prof. Sebille,race,Hispanic / Latino,newsletter_signup,0.24621944444399999
Interview Prof. Sebille,race,Asian / Asian American,newsletter_signup,0.21621944444400001
Interview Prof. Sebille,race,Other,newsletter_signup,0.206219444444
Interview Prof. Sebille,education,Less than high school,newsletter_signup,0.15503999999999998
Interview Prof. Sebille,education,High school diploma / GED,newsletter_signup,0.17504
Interview Prof. Sebille,education,Some college or Associate's degree,newsletter_signup,0.19504000000000002
Interview Prof. Sebille,education,Bachelor's degree,newsletter_signup,0.22504
Interview Prof. Sebille,education,Master's degree / Professional degree,newsletter_signup,0.25504000000000004
Interview Prof. Sebille,education,Doctorate degree / Ph.D.,newsletter_signup,0.27504000000000006
Interview Prof. Sebille,income,"Less than $30,000",newsletter_signup,0.15539999999999995
Interview Prof. Sebille,income,"$30,000 to $55,999",newsletter_signup,0.17539999999999997
Interview Prof. Sebille,income,"$56,000 to $99,999",newsletter_signup,0.20539999999999994
Interview Prof. Sebille,income,"$100,000 to $167,999",newsletter_signup,0.22539999999999996
Interview Prof. Sebille,income,"$168,000 or more",newsletter_signup,0.23539999999999997
Interview Prof. Sebille,party,Republican,newsletter_signup,0.12196999999999998
Interview Prof. Sebille,party,Democrat,newsletter_signup,0.29296999999999995
Interview Prof. Sebille,party,Independent,newsletter_signup,0.19296999999999997
Interview Prof. Sebille,party,Other,newsletter_signup,0.21297
Extreme weather predictions,gender,Male,trust_multidimensional,56.692
Extreme weather predictions,gender,Female,trust_multidimensional,60.692
Extreme weather predictions,gender,Other,trust_multidimensional,60.692
Extreme weather predictions,age_band,18-29,trust_multidimensional,60.6242777779
Extreme weather predictions,age_band,30-44,trust_multidimensional,59.6242777779
Extreme weather predictions,age_band,45-59,trust_multidimensional,57.6242777779
Extreme weather predictions,age_band,60+,trust_multidimensional,57.6242777779
Extreme weather predictions,race,White / Caucasian,trust_multidimensional,58.0560555556
Extreme weather predictions,race,Black / African American,trust_multidimensional,60.0560555556
Extreme weather predictions,race,Hispanic / Latino,trust_multidimensional,59.0560555556
Extreme weather predictions,race,Asian / Asian American,trust_multidimensional,62.0560555556
Extreme weather predictions,race,Other,trust_multidimensional,58.0560555556
Extreme weather predictions,education,Less than high school,trust_multidimensional,53.659000000000006
Extreme weather predictions,education,High school diploma / GED,trust_multidimensional,56.659000000000006
Extreme weather predictions,education,Some college or Associate's degree,trust_multidimensional,57.659000000000006
Extreme weather predictions,education,Bachelor's degree,trust_multidimensional,61.659000000000006
Extreme weather predictions,education,Master's degree / Professional degree,trust_multidimensional,63.659000000000006
Extreme weather predictions,education,Doctorate degree / Ph.D.,trust_multidimensional,66.659
Extreme weather predictions,income,"Less than $30,000",trust_multidimensional,54.62999999999999
Extreme weather predictions,income,"$30,000 to $55,999",trust_multidimensional,56.62999999999999
Extreme weather predictions,income,"$56,000 to $99,999",trust_multidimensional,58.62999999999999
Extreme weather predictions,income,"$100,000 to $167,999",trust_multidimensional,60.62999999999999
Extreme weather predictions,income,"$168,000 or more",trust_multidimensional,62.62999999999999
Extreme weather predictions,party,Republican,trust_multidimensional,44.88449999999999
Extreme weather predictions,party,Democrat,trust_multidimensional,73.13449999999999
Extreme weather predictions,party,Independent,trust_multidimensional,58.434499999999986
Extreme weather predictions,party,Other,trust_multidimensional,58.934499999999986
Extreme weather predictions,gender,Male,trust_post,60.8474
Extreme weather predictions,gender,Female,trust_post,63.6474
Extreme weather predictions,gender,Other,trust_post,64.84740000000001
Extreme weather predictions,age_band,18-29,trust_post,64.22007777789999
Extreme weather predictions,age_band,30-44,trust_post,63.220077777899995
Extreme weather predictions,age_band,45-59,trust_post,61.02007777789999
Extreme weather predictions,age_band,60+,trust_post,61.220077777899995
Extreme weather predictions,race,White / Caucasian,trust_post,61.420922222239994
Extreme weather predictions,race,Black / African American,trust_post,64.22092222223999
Extreme weather predictions,race,Hispanic / Latino,trust_post,63.22092222223999
Extreme weather predictions,race,Asian / Asian American,trust_post,64.22092222223999
Extreme weather predictions,race,Other,trust_post,62.22092222223999
Extreme weather predictions,education,Less than high school,trust_post,57.554999999999986
Extreme weather predictions,education,High school diploma / GED,trust_post,60.054999999999986
Extreme weather predictions,education,Some college or Associate's degree,trust_post,61.554999999999986
Extreme weather predictions,education,Bachelor's degree,trust_post,64.55499999999999
Extreme weather predictions,education,Master's degree / Professional degree,trust_post,67.55499999999999
Extreme weather predictions,education,Doctorate degree / Ph.D.,trust_post,70.55499999999999
Extreme weather predictions,income,"Less than $30,000",trust_post,57.44999999999999
Extreme weather predictions,income,"$30,000 to $55,999",trust_post,59.94999999999999
Extreme weather predictions,income,"$56,000 to $99,999",trust_post,62.44999999999999
Extreme weather predictions,income,"$100,000 to $167,999",trust_post,64.44999999999999
Extreme weather predictions,income,"$168,000 or more",trust_post,66.44999999999999
Extreme weather predictions,party,Republican,trust_post,49.182999999999986
Extreme weather predictions,party,Democrat,trust_post,77.28299999999999
Extreme weather predictions,party,Independent,trust_post,61.182999999999986
Extreme weather predictions,party,Other,trust_post,62.182999999999986
Extreme weather predictions,gender,Male,distrust_post,40.143499999999996
Extreme weather predictions,gender,Female,distrust_post,37.143499999999996
Extreme weather predictions,gender,Other,distrust_post,37.143499999999996
Extreme weather predictions,age_band,18-29,distrust_post,36.26230555535
Extreme weather predictions,age_band,30-44,distrust_post,37.26230555535
Extreme weather predictions,age_band,45-59,distrust_post,39.26230555535
Extreme weather predictions,age_band,60+,distrust_post,40.76230555535
Extreme weather predictions,race,White / Caucasian,distrust_post,39.270833333350005
Extreme weather predictions,race,Black / African American,distrust_post,37.270833333350005
Extreme weather predictions,race,Hispanic / Latino,distrust_post,37.770833333350005
Extreme weather predictions,race,Asian / Asian American,distrust_post,36.770833333350005
Extreme weather predictions,race,Other,distrust_post,39.770833333350005
Extreme weather predictions,education,Less than high school,distrust_post,43.196000000000005
Extreme weather predictions,education,High school diploma / GED,distrust_post,41.196000000000005
Extreme weather predictions,education,Some college or Associate's degree,distrust_post,39.196000000000005
Extreme weather predictions,education,Bachelor's degree,distrust_post,36.196000000000005
Extreme weather predictions,education,Master's degree / Professional degree,distrust_post,33.196000000000005
Extreme weather predictions,education,Doctorate degree / Ph.D.,distrust_post,31.196000000000005
Extreme weather predictions,income,"Less than $30,000",distrust_post,42.72
Extreme weather predictions,income,"$30,000 to $55,999",distrust_post,40.72
Extreme weather predictions,income,"$56,000 to $99,999",distrust_post,38.72
Extreme weather predictions,income,"$100,000 to $167,999",distrust_post,36.72
Extreme weather predictions,income,"$168,000 or more",distrust_post,34.72
Extreme weather predictions,party,Republican,distrust_post,51.65049999999999
Extreme weather predictions,party,Democrat,distrust_post,25.50049999999999
Extreme weather predictions,party,Independent,distrust_post,38.65049999999999
Extreme weather predictions,party,Other,distrust_post,37.65049999999999
Extreme weather predictions,gender,Male,funding_perceptions,55.01475
Extreme weather predictions,gender,Female,funding_perceptions,59.51475
Extreme weather predictions,gender,Other,funding_perceptions,61.51475
Extreme weather predictions,age_band,18-29,funding_perceptions,61.02402777805
Extreme weather predictions,age_band,30-44,funding_perceptions,59.02402777805
Extreme weather predictions,age_band,45-59,funding_perceptions,56.02402777805
Extreme weather predictions,age_band,60+,funding_perceptions,54.52402777805
Extreme weather predictions,race,White / Caucasian,funding_perceptions,54.694388888899994
Extreme weather predictions,race,Black / African American,funding_perceptions,62.694388888899994
Extreme weather predictions,race,Hispanic / Latino,funding_perceptions,61.694388888899994
Extreme weather predictions,race,Asian / Asian American,funding_perceptions,58.694388888899994
Extreme weather predictions,race,Other,funding_perceptions,59.694388888899994
Extreme weather predictions,education,Less than high school,funding_perceptions,51.48199999999999
Extreme weather predictions,education,High school diploma / GED,funding_perceptions,54.48199999999999
Extreme weather predictions,education,Some college or Associate's degree,funding_perceptions,56.48199999999999
Extreme weather predictions,education,Bachelor's degree,funding_perceptions,60.48199999999999
Extreme weather predictions,education,Master's degree / Professional degree,funding_perceptions,63.48199999999999
Extreme weather predictions,education,Doctorate degree / Ph.D.,funding_perceptions,66.48199999999999
Extreme weather predictions,income,"Less than $30,000",funding_perceptions,53.43
Extreme weather predictions,income,"$30,000 to $55,999",funding_perceptions,55.43
Extreme weather predictions,income,"$56,000 to $99,999",funding_perceptions,57.43
Extreme weather predictions,income,"$100,000 to $167,999",funding_perceptions,59.43
Extreme weather predictions,income,"$168,000 or more",funding_perceptions,60.43
Extreme weather predictions,party,Republican,funding_perceptions,42.87649999999999
Extreme weather predictions,party,Democrat,funding_perceptions,75.92649999999999
Extreme weather predictions,party,Independent,funding_perceptions,54.87649999999999
Extreme weather predictions,party,Other,funding_perceptions,57.87649999999999
Extreme weather predictions,gender,Male,policy_role_mean,57.57424999999999
Extreme weather predictions,gender,Female,policy_role_mean,61.07424999999999
Extreme weather predictions,gender,Other,policy_role_mean,63.57424999999999
Extreme weather predictions,age_band,18-29,policy_role_mean,62.560333333600006
Extreme weather predictions,age_band,30-44,policy_role_mean,61.060333333600006
Extreme weather predictions,age_band,45-59,policy_role_mean,58.560333333600006
Extreme weather predictions,age_band,60+,policy_role_mean,56.560333333600006
Extreme weather predictions,race,White / Caucasian,policy_role_mean,57.616
Extreme weather predictions,race,Black / African American,policy_role_mean,63.616
Extreme weather predictions,race,Hispanic / Latino,policy_role_mean,61.616
Extreme weather predictions,race,Asian / Asian American,policy_role_mean,61.616
Extreme weather predictions,race,Other,policy_role_mean,59.616
Extreme weather predictions,education,Less than high school,policy_role_mean,53.888999999999996
Extreme weather predictions,education,High school diploma / GED,policy_role_mean,56.888999999999996
Extreme weather predictions,education,Some college or Associate's degree,policy_role_mean,58.888999999999996
Extreme weather predictions,education,Bachelor's degree,policy_role_mean,61.888999999999996
Extreme weather predictions,education,Master's degree / Professional degree,policy_role_mean,64.88900000000001
Extreme weather predictions,education,Doctorate degree / Ph.D.,policy_role_mean,67.88900000000001
Extreme weather predictions,income,"Less than $30,000",policy_role_mean,55.48
Extreme weather predictions,income,"$30,000 to $55,999",policy_role_mean,57.48
Extreme weather predictions,income,"$56,000 to $99,999",policy_role_mean,59.48
Extreme weather predictions,income,"$100,000 to $167,999",policy_role_mean,61.48
Extreme weather predictions,income,"$168,000 or more",policy_role_mean,62.48
Extreme weather predictions,party,Republican,policy_role_mean,44.267999999999994
Extreme weather predictions,party,Democrat,policy_role_mean,75.46799999999999
Extreme weather predictions,party,Independent,policy_role_mean,58.81799999999999
Extreme weather predictions,party,Other,policy_role_mean,60.31799999999999
Extreme weather predictions,gender,Male,inst_trust_mean,52.471000000000004
Extreme weather predictions,gender,Female,inst_trust_mean,54.471000000000004
Extreme weather predictions,gender,Other,inst_trust_mean,54.471000000000004
Extreme weather predictions,age_band,18-29,inst_trust_mean,53.2395555556
Extreme weather predictions,age_band,30-44,inst_trust_mean,54.2395555556
Extreme weather predictions,age_band,45-59,inst_trust_mean,53.2395555556
Extreme weather predictions,age_band,60+,inst_trust_mean,53.2395555556
Extreme weather predictions,race,White / Caucasian,inst_trust_mean,53.744388888900005
Extreme weather predictions,race,Black / African American,inst_trust_mean,53.744388888900005
Extreme weather predictions,race,Hispanic / Latino,inst_trust_mean,51.744388888900005
Extreme weather predictions,race,Asian / Asian American,inst_trust_mean,56.744388888900005
Extreme weather predictions,race,Other,inst_trust_mean,50.744388888900005
Extreme weather predictions,education,Less than high school,inst_trust_mean,47.772999999999996
Extreme weather predictions,education,High school diploma / GED,inst_trust_mean,50.772999999999996
Extreme weather predictions,education,Some college or Associate's degree,inst_trust_mean,52.772999999999996
Extreme weather predictions,education,Bachelor's degree,inst_trust_mean,56.772999999999996
Extreme weather predictions,education,Master's degree / Professional degree,inst_trust_mean,58.772999999999996
Extreme weather predictions,education,Doctorate degree / Ph.D.,inst_trust_mean,61.772999999999996
Extreme weather predictions,income,"Less than $30,000",inst_trust_mean,50.199999999999996
Extreme weather predictions,income,"$30,000 to $55,999",inst_trust_mean,51.199999999999996
Extreme weather predictions,income,"$56,000 to $99,999",inst_trust_mean,53.199999999999996
Extreme weather predictions,income,"$100,000 to $167,999",inst_trust_mean,55.199999999999996
Extreme weather predictions,income,"$168,000 or more",inst_trust_mean,57.199999999999996
Extreme weather predictions,party,Republican,inst_trust_mean,42.67999999999999
Extreme weather predictions,party,Democrat,inst_trust_mean,65.68
Extreme weather predictions,party,Independent,inst_trust_mean,52.67999999999999
Extreme weather predictions,party,Other,inst_trust_mean,53.67999999999999
Extreme weather predictions,gender,Male,belief_post,65.8575
Extreme weather predictions,gender,Female,belief_post,70.8575
Extreme weather predictions,gender,Other,belief_post,72.8575
Extreme weather predictions,age_band,18-29,belief_post,72.99694444469999
Extreme weather predictions,age_band,30-44,belief_post,69.99694444469999
Extreme weather predictions,age_band,45-59,belief_post,65.99694444469999
Extreme weather predictions,age_band,60+,belief_post,65.99694444469999
Extreme weather predictions,race,White / Caucasian,belief_post,65.94099999999999
Extreme weather predictions,race,Black / African American,belief_post,72.94099999999999
Extreme weather predictions,race,Hispanic / Latino,belief_post,71.94099999999999
Extreme weather predictions,race,Asian / Asian American,belief_post,73.94099999999999
Extreme weather predictions,race,Other,belief_post,66.94099999999999
Extreme weather predictions,education,Less than high school,belief_post,60.43599999999999
Extreme weather predictions,education,High school diploma / GED,belief_post,63.43599999999999
Extreme weather predictions,education,Some college or Associate's degree,belief_post,67.43599999999999
Extreme weather predictions,education,Bachelor's degree,belief_post,73.43599999999999
Extreme weather predictions,education,Master's degree / Professional degree,belief_post,77.43599999999999
Extreme weather predictions,education,Doctorate degree / Ph.D.,belief_post,81.43599999999999
Extreme weather predictions,income,"Less than $30,000",belief_post,62.870000000000005
Extreme weather predictions,income,"$30,000 to $55,999",belief_post,65.87
Extreme weather predictions,income,"$56,000 to $99,999",belief_post,68.87
Extreme weather predictions,income,"$100,000 to $167,999",belief_post,70.87
Extreme weather predictions,income,"$168,000 or more",belief_post,72.87
Extreme weather predictions,party,Republican,belief_post,49.4035
Extreme weather predictions,party,Democrat,belief_post,87.45349999999999
Extreme weather predictions,party,Independent,belief_post,68.45349999999999
Extreme weather predictions,party,Other,belief_post,69.45349999999999
Extreme weather predictions,gender,Male,concern_mean,58.592999999999996
Extreme weather predictions,gender,Female,concern_mean,64.593
Extreme weather predictions,gender,Other,concern_mean,66.593
Extreme weather predictions,age_band,18-29,concern_mean,65.5285000003
Extreme weather predictions,age_band,30-44,concern_mean,63.52850000029999
Extreme weather predictions,age_band,45-59,concern_mean,60.52850000029999
Extreme weather predictions,age_band,60+,concern_mean,58.52850000029999
Extreme weather predictions,race,White / Caucasian,concern_mean,59.182555555499995
Extreme weather predictions,race,Black / African American,concern_mean,66.1825555555
Extreme weather predictions,race,Hispanic / Latino,concern_mean,66.1825555555
Extreme weather predictions,race,Asian / Asian American,concern_mean,64.1825555555
Extreme weather predictions,race,Other,concern_mean,61.182555555499995
Extreme weather predictions,education,Less than high school,concern_mean,55.961999999999996
Extreme weather predictions,education,High school diploma / GED,concern_mean,58.461999999999996
Extreme weather predictions,education,Some college or Associate's degree,concern_mean,60.961999999999996
Extreme weather predictions,education,Bachelor's degree,concern_mean,64.96199999999999
Extreme weather predictions,education,Master's degree / Professional degree,concern_mean,67.96199999999999
Extreme weather predictions,education,Doctorate degree / Ph.D.,concern_mean,70.96199999999999
Extreme weather predictions,income,"Less than $30,000",concern_mean,57.699999999999996
Extreme weather predictions,income,"$30,000 to $55,999",concern_mean,59.699999999999996
Extreme weather predictions,income,"$56,000 to $99,999",concern_mean,61.199999999999996
Extreme weather predictions,income,"$100,000 to $167,999",concern_mean,63.699999999999996
Extreme weather predictions,income,"$168,000 or more",concern_mean,65.7
Extreme weather predictions,party,Republican,concern_mean,44.3735
Extreme weather predictions,party,Democrat,concern_mean,79.4235
Extreme weather predictions,party,Independent,concern_mean,61.423500000000004
Extreme weather predictions,party,Other,concern_mean,63.423500000000004
Extreme weather predictions,gender,Male,policy_general,61.162
Extreme weather predictions,gender,Female,policy_general,65.162
Extreme weather predictions,gender,Other,policy_general,68.162
Extreme weather predictions,age_band,18-29,policy_general,67.77091666704999
Extreme weather predictions,age_band,30-44,policy_general,65.77091666704999
Extreme weather predictions,age_band,45-59,policy_general,61.77091666705
Extreme weather predictions,age_band,60+,policy_general,59.27091666705
Extreme weather predictions,race,White / Caucasian,policy_general,60.2603333333
Extreme weather predictions,race,Black / African American,policy_general,69.7603333333
Extreme weather predictions,race,Hispanic / Latino,policy_general,67.7603333333
Extreme weather predictions,race,Asian / Asian American,policy_general,65.7603333333
Extreme weather predictions,race,Other,policy_general,63.7603333333
Extreme weather predictions,education,Less than high school,policy_general,55.709
Extreme weather predictions,education,High school diploma / GED,policy_general,59.709
Extreme weather predictions,education,Some college or Associate's degree,policy_general,62.709
Extreme weather predictions,education,Bachelor's degree,policy_general,66.709
Extreme weather predictions,education,Master's degree / Professional degree,policy_general,70.709
Extreme weather predictions,education,Doctorate degree / Ph.D.,policy_general,73.709
Extreme weather predictions,income,"Less than $30,000",policy_general,57.269999999999996
Extreme weather predictions,income,"$30,000 to $55,999",policy_general,60.269999999999996
Extreme weather predictions,income,"$56,000 to $99,999",policy_general,63.269999999999996
Extreme weather predictions,income,"$100,000 to $167,999",policy_general,66.27
Extreme weather predictions,income,"$168,000 or more",policy_general,68.27
Extreme weather predictions,party,Republican,policy_general,44.13999999999999
Extreme weather predictions,party,Democrat,policy_general,84.14
Extreme weather predictions,party,Independent,policy_general,62.13999999999999
Extreme weather predictions,party,Other,policy_general,65.14
Extreme weather predictions,gender,Male,policy_specific_mean,56.062
Extreme weather predictions,gender,Female,policy_specific_mean,60.062
Extreme weather predictions,gender,Other,policy_specific_mean,63.062
Extreme weather predictions,age_band,18-29,policy_specific_mean,62.51644444479999
Extreme weather predictions,age_band,30-44,policy_specific_mean,60.51644444479999
Extreme weather predictions,age_band,45-59,policy_specific_mean,56.51644444479999
Extreme weather predictions,age_band,60+,policy_specific_mean,54.51644444479999
Extreme weather predictions,race,White / Caucasian,policy_specific_mean,55.907888888799995
Extreme weather predictions,race,Black / African American,policy_specific_mean,62.907888888799995
Extreme weather predictions,race,Hispanic / Latino,policy_specific_mean,61.907888888799995
Extreme weather predictions,race,Asian / Asian American,policy_specific_mean,59.907888888799995
Extreme weather predictions,race,Other,policy_specific_mean,56.907888888799995
Extreme weather predictions,education,Less than high school,policy_specific_mean,51.925
Extreme weather predictions,education,High school diploma / GED,policy_specific_mean,54.925
Extreme weather predictions,education,Some college or Associate's degree,policy_specific_mean,56.925
Extreme weather predictions,education,Bachelor's degree,policy_specific_mean,61.925
Extreme weather predictions,education,Master's degree / Professional degree,policy_specific_mean,64.925
Extreme weather predictions,education,Doctorate degree / Ph.D.,policy_specific_mean,67.925
Extreme weather predictions,income,"Less than $30,000",policy_specific_mean,54.26999999999999
Extreme weather predictions,income,"$30,000 to $55,999",policy_specific_mean,56.26999999999999
Extreme weather predictions,income,"$56,000 to $99,999",policy_specific_mean,57.26999999999999
Extreme weather predictions,income,"$100,000 to $167,999",policy_specific_mean,60.26999999999999
Extreme weather predictions,income,"$168,000 or more",policy_specific_mean,62.26999999999999
Extreme weather predictions,party,Republican,policy_specific_mean,39.6
Extreme weather predictions,party,Democrat,policy_specific_mean,77.6
Extreme weather predictions,party,Independent,policy_specific_mean,57.6
Extreme weather predictions,party,Other,policy_specific_mean,58.6
Extreme weather predictions,gender,Male,behavior_mean,53.933
Extreme weather predictions,gender,Female,behavior_mean,59.933
Extreme weather predictions,gender,Other,behavior_mean,62.933
Extreme weather predictions,age_band,18-29,behavior_mean,62.21483333369999
Extreme weather predictions,age_band,30-44,behavior_mean,59.21483333369999
Extreme weather predictions,age_band,45-59,behavior_mean,55.21483333369999
Extreme weather predictions,age_band,60+,behavior_mean,53.21483333369999
Extreme weather predictions,race,White / Caucasian,behavior_mean,54.6948333333
Extreme weather predictions,race,Black / African American,behavior_mean,60.6948333333
Extreme weather predictions,race,Hispanic / Latino,behavior_mean,61.6948333333
Extreme weather predictions,race,Asian / Asian American,behavior_mean,58.6948333333
Extreme weather predictions,race,Other,behavior_mean,57.6948333333
Extreme weather predictions,education,Less than high school,behavior_mean,50.56499999999999
Extreme weather predictions,education,High school diploma / GED,behavior_mean,53.56499999999999
Extreme weather predictions,education,Some college or Associate's degree,behavior_mean,56.56499999999999
Extreme weather predictions,education,Bachelor's degree,behavior_mean,60.56499999999999
Extreme weather predictions,education,Master's degree / Professional degree,behavior_mean,63.56499999999999
Extreme weather predictions,education,Doctorate degree / Ph.D.,behavior_mean,65.56499999999998
Extreme weather predictions,income,"Less than $30,000",behavior_mean,52.48999999999999
Extreme weather predictions,income,"$30,000 to $55,999",behavior_mean,54.48999999999999
Extreme weather predictions,income,"$56,000 to $99,999",behavior_mean,57.48999999999999
Extreme weather predictions,income,"$100,000 to $167,999",behavior_mean,59.48999999999999
Extreme weather predictions,income,"$168,000 or more",behavior_mean,60.48999999999999
Extreme weather predictions,party,Republican,behavior_mean,40.47999999999999
Extreme weather predictions,party,Democrat,behavior_mean,74.48
Extreme weather predictions,party,Independent,behavior_mean,56.47999999999999
Extreme weather predictions,party,Other,behavior_mean,59.47999999999999
Extreme weather predictions,gender,Male,donation_ams,3.5981000000000005
Extreme weather predictions,gender,Female,donation_ams,3.7981
Extreme weather predictions,gender,Other,donation_ams,3.6981
Extreme weather predictions,age_band,18-29,donation_ams,3.40183888887
Extreme weather predictions,age_band,30-44,donation_ams,3.60183888887
Extreme weather predictions,age_band,45-59,donation_ams,3.8018388888699994
Extreme weather predictions,age_band,60+,donation_ams,3.90183888887
Extreme weather predictions,race,White / Caucasian,donation_ams,3.7273222222299998
Extreme weather predictions,race,Black / African American,donation_ams,3.62732222223
Extreme weather predictions,race,Hispanic / Latino,donation_ams,3.5273222222299996
Extreme weather predictions,race,Asian / Asian American,donation_ams,4.127322222229999
Extreme weather predictions,race,Other,donation_ams,3.5273222222299996
Extreme weather predictions,education,Less than high school,donation_ams,3.1176000000000004
Extreme weather predictions,education,High school diploma / GED,donation_ams,3.3175999999999997
Extreme weather predictions,education,Some college or Associate's degree,donation_ams,3.6176000000000004
Extreme weather predictions,education,Bachelor's degree,donation_ams,4.1175999999999995
Extreme weather predictions,education,Master's degree / Professional degree,donation_ams,4.3176
Extreme weather predictions,education,Doctorate degree / Ph.D.,donation_ams,4.6175999999999995
Extreme weather predictions,income,"Less than $30,000",donation_ams,3.0179999999999993
Extreme weather predictions,income,"$30,000 to $55,999",donation_ams,3.317999999999999
Extreme weather predictions,income,"$56,000 to $99,999",donation_ams,3.7179999999999995
Extreme weather predictions,income,"$100,000 to $167,999",donation_ams,4.018
Extreme weather predictions,income,"$168,000 or more",donation_ams,4.3180000000000005
Extreme weather predictions,party,Republican,donation_ams,2.9079999999999995
Extreme weather predictions,party,Democrat,donation_ams,4.808
Extreme weather predictions,party,Independent,donation_ams,3.508
Extreme weather predictions,party,Other,donation_ams,3.808
Extreme weather predictions,gender,Male,newsletter_signup,0.17922
Extreme weather predictions,gender,Female,newsletter_signup,0.21921999999999997
Extreme weather predictions,gender,Other,newsletter_signup,0.23922
Extreme weather predictions,age_band,18-29,newsletter_signup,0.24675388889299996
Extreme weather predictions,age_band,30-44,newsletter_signup,0.226753888893
Extreme weather predictions,age_band,45-59,newsletter_signup,0.18675388889299996
Extreme weather predictions,age_band,60+,newsletter_signup,0.156753888893
Extreme weather predictions,race,White / Caucasian,newsletter_signup,0.17521944444399998
Extreme weather predictions,race,Black / African American,newsletter_signup,0.24521944444399998
Extreme weather predictions,race,Hispanic / Latino,newsletter_signup,0.24521944444399998
Extreme weather predictions,race,Asian / Asian American,newsletter_signup,0.215219444444
Extreme weather predictions,race,Other,newsletter_signup,0.205219444444
Extreme weather predictions,education,Less than high school,newsletter_signup,0.15403999999999998
Extreme weather predictions,education,High school diploma / GED,newsletter_signup,0.17404
Extreme weather predictions,education,Some college or Associate's degree,newsletter_signup,0.19404000000000002
Extreme weather predictions,education,Bachelor's degree,newsletter_signup,0.22404
Extreme weather predictions,education,Master's degree / Professional degree,newsletter_signup,0.25404
Extreme weather predictions,education,Doctorate degree / Ph.D.,newsletter_signup,0.27404
Extreme weather predictions,income,"Less than $30,000",newsletter_signup,0.15439999999999998
Extreme weather predictions,income,"$30,000 to $55,999",newsletter_signup,0.1744
Extreme weather predictions,income,"$56,000 to $99,999",newsletter_signup,0.20439999999999997
Extreme weather predictions,income,"$100,000 to $167,999",newsletter_signup,0.2244
Extreme weather predictions,income,"$168,000 or more",newsletter_signup,0.2344
Extreme weather predictions,party,Republican,newsletter_signup,0.1217
Extreme weather predictions,party,Democrat,newsletter_signup,0.29169999999999996
Extreme weather predictions,party,Independent,newsletter_signup,0.1917
Extreme weather predictions,party,Other,newsletter_signup,0.21170000000000003
